{
	"credit": "Made with Blockbench",
	"parent": "minecraft:block/door_bottom",
	"textures": {
		"1": "block/acacia_door_top",
		"2": "block/door_doorknob",
		"particle": "block/acacia_door_top",
		"bottom": "block/acacia_door_bottom"
	},
	"elements": [
		{
			"from": [0, 0, 0],
			"to": [3, 3, 16],
			"faces": {
				"east": {"uv": [16, 13, 0, 16], "texture": "#bottom"},
				"west": {"uv": [0, 13, 16, 16], "texture": "#bottom", "cullface": "west"},
				"up": {"uv": [0, 13, 16, 14], "rotation": 90, "texture": "#bottom"},
				"down": {"uv": [16, 15, 0, 16], "rotation": 90, "texture": "#bottom", "cullface": "down"}
			}
		},
		{
			"from": [0, 0, 0],
			"to": [3, 16, 2],
			"faces": {
				"north": {"uv": [0, 0, 1, 16], "texture": "#bottom", "cullface": "north"},
				"east": {"uv": [2, 0, 0, 16], "texture": "#bottom"},
				"south": {"uv": [2, 0, 3, 16], "texture": "#bottom"},
				"west": {"uv": [0, 0, 2, 16], "texture": "#bottom", "cullface": "west"}
			}
		},
		{
			"from": [0.7, 3, 5],
			"to": [2.3, 16, 7],
			"faces": {
				"north": {"uv": [5, 0, 6, 13], "texture": "#bottom"},
				"east": {"uv": [7, 0, 5, 13], "texture": "#bottom"},
				"south": {"uv": [6, 0, 7, 13], "texture": "#bottom"},
				"west": {"uv": [5, 0, 7, 13], "texture": "#bottom"}
			}
		},
		{
			"from": [0.7, 3, 9],
			"to": [2.3, 16, 11],
			"faces": {
				"north": {"uv": [9, 0, 10, 13], "texture": "#bottom"},
				"east": {"uv": [11, 0, 9, 13], "texture": "#bottom"},
				"south": {"uv": [10, 0, 11, 13], "texture": "#bottom"},
				"west": {"uv": [9, 0, 11, 13], "texture": "#bottom"}
			}
		},
		{
			"from": [0.7, 3, 2],
			"to": [2.3, 16, 3],
			"faces": {
				"east": {"uv": [2, 0, 3, 13], "texture": "#bottom"},
				"south": {"uv": [2, 0, 3, 13], "texture": "#bottom"},
				"west": {"uv": [2, 0, 3, 13], "texture": "#bottom"}
			}
		},
		{
			"from": [0.7, 3, 13],
			"to": [2.3, 16, 14],
			"faces": {
				"north": {"uv": [13, 0, 14, 13], "texture": "#bottom"},
				"east": {"uv": [13, 0, 14, 13], "texture": "#bottom"},
				"west": {"uv": [13, 0, 14, 13], "texture": "#bottom"}
			}
		},
		{
			"from": [0, 0, 14],
			"to": [3, 16, 16],
			"faces": {
				"north": {"uv": [14, 0, 15, 16], "texture": "#bottom"},
				"east": {"uv": [16, 0, 14, 16], "texture": "#bottom"},
				"south": {"uv": [15, 0, 16, 16], "texture": "#bottom", "cullface": "south"},
				"west": {"uv": [14, 0, 16, 16], "texture": "#bottom", "cullface": "west"}
			}
		},
		{
			"from": [0.7, 15, 0],
			"to": [2.3, 16, 16],
			"faces": {
				"east": {"uv": [16, 0, 0, 1], "texture": "#bottom"},
				"west": {"uv": [0, 0, 16, 1], "texture": "#bottom", "cullface": "west"},
				"down": {"uv": [16, 0, 0, 1], "rotation": 90, "texture": "#bottom"}
			}
		},
		{
			"from": [-1, 15, 14],
			"to": [4, 16, 15],
			"faces": {
				"north": {"uv": [14, 0, 15, 1], "texture": "#bottom"},
				"east": {"uv": [14, 0, 15, 1], "texture": "#bottom"},
				"south": {"uv": [14, 0, 15, 1], "texture": "#bottom"},
				"west": {"uv": [14, 0, 15, 1], "texture": "#bottom", "cullface": "west"},
				"down": {"uv": [14, 0, 15, 1], "texture": "#bottom"}
			}
		},
		{
			"from": [0.7, 16, 0],
			"to": [2.3, 17, 16],
			"faces": {
				"east": {"uv": [16, 15, 0, 16], "texture": "#1", "cullface": "up"},
				"west": {"uv": [0, 15, 16, 16], "texture": "#1", "cullface": "west"},
				"up": {"uv": [0, 15, 16, 16], "rotation": 90, "texture": "#1", "cullface": "up"}
			}
		},
		{
			"from": [-1, 16, 12],
			"to": [4, 17, 15],
			"faces": {
				"north": {"uv": [0, 6, 5, 7], "texture": "#2", "cullface": "up"},
				"east": {"uv": [4, 7, 5, 4], "rotation": 90, "texture": "#2", "cullface": "up"},
				"south": {"uv": [0, 4, 5, 5], "texture": "#2", "cullface": "up"},
				"west": {"uv": [0, 4, 1, 7], "rotation": 90, "texture": "#2", "cullface": "west"},
				"up": {"uv": [5, 7, 0, 4], "texture": "#2", "cullface": "up"},
				"down": {"uv": [0, 4, 5, 7], "texture": "#2", "cullface": "up"}
			}
		},
		{
			"from": [0, 16, 0],
			"to": [3, 32, 2],
			"faces": {
				"north": {"uv": [0, 0, 1, 16], "texture": "#1", "cullface": "north"},
				"east": {"uv": [2, 0, 0, 16], "texture": "#1", "cullface": "up"},
				"south": {"uv": [1, 0, 2, 16], "texture": "#1", "cullface": "up"},
				"west": {"uv": [0, 0, 2, 16], "texture": "#1", "cullface": "west"}
			}
		},
		{
			"from": [0, 16, 14],
			"to": [3, 32, 16],
			"faces": {
				"north": {"uv": [14, 0, 15, 16], "texture": "#1", "cullface": "up"},
				"east": {"uv": [16, 0, 14, 16], "texture": "#1", "cullface": "up"},
				"south": {"uv": [15, 0, 16, 16], "texture": "#1", "cullface": "up"},
				"west": {"uv": [14, 0, 16, 16], "texture": "#1", "cullface": "west"}
			}
		},
		{
			"from": [0.7, 17, 2],
			"to": [2.3, 32, 3],
			"faces": {
				"east": {"uv": [2, 0, 3, 15], "texture": "#1", "cullface": "up"},
				"south": {"uv": [2, 0, 3, 15], "texture": "#1", "cullface": "up"},
				"west": {"uv": [2, 0, 3, 15], "texture": "#1", "cullface": "up"}
			}
		},
		{
			"from": [0.7, 17, 13],
			"to": [2.3, 32, 14],
			"faces": {
				"north": {"uv": [13, 0, 14, 15], "texture": "#1", "cullface": "up"},
				"east": {"uv": [13, 0, 14, 15], "texture": "#1", "cullface": "up"},
				"west": {"uv": [13, 0, 14, 15], "texture": "#1", "cullface": "up"}
			}
		},
		{
			"from": [0.7, 17, 5],
			"to": [2.3, 32, 7],
			"faces": {
				"north": {"uv": [5, 0, 6, 15], "texture": "#1", "cullface": "up"},
				"east": {"uv": [7, 0, 5, 15], "texture": "#1", "cullface": "up"},
				"south": {"uv": [6, 0, 7, 15], "texture": "#1", "cullface": "up"},
				"west": {"uv": [5, 0, 7, 15], "texture": "#1", "cullface": "up"}
			}
		},
		{
			"from": [0.7, 17, 9],
			"to": [2.3, 32, 11],
			"faces": {
				"north": {"uv": [9, 0, 10, 15], "texture": "#1", "cullface": "up"},
				"east": {"uv": [11, 0, 9, 15], "texture": "#1", "cullface": "up"},
				"south": {"uv": [10, 0, 11, 15], "texture": "#1", "cullface": "up"},
				"west": {"uv": [9, 0, 11, 15], "texture": "#1", "cullface": "up"}
			}
		},
		{
			"from": [0, 30, 0],
			"to": [3, 32, 16],
			"faces": {
				"east": {"uv": [16, 0, 0, 2], "texture": "#1", "cullface": "up"},
				"west": {"uv": [0, 0, 16, 2], "texture": "#1", "cullface": "west"},
				"up": {"uv": [0, 0, 16, 1], "rotation": 90, "texture": "#1", "cullface": "up"},
				"down": {"uv": [0, 1, 16, 2], "rotation": 90, "texture": "#1", "cullface": "up"}
			}
		}
	],
	"display": {
		"thirdperson_righthand": {
			"rotation": [0, -90, 0],
			"translation": [0, 0.5, 2],
			"scale": [0.15, 0.15, 0.15]
		},
		"thirdperson_lefthand": {
			"rotation": [0, -90, 0],
			"translation": [0, 0.5, 0],
			"scale": [0.15, 0.15, 0.15]
		},
		"firstperson_righthand": {
			"rotation": [0, 90, 0],
			"translation": [-0.5, 0.75, -1],
			"scale": [0.3, 0.3, 0.3]
		},
		"firstperson_lefthand": {
			"rotation": [0, 90, 0],
			"translation": [-0.5, 0.75, 1],
			"scale": [0.3, 0.3, 0.3]
		},
		"ground": {
			"rotation": [0, 0, 90],
			"translation": [1.5, 3, 0],
			"scale": [0.25, 0.25, 0.25]
		},
		"gui": {
			"rotation": [30, -45, 0],
			"translation": [2.25, -4.25, 0],
			"scale": [0.44, 0.44, 0.44]
		},
		"head": {
			"translation": [-5, 0.75, 0],
			"scale": [0.3, 0.3, 0.3]
		},
		"fixed": {
			"rotation": [0, -90, 0],
			"translation": [0, -3, 2.25],
			"scale": [0.5, 0.5, 0.5]
		}
	}
}