{
	"credit": "Made with Blockbench",
	"textures": {
		"1": "entity/bell/bell_body",
		"2": "block/dark_oak_planks",
		"particle": "entity/bell/bell_body"
	},
	"elements": [
		{
			"name": "body",
			"from": [4, 4, 4],
			"to": [12, 6, 12],
			"faces": {
				"north": {"uv": [4, 10.5, 8, 11.5], "texture": "#1"},
				"east": {"uv": [0, 10.5, 4, 11.5], "texture": "#1"},
				"south": {"uv": [12, 10.5, 16, 11.5], "texture": "#1"},
				"west": {"uv": [8, 10.5, 12, 11.5], "texture": "#1"},
				"up": {"uv": [8, 10.5, 4, 6.5], "texture": "#1"},
				"down": {"uv": [12, 6.5, 8, 10.5], "texture": "#1"}
			}
		},
		{
			"name": "body",
			"from": [5, 6, 5],
			"to": [11, 13, 11],
			"faces": {
				"north": {"uv": [3, 3, 6, 6.5], "texture": "#1"},
				"east": {"uv": [0, 3, 3, 6.5], "texture": "#1"},
				"south": {"uv": [9, 3, 12, 6.5], "texture": "#1"},
				"west": {"uv": [6, 3, 9, 6.5], "texture": "#1"},
				"up": {"uv": [6, 3, 3, 0], "texture": "#1"},
				"down": {"uv": [9, 0, 6, 3], "texture": "#1"}
			}
		},
		{
			"from": [0, 13, 7],
			"to": [16, 15, 9],
			"faces": {
				"north": {"uv": [0, 5.5, 16, 7.5], "texture": "#2"},
				"east": {"uv": [14, 9, 16, 11], "texture": "#2", "cullface": "east"},
				"south": {"uv": [0, 5.5, 16, 7.5], "texture": "#2"},
				"west": {"uv": [0, 5.5, 2, 7.5], "texture": "#2", "cullface": "west"},
				"up": {"uv": [0, 5.5, 16, 7.5], "texture": "#2"},
				"down": {"uv": [0, 5.5, 16, 7.5], "texture": "#2"}
			}
		}
	],
	"display": {
		"thirdperson_righthand": {
			"rotation": [75, 45, 0],
			"translation": [0, 2.5, 0],
			"scale": [0.375, 0.375, 0.375]
		},
		"thirdperson_lefthand": {
			"rotation": [75, 45, 0],
			"translation": [0, 2.5, 0],
			"scale": [0.375, 0.375, 0.375]
		},
		"firstperson_righthand": {
			"rotation": [0, 125, 0],
			"translation": [0, 0.75, 0],
			"scale": [0.4, 0.4, 0.4]
		},
		"firstperson_lefthand": {
			"rotation": [0, 125, 0],
			"translation": [0, 0.75, 0],
			"scale": [0.4, 0.4, 0.4]
		},
		"ground": {
			"translation": [0, 3, 0],
			"scale": [0.25, 0.25, 0.25]
		},
		"gui": {
			"rotation": [30, 225, 0],
			"translation": [0, -1, 0],
			"scale": [0.65, 0.65, 0.65]
		},
		"fixed": {
			"scale": [0.5, 0.5, 0.5]
		}
	}
}