{
	"credit": "Made with Blockbench",
	"parent": "minecraft:block/door_bottom",
	"textures": {
		"1": "block/birch_door_top",
		"bottom": "block/birch_door_bottom",
		"particle": "block/birch_door_top"
	},
	"elements": [
		{
			"from": [0, 0, 0],
			"to": [3, 11, 16],
			"faces": {
				"east": {"uv": [16, 5, 0, 16], "texture": "#bottom"},
				"west": {"uv": [0, 5, 16, 16], "texture": "#bottom", "cullface": "west"},
				"up": {"uv": [0, 5, 16, 6], "rotation": 90, "texture": "#bottom"},
				"down": {"uv": [16, 15, 0, 16], "rotation": 90, "texture": "#bottom", "cullface": "down"}
			}
		},
		{
			"from": [0, 0, 0],
			"to": [3, 16, 2],
			"faces": {
				"north": {"uv": [0, 0, 1, 16], "texture": "#bottom", "cullface": "north"},
				"east": {"uv": [2, 0, 0, 16], "texture": "#bottom"},
				"south": {"uv": [1, 0, 2, 16], "texture": "#bottom"},
				"west": {"uv": [0, 0, 2, 16], "texture": "#bottom", "cullface": "west"}
			}
		},
		{
			"from": [0, 0, 14],
			"to": [3, 16, 16],
			"faces": {
				"north": {"uv": [14, 0, 15, 16], "texture": "#bottom"},
				"east": {"uv": [16, 0, 14, 16], "texture": "#bottom"},
				"south": {"uv": [15, 0, 16, 16], "texture": "#bottom", "cullface": "south"},
				"west": {"uv": [14, 0, 16, 16], "texture": "#bottom", "cullface": "west"}
			}
		},
		{
			"from": [0.7, 11, 2],
			"to": [2.3, 12, 14],
			"faces": {
				"east": {"uv": [14, 4, 2, 5], "texture": "#bottom"},
				"west": {"uv": [2, 4, 14, 5], "texture": "#bottom"},
				"up": {"uv": [2, 4, 14, 5], "rotation": 90, "texture": "#bottom"}
			}
		},
		{
			"from": [0.7, 11, 2],
			"to": [2.3, 16, 3],
			"faces": {
				"east": {"uv": [2, 0, 3, 5], "texture": "#bottom"},
				"south": {"uv": [2, 0, 3, 5], "texture": "#bottom"},
				"west": {"uv": [2, 0, 3, 5], "texture": "#bottom"}
			}
		},
		{
			"from": [0.7, 11, 13],
			"to": [2.2, 16, 14],
			"faces": {
				"north": {"uv": [13, 0, 14, 5], "texture": "#bottom"},
				"east": {"uv": [13, 0, 14, 5], "texture": "#bottom"},
				"west": {"uv": [13, 0, 14, 5], "texture": "#bottom"}
			}
		},
		{
			"from": [1.3, 12, 3],
			"to": [1.7, 16, 13],
			"faces": {
				"east": {"uv": [3, 0, 13, 4], "texture": "#bottom"},
				"west": {"uv": [3, 0, 13, 4], "texture": "#bottom"}
			}
		},
		{
			"from": [0, 16, 0],
			"to": [3, 32, 2],
			"faces": {
				"north": {"uv": [0, 0, 1, 16], "texture": "#1", "cullface": "north"},
				"east": {"uv": [2, 0, 0, 16], "texture": "#1", "cullface": "up"},
				"south": {"uv": [1, 0, 2, 16], "texture": "#1", "cullface": "up"},
				"west": {"uv": [0, 0, 2, 16], "texture": "#1", "cullface": "west"}
			}
		},
		{
			"from": [0, 16, 14],
			"to": [3, 32, 16],
			"faces": {
				"north": {"uv": [14, 0, 15, 16], "texture": "#1", "cullface": "up"},
				"east": {"uv": [16, 0, 14, 16], "texture": "#1", "cullface": "up"},
				"south": {"uv": [15, 0, 16, 16], "texture": "#1", "cullface": "up"},
				"west": {"uv": [14, 0, 16, 16], "texture": "#1", "cullface": "west"}
			}
		},
		{
			"from": [0.7, 16, 2],
			"to": [2.3, 32, 3],
			"faces": {
				"east": {"uv": [2, 0, 3, 16], "texture": "#1", "cullface": "up"},
				"south": {"uv": [3, 0, 2, 16], "texture": "#1", "cullface": "up"},
				"west": {"uv": [2, 0, 3, 16], "texture": "#1", "cullface": "up"}
			}
		},
		{
			"from": [0.7, 29, 2],
			"to": [2.3, 30, 14],
			"faces": {
				"east": {"uv": [14, 2, 2, 3], "texture": "#1", "cullface": "up"},
				"west": {"uv": [2, 2, 14, 3], "texture": "#1", "cullface": "up"},
				"down": {"uv": [2, 2, 14, 3], "rotation": 90, "texture": "#1", "cullface": "up"}
			}
		},
		{
			"from": [0.7, 16, 13],
			"to": [2.3, 32, 14],
			"faces": {
				"north": {"uv": [13, 0, 14, 16], "texture": "#1", "cullface": "up"},
				"east": {"uv": [13, 0, 14, 16], "texture": "#1", "cullface": "up"},
				"west": {"uv": [13, 0, 14, 16], "texture": "#1", "cullface": "up"},
				"down": {"uv": [0, 0, 0, 0], "texture": "#1", "cullface": "up"}
			}
		},
		{
			"from": [0, 30, 0],
			"to": [3, 32, 16],
			"faces": {
				"east": {"uv": [16, 0, 0, 2], "texture": "#1", "cullface": "up"},
				"west": {"uv": [0, 0, 16, 2], "texture": "#1", "cullface": "west"},
				"up": {"uv": [0, 0, 16, 1], "rotation": 90, "texture": "#1", "cullface": "up"},
				"down": {"uv": [16, 1, 0, 2], "rotation": 90, "texture": "#1", "cullface": "up"}
			}
		},
		{
			"from": [1.3, 16, 3],
			"to": [1.7, 29, 13],
			"faces": {
				"east": {"uv": [13, 3, 3, 16], "texture": "#1", "cullface": "up"},
				"west": {"uv": [3, 3, 13, 16], "texture": "#1", "cullface": "up"}
			}
		},
		{
			"from": [-1, 16, 14],
			"to": [4, 18, 15],
			"faces": {
				"north": {"uv": [14, 14, 15, 16], "texture": "#1", "cullface": "up"},
				"east": {"uv": [14, 14, 15, 16], "texture": "#1", "cullface": "up"},
				"south": {"uv": [14, 14, 15, 16], "texture": "#1", "cullface": "up"},
				"west": {"uv": [14, 14, 15, 16], "texture": "#1", "cullface": "west"},
				"up": {"uv": [14, 14, 15, 15], "texture": "#1", "cullface": "up"},
				"down": {"uv": [14, 15, 15, 16], "texture": "#1", "cullface": "up"}
			}
		}
	],
	"display": {
		"thirdperson_righthand": {
			"rotation": [0, -90, 0],
			"translation": [0, 0.5, 2],
			"scale": [0.15, 0.15, 0.15]
		},
		"thirdperson_lefthand": {
			"rotation": [0, -90, 0],
			"translation": [0, 0.5, 0],
			"scale": [0.15, 0.15, 0.15]
		},
		"firstperson_righthand": {
			"rotation": [0, 90, 0],
			"translation": [-0.5, 0.75, -1],
			"scale": [0.3, 0.3, 0.3]
		},
		"firstperson_lefthand": {
			"rotation": [0, 90, 0],
			"translation": [-0.5, 0.75, 1],
			"scale": [0.3, 0.3, 0.3]
		},
		"ground": {
			"rotation": [0, 0, 90],
			"translation": [1.5, 3, 0],
			"scale": [0.25, 0.25, 0.25]
		},
		"gui": {
			"rotation": [30, -45, 0],
			"translation": [2.25, -4.25, 0],
			"scale": [0.44, 0.44, 0.44]
		},
		"head": {
			"translation": [-5, 0.75, 0],
			"scale": [0.3, 0.3, 0.3]
		},
		"fixed": {
			"rotation": [0, -90, 0],
			"translation": [0, -3, 2.25],
			"scale": [0.5, 0.5, 0.5]
		}
	}
}