{
	"credit": "Made with Blockbench",
	"texture_size": [64, 64],
	"textures": {
		"0": "entity/minecart",
		"1": "entity/chest/normal",
		"particle": "entity/minecart"
	},
	"elements": [
		{
			"from": [0, 0, -2],
			"to": [16, 2, 18],
			"faces": {
				"north": {"uv": [0, 6, 0.5, 14], "rotation": 90, "texture": "#0"},
				"east": {"uv": [5.5, 5, 10.5, 6], "texture": "#0"},
				"south": {"uv": [5.5, 6, 6, 14], "rotation": 90, "texture": "#0"},
				"west": {"uv": [0.5, 5, 5.5, 6], "texture": "#0"},
				"up": {"uv": [6, 6, 11, 14], "rotation": 90, "texture": "#0"},
				"down": {"uv": [0.5, 6, 5.5, 14], "rotation": 90, "texture": "#0"}
			}
		},
		{
			"from": [0, 2, 16],
			"to": [16, 10, 18],
			"faces": {
				"north": {"uv": [0.5, 1, 4.5, 5], "texture": "#0"},
				"east": {"uv": [0, 1, 0.5, 5], "texture": "#0"},
				"south": {"uv": [5, 1, 9, 5], "texture": "#0"},
				"west": {"uv": [4.5, 1, 5, 5], "texture": "#0"},
				"up": {"uv": [0.5, 1, 4.5, 0], "texture": "#0"}
			}
		},
		{
			"from": [0, 2, -2],
			"to": [16, 10, 0],
			"faces": {
				"north": {"uv": [5, 1, 9, 5], "texture": "#0"},
				"east": {"uv": [4.5, 1, 5, 5], "texture": "#0"},
				"south": {"uv": [0.5, 1, 4.5, 5], "texture": "#0"},
				"west": {"uv": [0, 1, 0.5, 5], "texture": "#0"},
				"up": {"uv": [0.5, 0, 4.5, 1], "texture": "#0"}
			}
		},
		{
			"from": [0, 2, 0],
			"to": [2, 10, 16],
			"faces": {
				"east": {"uv": [0.5, 1, 4.5, 5], "texture": "#0"},
				"west": {"uv": [5, 1, 9, 5], "texture": "#0"},
				"up": {"uv": [0.5, 1, 4.5, 0], "rotation": 90, "texture": "#0"}
			}
		},
		{
			"from": [14, 2, 0],
			"to": [16, 10, 16],
			"faces": {
				"east": {"uv": [5, 1, 9, 5], "texture": "#0"},
				"west": {"uv": [0.5, 1, 4.5, 5], "texture": "#0"},
				"up": {"uv": [0.5, 0, 4.5, 1], "rotation": 90, "texture": "#0"}
			}
		},
		{
			"from": [2.5, 3, 2.5],
			"to": [13.5, 11, 13.5],
			"faces": {
				"north": {"uv": [10.5, 8.25, 14, 10.75], "rotation": 180, "texture": "#1"},
				"east": {"uv": [7, 8.25, 10.5, 10.75], "rotation": 180, "texture": "#1"},
				"south": {"uv": [3.5, 8.25, 7, 10.75], "rotation": 180, "texture": "#1"},
				"west": {"uv": [0, 8.25, 3.5, 10.75], "rotation": 180, "texture": "#1"}
			}
		},
		{
			"from": [2.5, 11, 2.5],
			"to": [13.5, 14, 13.5],
			"faces": {
				"north": {"uv": [10.5, 4.75, 14, 3.5], "texture": "#1"},
				"east": {"uv": [0, 4.75, 3.5, 3.5], "texture": "#1"},
				"south": {"uv": [3.5, 4.75, 7, 3.5], "texture": "#1"},
				"west": {"uv": [7, 4.75, 10.5, 3.5], "texture": "#1"},
				"up": {"uv": [7, 0, 10.5, 3.5], "texture": "#1"},
				"down": {"uv": [0, 0, 2.75, 2.75], "texture": "#missing"}
			}
		},
		{
			"from": [7.2, 9.5, 1.6],
			"to": [8.8, 12.8, 2.6],
			"faces": {
				"north": {"uv": [0.25, 1.25, 0.75, 0.25], "texture": "#1"},
				"east": {"uv": [0.25, 1.25, 0, 0.275], "texture": "#1"},
				"south": {"uv": [0, 0, 0.4, 0.825], "texture": "#missing"},
				"west": {"uv": [1.25, 0.25, 1.5, 1.25], "texture": "#1"},
				"up": {"uv": [0.25, 0, 0.75, 0.25], "texture": "#1"}
			}
		}
	],
	"display": {
		"thirdperson_righthand": {
			"rotation": [75, 45, 0],
			"translation": [0, 2.5, 0],
			"scale": [0.375, 0.375, 0.375]
		},
		"thirdperson_lefthand": {
			"rotation": [75, 45, 0],
			"translation": [0, 2.5, 0],
			"scale": [0.375, 0.375, 0.375]
		},
		"firstperson_righthand": {
			"rotation": [0, 45, 0],
			"scale": [0.4, 0.4, 0.4]
		},
		"firstperson_lefthand": {
			"rotation": [0, 225, 0],
			"scale": [0.4, 0.4, 0.4]
		},
		"ground": {
			"translation": [0, 3, 0],
			"scale": [0.25, 0.25, 0.25]
		},
		"gui": {
			"rotation": [30, 225, 0],
			"scale": [0.55, 0.55, 0.54]
		},
		"head": {
			"rotation": [0, 180, 0],
			"translation": [0, 1, 0]
		},
		"fixed": {
			"scale": [0.5, 0.5, 0.5]
		}
	}
}