{
	"credit": "Made with Blockbench",
	"parent": "minecraft:block/door_top",
	"textures": {
		"1": "block/crimson_door_bottom",
		"top": "block/crimson_door_top",
		"particle": "block/crimson_door_bottom"
	},
	"elements": [
		{
			"from": [0.7, 16, 0],
			"to": [2.3, 32, 16],
			"faces": {
				"east": {"uv": [16, 0, 0, 16], "texture": "#top", "cullface": "up"},
				"west": {"uv": [0, 0, 16, 16], "texture": "#top", "cullface": "up"},
				"up": {"uv": [0, 0, 16, 1], "rotation": 90, "texture": "#top", "cullface": "up"}
			}
		},
		{
			"from": [0, 16, 0],
			"to": [3, 32, 4],
			"faces": {
				"north": {"uv": [0, 0, 1, 16], "texture": "#top", "cullface": "north"},
				"east": {"uv": [4, 0, 0, 16], "texture": "#top", "cullface": "up"},
				"south": {"uv": [3, 0, 4, 16], "texture": "#top", "cullface": "up"},
				"west": {"uv": [0, 0, 4, 16], "texture": "#top", "cullface": "west"},
				"up": {"uv": [0, 0, 4, 1], "rotation": 90, "texture": "#top", "cullface": "up"}
			}
		},
		{
			"from": [0, 16, 12],
			"to": [3, 32, 16],
			"faces": {
				"north": {"uv": [12, 0, 13, 16], "texture": "#top", "cullface": "up"},
				"east": {"uv": [16, 0, 12, 16], "texture": "#top", "cullface": "up"},
				"south": {"uv": [15, 0, 16, 16], "texture": "#top", "cullface": "up"},
				"west": {"uv": [12, 0, 16, 16], "texture": "#top", "cullface": "west"},
				"up": {"uv": [12, 0, 16, 1], "rotation": 90, "texture": "#top", "cullface": "up"}
			}
		},
		{
			"from": [0, 16, 5],
			"to": [3, 32, 11],
			"faces": {
				"north": {"uv": [5, 0, 6, 16], "texture": "#top", "cullface": "up"},
				"east": {"uv": [11, 0, 5, 16], "texture": "#top", "cullface": "up"},
				"south": {"uv": [10, 0, 11, 16], "texture": "#top", "cullface": "up"},
				"west": {"uv": [5, 0, 11, 16], "texture": "#top", "cullface": "west"},
				"up": {"uv": [5, 0, 11, 1], "rotation": 90, "texture": "#top", "cullface": "up"}
			}
		},
		{
			"from": [-1, 16, 11],
			"to": [4, 18, 14],
			"faces": {
				"north": {"uv": [11, 14, 12, 16], "texture": "#top", "cullface": "up"},
				"east": {"uv": [14, 14, 11, 16], "texture": "#top", "cullface": "up"},
				"south": {"uv": [13, 14, 14, 16], "texture": "#top", "cullface": "up"},
				"west": {"uv": [11, 14, 14, 16], "texture": "#top", "cullface": "west"},
				"up": {"uv": [11, 14, 14, 15], "rotation": 90, "texture": "#top", "cullface": "up"},
				"down": {"uv": [14, 15, 11, 16], "rotation": 90, "texture": "#top", "cullface": "up"}
			}
		},
		{
			"from": [-0.7, 22, 0],
			"to": [3.7, 27, 16],
			"faces": {
				"north": {"uv": [0, 5, 1, 10], "texture": "#top", "cullface": "north"},
				"east": {"uv": [16, 5, 0, 10], "texture": "#top", "cullface": "up"},
				"south": {"uv": [15, 5, 16, 10], "texture": "#top", "cullface": "up"},
				"west": {"uv": [0, 5, 16, 10], "texture": "#top", "cullface": "west"},
				"up": {"uv": [0, 5, 16, 6], "rotation": 90, "texture": "#top", "cullface": "up"},
				"down": {"uv": [16, 9, 0, 10], "rotation": 90, "texture": "#top", "cullface": "up"}
			}
		},
		{
			"from": [0.01, 22, -0.7],
			"to": [2.99, 27, 0],
			"faces": {
				"north": {"uv": [0, 5, 3, 10], "texture": "#top", "cullface": "north"},
				"east": {"uv": [0, 5, 0.7, 10], "texture": "#top", "cullface": "north"},
				"west": {"uv": [2, 5, 2.7, 10], "texture": "#top", "cullface": "north"},
				"up": {"uv": [0, 5, 3, 5.7], "texture": "#top", "cullface": "north"},
				"down": {"uv": [3, 10, 0, 9.7], "texture": "#top", "cullface": "north"}
			}
		},
		{
			"from": [0.7, 0, 0],
			"to": [2, 16, 16],
			"faces": {
				"east": {"uv": [0, 0, 16, 16], "texture": "#1"},
				"west": {"uv": [0, 0, 16, 16], "texture": "#1"},
				"down": {"uv": [16, 15, 0, 16], "rotation": 90, "texture": "#1", "cullface": "down"}
			}
		},
		{
			"from": [0, 0, 0],
			"to": [3, 16, 4],
			"faces": {
				"north": {"uv": [0, 0, 1, 16], "texture": "#1", "cullface": "north"},
				"east": {"uv": [4, 0, 0, 16], "texture": "#1"},
				"south": {"uv": [3, 0, 4, 16], "texture": "#1"},
				"west": {"uv": [0, 0, 4, 16], "texture": "#1", "cullface": "west"},
				"down": {"uv": [4, 15, 0, 16], "rotation": 90, "texture": "#1", "cullface": "down"}
			}
		},
		{
			"from": [0, 0, 12],
			"to": [3, 16, 16],
			"faces": {
				"north": {"uv": [12, 0, 13, 16], "texture": "#1"},
				"east": {"uv": [16, 0, 12, 16], "texture": "#1"},
				"south": {"uv": [15, 0, 16, 16], "texture": "#1", "cullface": "south"},
				"west": {"uv": [12, 0, 16, 16], "texture": "#1", "cullface": "west"},
				"down": {"uv": [16, 15, 12, 16], "rotation": 90, "texture": "#1", "cullface": "down"}
			}
		},
		{
			"from": [0, 0, 5],
			"to": [3, 16, 11],
			"faces": {
				"north": {"uv": [5, 0, 6, 16], "texture": "#1"},
				"east": {"uv": [11, 0, 5, 16], "texture": "#1"},
				"south": {"uv": [10, 0, 11, 16], "texture": "#1"},
				"west": {"uv": [5, 0, 11, 16], "texture": "#1", "cullface": "west"},
				"down": {"uv": [11, 15, 5, 16], "rotation": 90, "texture": "#1", "cullface": "down"}
			}
		},
		{
			"from": [-0.7, 6, 0],
			"to": [3.7, 11, 16],
			"faces": {
				"north": {"uv": [0, 5, 1, 10], "texture": "#1", "cullface": "north"},
				"east": {"uv": [16, 5, 0, 10], "texture": "#1"},
				"south": {"uv": [15, 5, 16, 10], "texture": "#1", "cullface": "south"},
				"west": {"uv": [0, 5, 16, 10], "texture": "#1", "cullface": "west"},
				"up": {"uv": [0, 5, 16, 6], "rotation": 90, "texture": "#1"},
				"down": {"uv": [16, 9, 0, 10], "rotation": 90, "texture": "#1"}
			}
		},
		{
			"from": [0.01, 6, -1],
			"to": [2.99, 11, 0],
			"faces": {
				"north": {"uv": [0, 5, 3, 10], "texture": "#1", "cullface": "north"},
				"east": {"uv": [0, 5, 1, 10], "texture": "#1", "cullface": "north"},
				"west": {"uv": [2, 5, 3, 10], "texture": "#1", "cullface": "north"},
				"up": {"uv": [3, 5, 0, 6], "texture": "#1", "cullface": "north"},
				"down": {"uv": [3, 9, 0, 10], "texture": "#1", "cullface": "north"}
			}
		}
	],
	"display": {
		"thirdperson_righthand": {
			"rotation": [0, -90, 0],
			"translation": [0, 0.5, 2],
			"scale": [0.15, 0.15, 0.15]
		},
		"thirdperson_lefthand": {
			"rotation": [0, -90, 0],
			"translation": [0, 0.5, 0],
			"scale": [0.15, 0.15, 0.15]
		},
		"firstperson_righthand": {
			"rotation": [0, 90, 0],
			"translation": [-0.5, 0.75, -1],
			"scale": [0.3, 0.3, 0.3]
		},
		"firstperson_lefthand": {
			"rotation": [0, 90, 0],
			"translation": [-0.5, 0.75, 1],
			"scale": [0.3, 0.3, 0.3]
		},
		"ground": {
			"rotation": [0, 0, 90],
			"translation": [1.5, 3, 0],
			"scale": [0.25, 0.25, 0.25]
		},
		"gui": {
			"rotation": [30, -45, 0],
			"translation": [2.25, -4.25, 0],
			"scale": [0.44, 0.44, 0.44]
		},
		"head": {
			"translation": [-5, 0.75, 0],
			"scale": [0.3, 0.3, 0.3]
		},
		"fixed": {
			"rotation": [0, -90, 0],
			"translation": [0, -3, 2.25],
			"scale": [0.5, 0.5, 0.5]
		}
	}
}