{
	"credit": "Made with Blockbench",
	"parent": "minecraft:block/door_bottom",
	"textures": {
		"1": "block/dark_oak_door_top",
		"2": "block/door_doorknob",
		"particle": "block/dark_oak_door_top",
		"bottom": "block/dark_oak_door_bottom"
	},
	"elements": [
		{
			"from": [0, 0, 0],
			"to": [3, 2, 16],
			"faces": {
				"east": {"uv": [16, 14, 0, 16], "texture": "#bottom"},
				"west": {"uv": [0, 14, 16, 16], "texture": "#bottom", "cullface": "west"},
				"up": {"uv": [0, 14, 16, 15], "rotation": 90, "texture": "#bottom"},
				"down": {"uv": [0, 15, 16, 16], "rotation": 90, "texture": "#bottom", "cullface": "down"}
			}
		},
		{
			"from": [0, 0, 0],
			"to": [3, 16, 2],
			"faces": {
				"north": {"uv": [0, 0, 1, 16], "texture": "#bottom", "cullface": "north"},
				"east": {"uv": [2, 0, 0, 16], "texture": "#bottom"},
				"south": {"uv": [1, 0, 2, 16], "texture": "#bottom"},
				"west": {"uv": [0, 0, 2, 16], "texture": "#bottom", "cullface": "west"}
			}
		},
		{
			"from": [0, 0, 7],
			"to": [3, 16, 9],
			"faces": {
				"north": {"uv": [7, 0, 8, 16], "texture": "#bottom"},
				"east": {"uv": [9, 0, 7, 16], "texture": "#bottom"},
				"south": {"uv": [8, 0, 9, 16], "texture": "#bottom"},
				"west": {"uv": [7, 0, 9, 16], "texture": "#bottom", "cullface": "west"}
			}
		},
		{
			"from": [0, 0, 14],
			"to": [3, 16, 16],
			"faces": {
				"north": {"uv": [14, 0, 15, 16], "texture": "#bottom"},
				"east": {"uv": [16, 0, 14, 16], "texture": "#bottom"},
				"south": {"uv": [15, 0, 16, 16], "texture": "#bottom", "cullface": "south"},
				"west": {"uv": [14, 0, 16, 16], "texture": "#bottom", "cullface": "west"}
			}
		},
		{
			"from": [0, 15, 0],
			"to": [3, 16, 16],
			"faces": {
				"east": {"uv": [16, 0, 0, 1], "texture": "#bottom"},
				"west": {"uv": [0, 0, 16, 1], "texture": "#bottom", "cullface": "west"},
				"down": {"uv": [15, 16, 16, 0], "texture": "#bottom"}
			}
		},
		{
			"from": [0.7, 2, 2],
			"to": [2.3, 15, 14],
			"faces": {
				"east": {"uv": [2, 1, 14, 14], "texture": "#bottom"},
				"west": {"uv": [2, 1, 14, 14], "texture": "#bottom"}
			}
		},
		{
			"from": [-1, 15, 11],
			"to": [0, 16, 12],
			"faces": {
				"north": {"uv": [11, 0, 12, 1], "texture": "#bottom", "cullface": "west"},
				"south": {"uv": [11, 0, 12, 1], "texture": "#bottom", "cullface": "west"},
				"west": {"uv": [11, 0, 12, 1], "texture": "#bottom", "cullface": "west"},
				"down": {"uv": [11, 0, 12, 1], "texture": "#bottom", "cullface": "west"}
			}
		},
		{
			"from": [3, 15, 11],
			"to": [4, 16, 12],
			"faces": {
				"north": {"uv": [11, 0, 12, 1], "texture": "#bottom"},
				"east": {"uv": [11, 0, 12, 1], "texture": "#bottom"},
				"south": {"uv": [11, 0, 12, 1], "texture": "#bottom"},
				"down": {"uv": [11, 0, 12, 1], "texture": "#bottom"}
			}
		},
		{
			"from": [0, 16, 0],
			"to": [3, 17, 16],
			"faces": {
				"east": {"uv": [16, 15, 0, 16], "texture": "#1", "cullface": "up"},
				"west": {"uv": [0, 15, 16, 16], "texture": "#1", "cullface": "west"},
				"up": {"uv": [0, 15, 16, 16], "rotation": 90, "texture": "#1", "cullface": "up"}
			}
		},
		{
			"from": [0, 16, 0],
			"to": [3, 32, 2],
			"faces": {
				"north": {"uv": [0, 0, 1, 16], "texture": "#1", "cullface": "north"},
				"east": {"uv": [2, 0, 0, 16], "texture": "#1", "cullface": "up"},
				"south": {"uv": [1, 0, 2, 16], "texture": "#1", "cullface": "up"},
				"west": {"uv": [0, 0, 2, 16], "texture": "#1", "cullface": "west"}
			}
		},
		{
			"from": [0, 16, 7],
			"to": [3, 32, 9],
			"faces": {
				"north": {"uv": [7, 0, 8, 16], "texture": "#1", "cullface": "up"},
				"east": {"uv": [7, 0, 9, 16], "texture": "#1", "cullface": "up"},
				"south": {"uv": [8, 0, 9, 16], "texture": "#1", "cullface": "up"},
				"west": {"uv": [7, 0, 9, 16], "texture": "#1", "cullface": "west"}
			}
		},
		{
			"from": [0, 16, 14],
			"to": [3, 32, 16],
			"faces": {
				"north": {"uv": [14, 0, 15, 16], "texture": "#1", "cullface": "up"},
				"east": {"uv": [16, 0, 14, 16], "texture": "#1", "cullface": "up"},
				"south": {"uv": [15, 0, 16, 16], "texture": "#1", "cullface": "up"},
				"west": {"uv": [14, 0, 16, 16], "texture": "#1", "cullface": "west"}
			}
		},
		{
			"from": [0, 30, 0],
			"to": [3, 32, 16],
			"faces": {
				"east": {"uv": [16, 0, 0, 2], "texture": "#1", "cullface": "up"},
				"west": {"uv": [0, 0, 16, 2], "texture": "#1", "cullface": "west"},
				"up": {"uv": [0, 0, 16, 1], "rotation": 90, "texture": "#1", "cullface": "up"},
				"down": {"uv": [16, 1, 0, 2], "rotation": 90, "texture": "#1", "cullface": "up"}
			}
		},
		{
			"from": [0.7, 17, 2],
			"to": [2.3, 30, 14],
			"faces": {
				"east": {"uv": [14, 2, 2, 15], "texture": "#1", "cullface": "up"},
				"west": {"uv": [2, 2, 14, 15], "texture": "#1", "cullface": "up"}
			}
		},
		{
			"from": [-1, 16, 11],
			"to": [4, 17, 14],
			"faces": {
				"north": {"uv": [9, 0, 10, 5], "rotation": 90, "texture": "#2", "cullface": "up"},
				"east": {"uv": [12, 4, 9, 5], "texture": "#2", "cullface": "up"},
				"south": {"uv": [11, 0, 12, 5], "rotation": 90, "texture": "#2", "cullface": "up"},
				"west": {"uv": [9, 0, 12, 1], "texture": "#2", "cullface": "west"},
				"up": {"uv": [9, 0, 12, 5], "rotation": 90, "texture": "#2", "cullface": "up"},
				"down": {"uv": [12, 0, 9, 5], "rotation": 90, "texture": "#2", "cullface": "up"}
			}
		}
	],
	"display": {
		"thirdperson_righthand": {
			"rotation": [0, -90, 0],
			"translation": [0, 0.5, 2],
			"scale": [0.15, 0.15, 0.15]
		},
		"thirdperson_lefthand": {
			"rotation": [0, -90, 0],
			"translation": [0, 0.5, 0],
			"scale": [0.15, 0.15, 0.15]
		},
		"firstperson_righthand": {
			"rotation": [0, 90, 0],
			"translation": [-0.5, 0.75, -1],
			"scale": [0.3, 0.3, 0.3]
		},
		"firstperson_lefthand": {
			"rotation": [0, 90, 0],
			"translation": [-0.5, 0.75, 1],
			"scale": [0.3, 0.3, 0.3]
		},
		"ground": {
			"rotation": [0, 0, 90],
			"translation": [1.5, 3, 0],
			"scale": [0.25, 0.25, 0.25]
		},
		"gui": {
			"rotation": [30, -45, 0],
			"translation": [2.25, -4.25, 0],
			"scale": [0.44, 0.44, 0.44]
		},
		"head": {
			"translation": [-5, 0.75, 0],
			"scale": [0.3, 0.3, 0.3]
		},
		"fixed": {
			"rotation": [0, -90, 0],
			"translation": [0, -3, 2.25],
			"scale": [0.5, 0.5, 0.5]
		}
	}
}