{
	"credit": "Made with Blockbench",
	"ambientocclusion": false,
	"textures": {
		"particle": "block/iron_bars",
		"bars": "block/iron_bars"
	},
	"elements": [
		{
			"from": [7.5, 0, 7],
			"to": [8.5, 16, 9],
			"faces": {
				"north": {"uv": [8, 0, 9, 16], "texture": "#bars"},
				"east": {"uv": [8, 0, 9, 16], "texture": "#bars"},
				"south": {"uv": [8, 0, 9, 16], "texture": "#bars"},
				"west": {"uv": [7, 0, 9, 16], "texture": "#bars"},
				"up": {"uv": [7, 0, 9, 1], "rotation": 90, "texture": "#bars"},
				"down": {"uv": [9, 16, 7, 15], "rotation": 90, "texture": "#bars"}
			}
		},
		{
			"from": [7.5, 2, 4],
			"to": [8.5, 4, 7],
			"faces": {
				"east": {"uv": [9, 12, 12, 14], "texture": "#bars"},
				"west": {"uv": [12, 12, 9, 14], "texture": "#bars"},
				"up": {"uv": [9, 12, 12, 13], "rotation": 270, "texture": "#bars"},
				"down": {"uv": [12, 13, 9, 14], "rotation": 270, "texture": "#bars"}
			}
		},
		{
			"from": [7.5, 7, 0],
			"to": [8.5, 9, 2],
			"faces": {
				"north": {"uv": [15, 7, 16, 9], "texture": "#bars"},
				"east": {"uv": [14, 7, 16, 9], "texture": "#bars"},
				"west": {"uv": [16, 7, 14, 9], "texture": "#bars"},
				"up": {"uv": [14, 7, 16, 8], "rotation": 270, "texture": "#bars"},
				"down": {"uv": [14, 8, 16, 9], "rotation": 270, "texture": "#bars"}
			}
		},
		{
			"from": [7.5, 0, 2],
			"to": [8.5, 15.999, 4],
			"faces": {
				"north": {"uv": [13, 0, 14, 16], "texture": "#bars"},
				"east": {"uv": [12, 0, 14, 16], "texture": "#bars"},
				"south": {"uv": [12, 0, 13, 16], "texture": "#bars"},
				"west": {"uv": [14, 0, 12, 16], "texture": "#bars"},
				"up": {"uv": [14, 0, 12, 1], "rotation": 90, "texture": "#bars"},
				"down": {"uv": [14, 15, 12, 16], "rotation": 270, "texture": "#bars"}
			}
		},
		{
			"from": [7.5, 12, 9],
			"to": [8.5, 14, 12],
			"faces": {
				"east": {"uv": [4, 2, 7, 4], "texture": "#bars"},
				"west": {"uv": [4, 2, 7, 4], "texture": "#bars"},
				"up": {"uv": [4, 2, 7, 3], "rotation": 90, "texture": "#bars"},
				"down": {"uv": [4, 3, 7, 4], "rotation": 90, "texture": "#bars"}
			}
		},
		{
			"from": [7.5, 7, 14],
			"to": [8.5, 9, 16],
			"faces": {
				"north": {"uv": [0, 0, 0, 0], "texture": "#bars"},
				"east": {"uv": [0, 7, 2, 9], "texture": "#bars"},
				"south": {"uv": [0, 7, 1, 9], "texture": "#bars"},
				"west": {"uv": [2, 7, 0, 9], "texture": "#bars"},
				"up": {"uv": [2, 7, 0, 8], "rotation": 90, "texture": "#bars"},
				"down": {"uv": [0, 8, 2, 9], "rotation": 90, "texture": "#bars"}
			}
		},
		{
			"from": [7.5, 0, 12],
			"to": [8.5, 15.999, 14],
			"faces": {
				"north": {"uv": [3, 0, 4, 16], "texture": "#bars"},
				"east": {"uv": [2, 0, 4, 16], "texture": "#bars"},
				"south": {"uv": [2, 0, 3, 16], "texture": "#bars"},
				"west": {"uv": [4, 0, 2, 16], "texture": "#bars"},
				"up": {"uv": [4, 0, 2, 1], "rotation": 90, "texture": "#bars"},
				"down": {"uv": [2, 15, 4, 16], "rotation": 90, "texture": "#bars"}
			}
		}
	],
	"gui_light": "front",
	"display": {
		"thirdperson_righthand": {
			"rotation": [75, 45, 0],
			"translation": [0, 2.5, 0],
			"scale": [0.375, 0.375, 0.375]
		},
		"thirdperson_lefthand": {
			"rotation": [75, 45, 0],
			"translation": [0, 2.5, 0],
			"scale": [0.375, 0.375, 0.375]
		},
		"firstperson_righthand": {
			"rotation": [0, 45, 0],
			"scale": [0.4, 0.4, 0.4]
		},
		"firstperson_lefthand": {
			"rotation": [0, 225, 0],
			"scale": [0.4, 0.4, 0.4]
		},
		"ground": {
			"translation": [0, 3, 0],
			"scale": [0.25, 0.25, 0.25]
		},
		"gui": {
			"rotation": [30, 90, 0]
		},
		"head": {
			"translation": [0, 13, -0.25]
		},
		"fixed": {
			"rotation": [0, 90, 0],
			"translation": [0, 0, -0.25],
			"scale": [0.5, 0.5, 0.5]
		}
	}
}