{
	"credit": "Made with Blockbench",
	"parent": "minecraft:block/door_bottom",
	"textures": {
		"1": "block/jungle_door_top",
		"bottom": "block/jungle_door_bottom",
		"particle": "block/jungle_door_top"
	},
	"elements": [
		{
			"from": [0.7, 0, 0],
			"to": [2.3, 16, 16],
			"faces": {
				"east": {"uv": [16, 0, 0, 16], "texture": "#bottom"},
				"west": {"uv": [0, 0, 16, 16], "texture": "#bottom"},
				"down": {"uv": [16, 15, 0, 16], "rotation": 90, "texture": "#bottom", "cullface": "down"}
			}
		},
		{
			"from": [0, 0, 0],
			"to": [3, 16, 5],
			"faces": {
				"north": {"uv": [0, 0, 1, 16], "texture": "#bottom", "cullface": "north"},
				"east": {"uv": [5, 0, 0, 16], "texture": "#bottom"},
				"south": {"uv": [4, 0, 5, 16], "texture": "#bottom"},
				"west": {"uv": [0, 0, 5, 16], "texture": "#bottom", "cullface": "west"},
				"down": {"uv": [5, 15, 0, 16], "rotation": 90, "texture": "#bottom", "cullface": "down"}
			}
		},
		{
			"from": [0, 0, 6],
			"to": [3, 16, 10],
			"faces": {
				"north": {"uv": [6, 0, 7, 16], "texture": "#bottom"},
				"east": {"uv": [10, 0, 6, 16], "texture": "#bottom"},
				"south": {"uv": [9, 0, 10, 16], "texture": "#bottom"},
				"west": {"uv": [6, 0, 10, 16], "texture": "#bottom", "cullface": "west"},
				"down": {"uv": [10, 15, 6, 16], "rotation": 90, "texture": "#bottom", "cullface": "down"}
			}
		},
		{
			"from": [0, 0, 11],
			"to": [3, 16, 16],
			"faces": {
				"north": {"uv": [11, 0, 12, 16], "texture": "#bottom"},
				"east": {"uv": [16, 0, 11, 16], "texture": "#bottom"},
				"south": {"uv": [15, 0, 16, 16], "texture": "#bottom", "cullface": "south"},
				"west": {"uv": [11, 0, 16, 16], "texture": "#bottom", "cullface": "west"},
				"down": {"uv": [16, 15, 11, 16], "rotation": 90, "texture": "#bottom", "cullface": "down"}
			}
		},
		{
			"from": [0, 16, 0],
			"to": [3, 32, 4],
			"faces": {
				"north": {"uv": [0, 0, 1, 16], "texture": "#1", "cullface": "north"},
				"east": {"uv": [4, 0, 0, 16], "texture": "#1", "cullface": "up"},
				"south": {"uv": [3, 0, 4, 16], "texture": "#1", "cullface": "up"},
				"west": {"uv": [0, 0, 4, 16], "texture": "#1", "cullface": "west"}
			}
		},
		{
			"from": [0, 16, 12],
			"to": [3, 32, 16],
			"faces": {
				"north": {"uv": [12, 0, 13, 16], "texture": "#1", "cullface": "up"},
				"east": {"uv": [16, 0, 12, 16], "texture": "#1", "cullface": "up"},
				"south": {"uv": [15, 0, 16, 16], "texture": "#1", "cullface": "up"},
				"west": {"uv": [12, 0, 16, 16], "texture": "#1", "cullface": "west"}
			}
		},
		{
			"from": [0.7, 22, 4],
			"to": [2.3, 24, 12],
			"faces": {
				"east": {"uv": [12, 8, 4, 10], "texture": "#1", "cullface": "up"},
				"west": {"uv": [4, 8, 12, 10], "texture": "#1", "cullface": "up"},
				"up": {"uv": [4, 8, 12, 9], "rotation": 90, "texture": "#1", "cullface": "up"},
				"down": {"uv": [4, 9, 12, 10], "rotation": 90, "texture": "#1", "cullface": "up"}
			}
		},
		{
			"from": [0.7, 20, 4],
			"to": [2.3, 22, 6],
			"faces": {
				"east": {"uv": [6, 10, 4, 12], "texture": "#1", "cullface": "up"},
				"south": {"uv": [5, 10, 6, 12], "texture": "#1", "cullface": "up"},
				"west": {"uv": [4, 10, 6, 12], "texture": "#1", "cullface": "up"}
			}
		},
		{
			"from": [0.7, 20, 10],
			"to": [2.3, 22, 12],
			"faces": {
				"north": {"uv": [10, 10, 11, 12], "texture": "#1", "cullface": "up"},
				"east": {"uv": [12, 10, 10, 12], "texture": "#1", "cullface": "up"},
				"west": {"uv": [10, 10, 12, 12], "texture": "#1", "cullface": "up"}
			}
		},
		{
			"from": [0.7, 20, 6],
			"to": [2.3, 21, 7],
			"faces": {
				"east": {"uv": [7, 11, 6, 12], "texture": "#1", "cullface": "up"},
				"south": {"uv": [7, 11, 6, 12], "texture": "#1", "cullface": "up"},
				"west": {"uv": [7, 11, 6, 12], "texture": "#1", "cullface": "up"},
				"up": {"uv": [7, 11, 6, 12], "texture": "#1", "cullface": "up"}
			}
		},
		{
			"from": [0.7, 20, 9],
			"to": [2.3, 21, 10],
			"faces": {
				"north": {"uv": [9, 11, 10, 12], "texture": "#1", "cullface": "up"},
				"east": {"uv": [9, 11, 10, 12], "texture": "#1", "cullface": "up"},
				"west": {"uv": [9, 11, 10, 12], "texture": "#1", "cullface": "up"},
				"up": {"uv": [9, 11, 10, 12], "texture": "#1", "cullface": "up"}
			}
		},
		{
			"from": [0, 16, 4],
			"to": [3, 24, 5],
			"faces": {
				"east": {"uv": [4, 8, 5, 16], "texture": "#1", "cullface": "up"},
				"south": {"uv": [4, 8, 5, 16], "texture": "#1", "cullface": "up"},
				"west": {"uv": [4, 8, 5, 16], "texture": "#1", "cullface": "west"},
				"up": {"uv": [4, 8, 5, 9], "texture": "#1", "cullface": "up"}
			}
		},
		{
			"from": [0, 27, 4],
			"to": [3, 32, 5],
			"faces": {
				"east": {"uv": [4, 0, 5, 5], "texture": "#1", "cullface": "up"},
				"south": {"uv": [4, 0, 5, 5], "texture": "#1", "cullface": "up"},
				"west": {"uv": [4, 0, 5, 5], "texture": "#1", "cullface": "west"},
				"down": {"uv": [4, 4, 5, 5], "texture": "#1", "cullface": "up"}
			}
		},
		{
			"from": [0, 16, 11],
			"to": [3, 24, 12],
			"faces": {
				"north": {"uv": [12, 8, 11, 16], "texture": "#1", "cullface": "up"},
				"east": {"uv": [11, 8, 12, 16], "texture": "#1", "cullface": "up"},
				"west": {"uv": [11, 8, 12, 16], "texture": "#1", "cullface": "west"},
				"up": {"uv": [11, 8, 12, 9], "texture": "#1", "cullface": "up"}
			}
		},
		{
			"from": [0, 27, 11],
			"to": [3, 32, 12],
			"faces": {
				"north": {"uv": [11, 0, 12, 5], "texture": "#1", "cullface": "up"},
				"east": {"uv": [11, 0, 12, 5], "texture": "#1", "cullface": "up"},
				"west": {"uv": [12, 0, 11, 5], "texture": "#1", "cullface": "west"},
				"down": {"uv": [11, 4, 12, 5], "texture": "#1", "cullface": "up"}
			}
		},
		{
			"from": [0, 16, 6],
			"to": [3, 20, 10],
			"faces": {
				"north": {"uv": [6, 12, 7, 16], "texture": "#1", "cullface": "up"},
				"east": {"uv": [10, 12, 6, 16], "texture": "#1", "cullface": "up"},
				"south": {"uv": [9, 12, 10, 16], "texture": "#1", "cullface": "up"},
				"west": {"uv": [6, 12, 10, 16], "texture": "#1", "cullface": "west"},
				"up": {"uv": [6, 12, 10, 13], "rotation": 90, "texture": "#1", "cullface": "up"}
			}
		},
		{
			"from": [0.7, 16, 5],
			"to": [2.3, 20, 11],
			"faces": {
				"east": {"uv": [11, 12, 5, 16], "texture": "#1", "cullface": "up"},
				"west": {"uv": [5, 12, 11, 16], "texture": "#1", "cullface": "up"}
			}
		},
		{
			"from": [0.7, 24, 6],
			"to": [2.3, 29, 7],
			"faces": {
				"north": {"uv": [6, 3, 7, 8], "texture": "#1", "cullface": "up"},
				"east": {"uv": [6, 3, 7, 8], "texture": "#1", "cullface": "up"},
				"south": {"uv": [6, 3, 7, 8], "texture": "#1", "cullface": "up"},
				"west": {"uv": [6, 3, 7, 8], "texture": "#1", "cullface": "up"}
			}
		},
		{
			"from": [0.7, 24, 9],
			"to": [2.3, 29, 10],
			"faces": {
				"north": {"uv": [9, 3, 10, 8], "texture": "#1", "cullface": "up"},
				"east": {"uv": [9, 3, 10, 8], "texture": "#1", "cullface": "up"},
				"south": {"uv": [9, 3, 10, 8], "texture": "#1", "cullface": "up"},
				"west": {"uv": [9, 3, 10, 8], "texture": "#1", "cullface": "up"}
			}
		},
		{
			"from": [0, 29, 0],
			"to": [3, 32, 16],
			"faces": {
				"east": {"uv": [16, 0, 0, 3], "texture": "#1", "cullface": "up"},
				"west": {"uv": [0, 0, 16, 3], "texture": "#1", "cullface": "west"},
				"up": {"uv": [0, 0, 16, 1], "rotation": 90, "texture": "#1", "cullface": "up"},
				"down": {"uv": [0, 2, 16, 3], "rotation": 90, "texture": "#1", "cullface": "up"}
			}
		},
		{
			"from": [-1, 17, 11],
			"to": [4, 18, 14],
			"faces": {
				"north": {"uv": [11, 14, 12, 15], "texture": "#1", "cullface": "up"},
				"east": {"uv": [14, 14, 11, 15], "texture": "#1", "cullface": "up"},
				"south": {"uv": [13, 14, 14, 15], "texture": "#1", "cullface": "up"},
				"west": {"uv": [11, 14, 14, 15], "texture": "#1", "cullface": "west"},
				"up": {"uv": [14, 14, 11, 15], "rotation": 270, "texture": "#1", "cullface": "up"},
				"down": {"uv": [11, 14, 14, 15], "rotation": 270, "texture": "#1", "cullface": "up"}
			}
		},
		{
			"from": [-1, 16, 11],
			"to": [4, 17, 12],
			"faces": {
				"north": {"uv": [11, 15, 12, 16], "texture": "#1", "cullface": "up"},
				"east": {"uv": [11, 15, 12, 16], "texture": "#1", "cullface": "up"},
				"south": {"uv": [11, 15, 12, 16], "texture": "#1", "cullface": "up"},
				"west": {"uv": [11, 15, 12, 16], "texture": "#1", "cullface": "west"},
				"down": {"uv": [11, 15, 12, 16], "texture": "#1", "cullface": "up"}
			}
		}
	],
	"display": {
		"thirdperson_righthand": {
			"rotation": [0, -90, 0],
			"translation": [0, 0.5, 2],
			"scale": [0.15, 0.15, 0.15]
		},
		"thirdperson_lefthand": {
			"rotation": [0, -90, 0],
			"translation": [0, 0.5, 0],
			"scale": [0.15, 0.15, 0.15]
		},
		"firstperson_righthand": {
			"rotation": [0, 90, 0],
			"translation": [-0.5, 0.75, -1],
			"scale": [0.3, 0.3, 0.3]
		},
		"firstperson_lefthand": {
			"rotation": [0, 90, 0],
			"translation": [-0.5, 0.75, 1],
			"scale": [0.3, 0.3, 0.3]
		},
		"ground": {
			"rotation": [0, 0, 90],
			"translation": [1.5, 3, 0],
			"scale": [0.25, 0.25, 0.25]
		},
		"gui": {
			"rotation": [30, -45, 0],
			"translation": [2.25, -4.25, 0],
			"scale": [0.44, 0.44, 0.44]
		},
		"head": {
			"translation": [-5, 0.75, 0],
			"scale": [0.3, 0.3, 0.3]
		},
		"fixed": {
			"rotation": [0, -90, 0],
			"translation": [0, -3, 2.25],
			"scale": [0.5, 0.5, 0.5]
		}
	}
}