{
	"credit": "Made with Blockbench",
	"parent": "minecraft:block/ladder",
	"gui_light": "front",
	"display": {
		"thirdperson_righthand": {
			"rotation": [90, 0, 0],
			"translation": [0, 2.5, 3],
			"scale": [0.3, 0.3, 0.3]
		},
		"thirdperson_lefthand": {
			"rotation": [90, 0, 0],
			"translation": [0, 2.5, 3],
			"scale": [0.3, 0.3, 0.3]
		},
		"firstperson_righthand": {
			"translation": [-0.25, 3.75, 0],
			"scale": [0.4, 0.4, 0.4]
		},
		"firstperson_lefthand": {
			"translation": [-0.25, 3.75, 0],
			"scale": [0.4, 0.4, 0.4]
		},
		"ground": {
			"rotation": [90, 0, 0],
			"translation": [0, 2.5, 0],
			"scale": [0.5, 0.5, 0.5]
		},
		"gui": {
			"rotation": [30, 225, 0],
			"translation": [4, -2.25, 0],
			"scale": [0.8, 0.8, 0.8]
		},
		"head": {
			"rotation": [90, 0, 0],
			"translation": [0, 14, 0]
		},
		"fixed": {
			"translation": [0, 0, -5.5],
			"scale": [0.65, 0.65, 0.65]
		}
	}
}