{
	"credit": "Made with Blockbench",
	"textures": {
		"0": "block/oak_door_top",
		"1": "block/oak_door_bottom",
		"2": "block/door_doorknob"
	},
	"elements": [
		{
			"from": [0, 0, 3],
			"to": [3, 3, 13],
			"rotation": {"angle": 0, "axis": "y", "origin": [8, 0, 8]},
			"faces": {
				"east": {"uv": [13, 13, 3, 16], "texture": "#1"},
				"west": {"uv": [3, 13, 13, 16], "texture": "#1", "cullface": "west"},
				"up": {"uv": [3, 13, 13, 14], "rotation": 270, "texture": "#1"},
				"down": {"uv": [3, 15, 13, 16], "rotation": 90, "texture": "#1", "cullface": "down"}
			}
		},
		{
			"from": [1, 15, 3],
			"to": [2, 16, 13],
			"faces": {
				"east": {"uv": [3, 0, 13, 1], "texture": "#1"},
				"west": {"uv": [13, 0, 3, 1], "texture": "#1"},
				"down": {"uv": [0, 0, 0, 0], "texture": "#1"}
			}
		},
		{
			"from": [0, 0, 13],
			"to": [3, 16, 16],
			"rotation": {"angle": 0, "axis": "y", "origin": [8, 0, 8]},
			"faces": {
				"north": {"uv": [13, 0, 14, 16], "texture": "#1"},
				"east": {"uv": [16, 0, 13, 16], "texture": "#1"},
				"south": {"uv": [15, 0, 16, 16], "texture": "#1", "cullface": "south"},
				"west": {"uv": [13, 0, 16, 16], "texture": "#1", "cullface": "west"},
				"down": {"uv": [13, 15, 16, 16], "rotation": 90, "texture": "#1", "cullface": "down"}
			}
		},
		{
			"from": [0, 13, 3],
			"to": [3, 15, 13],
			"rotation": {"angle": 0, "axis": "y", "origin": [8, 0, 8]},
			"faces": {
				"north": {"uv": [0, 0, 0, 0], "texture": "#1"},
				"east": {"uv": [13, 1, 3, 3], "texture": "#1"},
				"south": {"uv": [0, 0, 0, 0], "texture": "#1"},
				"west": {"uv": [3, 1, 13, 3], "texture": "#1", "cullface": "west"},
				"up": {"uv": [3, 1, 13, 2], "rotation": 90, "texture": "#1"},
				"down": {"uv": [13, 2, 3, 3], "rotation": 90, "texture": "#1"}
			}
		},
		{
			"from": [0, 7, 3],
			"to": [3, 9, 13],
			"rotation": {"angle": 0, "axis": "y", "origin": [8, 0, 8]},
			"faces": {
				"east": {"uv": [13, 7, 3, 9], "texture": "#1"},
				"west": {"uv": [3, 7, 13, 9], "texture": "#1", "cullface": "west"},
				"up": {"uv": [13, 7, 2, 8], "rotation": 270, "texture": "#1"},
				"down": {"uv": [13, 8, 3, 9], "rotation": 90, "texture": "#1"}
			}
		},
		{
			"from": [0, 0, 0],
			"to": [3, 16, 3],
			"rotation": {"angle": 0, "axis": "y", "origin": [8, 0, 8]},
			"faces": {
				"north": {"uv": [0, 0, 1, 16], "texture": "#1", "cullface": "north"},
				"east": {"uv": [3, 0, 0, 16], "texture": "#1"},
				"south": {"uv": [1, 0, 2, 16], "texture": "#1"},
				"west": {"uv": [0, 0, 3, 16], "texture": "#1", "cullface": "west"},
				"down": {"uv": [0, 15, 3, 16], "rotation": 90, "texture": "#1", "cullface": "down"}
			}
		},
		{
			"from": [0.7, 3, 3],
			"to": [2.3, 13, 13],
			"faces": {
				"east": {"uv": [3, 3, 13, 13], "texture": "#1"},
				"west": {"uv": [13, 3, 3, 13], "texture": "#1"}
			}
		},
		{
			"from": [0, 3, 7],
			"to": [3, 16, 9],
			"faces": {
				"north": {"uv": [7, 0, 8, 13], "texture": "#1"},
				"east": {"uv": [9, 0, 7, 13], "texture": "#1"},
				"south": {"uv": [8, 0, 9, 13], "texture": "#1"},
				"west": {"uv": [7, 0, 9, 13], "texture": "#1"}
			}
		},
		{
			"from": [0, 16, 13],
			"to": [3, 32, 16],
			"rotation": {"angle": 0, "axis": "y", "origin": [8, 7.75, 1.5]},
			"faces": {
				"north": {"uv": [13, 0, 14, 16], "texture": "#0"},
				"east": {"uv": [16, 0, 13, 16], "texture": "#0"},
				"south": {"uv": [15, 0, 16, 16], "texture": "#0", "cullface": "south"},
				"west": {"uv": [13, 0, 16, 16], "texture": "#0", "cullface": "west"},
				"up": {"uv": [13, 1, 16, 0], "rotation": 90, "texture": "#0", "cullface": "up"},
				"down": {"uv": [0, 0, 0, 0], "texture": "#0"}
			}
		},
		{
			"from": [0, 16, 0],
			"to": [3, 32, 3],
			"rotation": {"angle": 0, "axis": "y", "origin": [8, 7.75, 1.5]},
			"faces": {
				"north": {"uv": [0, 0, 1, 16], "texture": "#0", "cullface": "north"},
				"east": {"uv": [3, 0, 0, 16], "texture": "#0"},
				"south": {"uv": [2, 0, 3, 16], "texture": "#0"},
				"west": {"uv": [0, 0, 3, 16], "texture": "#0", "cullface": "west"},
				"up": {"uv": [3, 0, 0, 1], "rotation": 270, "texture": "#0", "cullface": "up"}
			}
		},
		{
			"from": [0, 18, 3],
			"to": [3, 21, 13],
			"rotation": {"angle": 0, "axis": "y", "origin": [8, 7.75, 1.5]},
			"faces": {
				"east": {"uv": [3, 11, 13, 14], "texture": "#0"},
				"west": {"uv": [3, 11, 13, 14], "texture": "#0", "cullface": "west"},
				"up": {"uv": [13, 11, 3, 12], "rotation": 270, "texture": "#0"},
				"down": {"uv": [13, 13, 3, 14], "rotation": 90, "texture": "#0"}
			}
		},
		{
			"from": [0, 29, 3],
			"to": [3, 32, 13],
			"rotation": {"angle": 0, "axis": "y", "origin": [8, 7.75, 1.5]},
			"faces": {
				"north": {"uv": [0, 0, 0, 0], "texture": "#0"},
				"east": {"uv": [3, 0, 13, 3], "texture": "#0"},
				"south": {"uv": [0, 0, 0, 0], "texture": "#0"},
				"west": {"uv": [3, 0, 13, 3], "texture": "#0", "cullface": "west"},
				"up": {"uv": [13, 0, 3, 1], "rotation": 270, "texture": "#0", "cullface": "up"},
				"down": {"uv": [13, 2, 3, 3], "rotation": 90, "texture": "#0"}
			}
		},
		{
			"from": [0.7, 21, 7],
			"to": [2.3, 29, 9],
			"rotation": {"angle": 0, "axis": "y", "origin": [8, 7.75, 1.5]},
			"faces": {
				"north": {"uv": [7, 3, 8, 11], "texture": "#0"},
				"east": {"uv": [7, 3, 9, 11], "texture": "#0"},
				"south": {"uv": [8, 3, 9, 11], "texture": "#0"},
				"west": {"uv": [7, 3, 9, 11], "texture": "#0"},
				"up": {"uv": [0, 0, 0, 0], "texture": "#0"},
				"down": {"uv": [0, 0, 0, 0], "texture": "#0"}
			}
		},
		{
			"from": [0.7, 24, 3],
			"to": [2.3, 26, 13],
			"rotation": {"angle": 0, "axis": "y", "origin": [8, 7.75, 1.5]},
			"faces": {
				"east": {"uv": [3, 6, 13, 8], "texture": "#0"},
				"west": {"uv": [3, 6, 13, 8], "texture": "#0"},
				"up": {"uv": [3, 6, 7, 7], "rotation": 270, "texture": "#0"},
				"down": {"uv": [3, 7, 7, 8], "rotation": 90, "texture": "#0"}
			}
		},
		{
			"from": [-1, 17, 11],
			"to": [0, 18, 14],
			"faces": {
				"north": {"uv": [0, 0, 1, 1], "texture": "#2", "cullface": "west"},
				"east": {"uv": [0, 0, 0, 0], "texture": "#2"},
				"south": {"uv": [2, 0, 3, 1], "texture": "#2", "cullface": "west"},
				"west": {"uv": [0, 0, 3, 1], "texture": "#2", "cullface": "west"},
				"up": {"uv": [0, 0, 3, 1], "rotation": 90, "texture": "#2", "cullface": "west"},
				"down": {"uv": [0, 0, 3, 1], "rotation": 270, "texture": "#2", "cullface": "west"}
			}
		},
		{
			"from": [3, 17, 11],
			"to": [4, 18, 14],
			"rotation": {"angle": 0, "axis": "y", "origin": [3.5, 1.5, 12.5]},
			"faces": {
				"north": {"uv": [0, 0, 1, 1], "texture": "#2"},
				"east": {"uv": [3, 0, 0, 1], "texture": "#2"},
				"south": {"uv": [2, 0, 3, 1], "texture": "#2"},
				"west": {"uv": [0, 0, 0, 0], "texture": "#2"},
				"up": {"uv": [0, 0, 3, 1], "rotation": 90, "texture": "#2"},
				"down": {"uv": [0, 0, 3, 1], "rotation": 270, "texture": "#2"}
			}
		},
		{
			"from": [-1, 16, 11],
			"to": [0, 17, 12],
			"faces": {
				"north": {"uv": [0, 1, 1, 2], "texture": "#2", "cullface": "west"},
				"east": {"uv": [0, 0, 0, 0], "texture": "#2"},
				"south": {"uv": [0, 1, 1, 2], "texture": "#2", "cullface": "west"},
				"west": {"uv": [0, 1, 1, 2], "texture": "#2", "cullface": "west"},
				"up": {"uv": [0, 0, 0, 0], "texture": "#2"},
				"down": {"uv": [0, 1, 1, 2], "texture": "#2", "cullface": "west"}
			}
		},
		{
			"from": [3, 16, 11],
			"to": [4, 17, 12],
			"faces": {
				"north": {"uv": [0, 1, 1, 2], "texture": "#2"},
				"east": {"uv": [0, 1, 1, 2], "texture": "#2"},
				"south": {"uv": [0, 1, 1, 2], "texture": "#2"},
				"west": {"uv": [0, 0, 0, 0], "texture": "#2"},
				"up": {"uv": [0, 0, 0, 0], "texture": "#2"},
				"down": {"uv": [0, 1, 1, 2], "texture": "#2", "cullface": "down"}
			}
		},
		{
			"from": [0, 16, 7],
			"to": [3, 18, 9],
			"faces": {
				"north": {"uv": [7, 14, 8, 16], "texture": "#0"},
				"east": {"uv": [9, 14, 7, 16], "texture": "#0"},
				"south": {"uv": [8, 14, 9, 16], "texture": "#0"},
				"west": {"uv": [7, 14, 9, 16], "texture": "#0"},
				"up": {"uv": [0, 0, 0, 0], "texture": "#0"},
				"down": {"uv": [0, 0, 0, 0], "texture": "#0"}
			}
		},
		{
			"from": [1, 16, 3],
			"to": [2, 18, 13],
			"faces": {
				"north": {"uv": [0, 0, 0, 0], "texture": "#0"},
				"east": {"uv": [13, 14, 3, 16], "texture": "#0"},
				"south": {"uv": [0, 0, 0, 0], "texture": "#0"},
				"west": {"uv": [3, 14, 13, 16], "texture": "#0"},
				"up": {"uv": [0, 0, 0, 0], "texture": "#0"},
				"down": {"uv": [0, 0, 0, 0], "texture": "#0"}
			}
		}
	],
	"display": {
		"thirdperson_righthand": {
			"rotation": [0, -90, 0],
			"translation": [0, 0.5, 2],
			"scale": [0.15, 0.15, 0.15]
		},
		"thirdperson_lefthand": {
			"rotation": [0, -90, 0],
			"translation": [0, 0.5, 0],
			"scale": [0.15, 0.15, 0.15]
		},
		"firstperson_righthand": {
			"rotation": [0, 90, 0],
			"translation": [-0.5, 0.75, -1],
			"scale": [0.3, 0.3, 0.3]
		},
		"firstperson_lefthand": {
			"rotation": [0, 90, 0],
			"translation": [-0.5, 0.75, 1],
			"scale": [0.3, 0.3, 0.3]
		},
		"ground": {
			"rotation": [0, 0, 90],
			"translation": [1.5, 3, 0],
			"scale": [0.25, 0.25, 0.25]
		},
		"gui": {
			"rotation": [30, -45, 0],
			"translation": [2.25, -4.25, 0],
			"scale": [0.44, 0.44, 0.44]
		},
		"head": {
			"translation": [-5, 0.75, 0],
			"scale": [0.3, 0.3, 0.3]
		},
		"fixed": {
			"rotation": [0, -90, 0],
			"translation": [0, -3, 2.25],
			"scale": [0.5, 0.5, 0.5]
		}
	}
}