{
  "parent": "minecraft:block/powered_rail",
  "gui_light": "front",
	"display": {
		"thirdperson_righthand": {
			"rotation": [90, 0, 0],
			"translation": [0, 2, 3],
			"scale": [0.3, 0.3, 0.3]
		},
		"thirdperson_lefthand": {
			"rotation": [90, 0, 0],
			"translation": [0, 2, 3],
			"scale": [0.3, 0.3, 0.3]
		},
		"firstperson_righthand": {
			"rotation": [90, 0, 0],
			"translation": [0.5, 3.75, 4.25],
			"scale": [0.4, 0.4, 0.4]
		},
		"firstperson_lefthand": {
			"rotation": [90, 0, 0],
			"translation": [0.5, 3.75, 4.25],
			"scale": [0.4, 0.4, 0.4]
		},
		"ground": {
			"translation": [0, 2.5, 0],
			"scale": [0.6, 0.6, 0.6]
		},
		"gui": {
			"rotation": [90, 0, 0],
			"scale": [0.9, 0.9, 0.9]
		},
		"head": {
			"translation": [0, 14, 0]
		},
		"fixed": {
			"rotation": [-90, 0, 0],
			"translation": [0, 0, -5.5],
			"scale": [0.65, 0.65, 0.65]
		}
	}
}