{
	"credit": "Made with Blockbench",
	"ambientocclusion": false,
	"textures": {
		"0": "block/redstone_torch",
		"particle": "block/redstone_torch"
	},
	"elements": [
		{
			"from": [7, 0, 7],
			"to": [9, 10, 9],
			"shade": false,
			"faces": {
				"north": {"uv": [7, 6, 9, 16], "texture": "#0"},
				"east": {"uv": [7, 6, 9, 16], "texture": "#0"},
				"south": {"uv": [7, 6, 9, 16], "texture": "#0"},
				"west": {"uv": [7, 6, 9, 16], "texture": "#0"},
				"up": {"uv": [7, 6, 9, 8], "texture": "#0"},
				"down": {"uv": [7, 14, 9, 16], "texture": "#0"}
			}
		},
		{
			"from": [6, 7, 7],
			"to": [10, 11, 7],
			"shade": false,
			"faces": {
				"north": {"uv": [6, 5, 10, 9], "texture": "#0"}
			}
		},
		{
			"from": [6, 7, 9],
			"to": [10, 11, 9],
			"shade": false,
			"faces": {
				"south": {"uv": [6, 5, 10, 9], "texture": "#0"}
			}
		},
		{
			"from": [9, 7, 6],
			"to": [9, 11, 10],
			"shade": false,
			"faces": {
				"east": {"uv": [6, 5, 10, 9], "texture": "#0"}
			}
		},
		{
			"from": [7, 7, 6],
			"to": [7, 11, 10],
			"shade": false,
			"faces": {
				"west": {"uv": [6, 5, 10, 9], "texture": "#0"}
			}
		}
	],
	"display": {
		"thirdperson_righthand": {
			"translation": [0, 2.75, 1.25],
			"scale": [0.375, 0.375, 0.375]
		},
		"thirdperson_lefthand": {
			"translation": [0, 2.5, 1.25],
			"scale": [0.375, 0.375, 0.375]
		},
		"firstperson_righthand": {
			"translation": [2.5, 3, 0],
			"scale": [0.5, 0.5, 0.5]
		},
		"firstperson_lefthand": {
			"translation": [2.5, 3, 0],
			"scale": [0.5, 0.5, 0.5]
		},
		"ground": {
			"translation": [0, 3, 0],
			"scale": [0.45, 0.45, 0.45]
		},
		"gui": {
			"rotation": [30, 225, 0],
			"translation": [0.25, 1.5, 0]
		},
		"fixed": {
			"translation": [0, 3, -0.75]
		}
	}
}