{
	"credit": "Made with Blockbench",
	"textures": {
		"particle": "item/spyglass_model",
		"spyglass": "item/spyglass_model"
	},
	"elements": [
		{
			"from": [7, 8.5, 7],
			"to": [9, 13.5, 9],
			"faces": {
				"north": {"uv": [0, 2, 2, 7], "texture": "#spyglass"},
				"east": {"uv": [0, 2, 2, 7], "texture": "#spyglass"},
				"south": {"uv": [0, 2, 2, 7], "texture": "#spyglass"},
				"west": {"uv": [0, 2, 2, 7], "texture": "#spyglass"},
				"up": {"uv": [0, 0, 2, 2], "texture": "#spyglass"},
				"down": {"uv": [0, 0, 0, 0], "texture": "#spyglass"}
			}
		},
		{
			"from": [6.9, 2.4, 6.9],
			"to": [9.1, 8.6, 9.1],
			"faces": {
				"north": {"uv": [0, 7, 2, 13], "texture": "#spyglass"},
				"east": {"uv": [0, 7, 2, 13], "texture": "#spyglass"},
				"south": {"uv": [0, 7, 2, 13], "texture": "#spyglass"},
				"west": {"uv": [0, 7, 2, 13], "texture": "#spyglass"},
				"up": {"uv": [0, 5, 2, 7], "texture": "#spyglass"},
				"down": {"uv": [0, 13, 2, 15], "texture": "#spyglass"}
			}
		}
	],
	"display": {
		"thirdperson_righthand": {
			"rotation": [1, 0, 0]
		},
		"ground": {
			"rotation": [0, 0, 90]
		},
		"gui": {
			"rotation": [-67.5, 0, 45],
			"scale": [1.5, 1.5, 1.5]
		},
		"head": {
			"rotation": [118, 0, 0],
			"translation": [0, 5.25, -8.25]
		},
		"fixed": {
			"translation": [0, 0, -1]
		}
	}
}