{
	"credit": "Made with Blockbench",
	"parent": "minecraft:block/cube_column",
	"textures": {
		"2": "block/piston_top_sticky",
		"particle": "block/piston_top_sticky",
		"side": "block/piston_side",
		"bottom": "block/piston_bottom"
	},
	"elements": [
		{
			"from": [0, 0, 0],
			"to": [16, 12, 1],
			"faces": {
				"east": {"uv": [15, 4, 16, 16], "texture": "#side"},
				"south": {"uv": [0, 4, 16, 16], "texture": "#side"},
				"west": {"uv": [0, 4, 1, 16], "texture": "#side"},
				"up": {"uv": [16, 4, 0, 5], "texture": "#side"},
				"down": {"uv": [0, 15, 16, 16], "texture": "#side"}
			}
		},
		{
			"from": [15, 0, 0],
			"to": [16, 12, 16],
			"faces": {
				"north": {"uv": [0, 4, 1, 16], "texture": "#side"},
				"south": {"uv": [15, 4, 16, 16], "texture": "#side"},
				"west": {"uv": [0, 4, 16, 16], "texture": "#side"},
				"up": {"uv": [16, 4, 0, 5], "rotation": 270, "texture": "#side"},
				"down": {"uv": [15, 0, 16, 16], "texture": "#bottom"}
			}
		},
		{
			"from": [0, 0, 0],
			"to": [1, 12, 16],
			"faces": {
				"north": {"uv": [15, 4, 16, 16], "texture": "#side"},
				"east": {"uv": [0, 4, 16, 16], "texture": "#side"},
				"south": {"uv": [0, 4, 1, 16], "texture": "#side"},
				"up": {"uv": [16, 4, 0, 5], "rotation": 90, "texture": "#side"},
				"down": {"uv": [0, 0, 1, 16], "texture": "#bottom"}
			}
		},
		{
			"from": [0, 0, 15],
			"to": [16, 12, 16],
			"faces": {
				"north": {"uv": [0, 4, 16, 16], "texture": "#side"},
				"east": {"uv": [0, 4, 1, 16], "texture": "#side"},
				"west": {"uv": [15, 4, 16, 16], "texture": "#side"},
				"up": {"uv": [0, 4, 16, 5], "texture": "#side"},
				"down": {"uv": [0, 0, 16, 1], "texture": "#bottom"}
			}
		},
		{
			"from": [0, 0, 0],
			"to": [16, 1, 16],
			"faces": {
				"north": {"uv": [0, 15, 16, 16], "texture": "#side"},
				"east": {"uv": [0, 15, 16, 16], "texture": "#side"},
				"south": {"uv": [0, 15, 16, 16], "texture": "#side"},
				"west": {"uv": [0, 15, 16, 16], "texture": "#side"},
				"up": {"uv": [0, 0, 16, 16], "texture": "#bottom"}
			}
		},
		{
			"from": [0, 11, 0],
			"to": [16, 12, 16],
			"faces": {
				"north": {"uv": [0, 4, 16, 5], "texture": "#side"},
				"east": {"uv": [0, 4, 16, 5], "texture": "#side"},
				"south": {"uv": [0, 0, 16, 1], "texture": "#bottom"},
				"west": {"uv": [0, 4, 16, 5], "texture": "#side"},
				"down": {"uv": [0, 0, 16, 16], "texture": "#bottom"}
			}
		},
		{
			"from": [0.5, 0.5, 0.5],
			"to": [15.5, 11.5, 15.5],
			"faces": {
				"north": {"uv": [0.5, 4.5, 15.5, 15.5], "texture": "#side"},
				"east": {"uv": [0.5, 4.5, 15.5, 15.5], "texture": "#side"},
				"south": {"uv": [0.5, 4.5, 15.5, 15.5], "texture": "#side"},
				"west": {"uv": [0.5, 4.5, 15.5, 15.5], "texture": "#side"},
				"down": {"uv": [0.5, 0.5, 15.5, 15.5], "texture": "#bottom"}
			}
		},
		{
			"from": [0, 12, 0],
			"to": [16, 16, 16],
			"faces": {
				"north": {"uv": [0, 0, 16, 4], "texture": "#side"},
				"east": {"uv": [0, 0, 16, 4], "texture": "#side"},
				"south": {"uv": [0, 0, 16, 4], "texture": "#side"},
				"west": {"uv": [0, 0, 16, 4], "texture": "#side"},
				"up": {"uv": [0, 0, 16, 16], "texture": "#2"}
			}
		},
		{
			"from": [7, 12, 14],
			"to": [9, 16.3, 16.3],
			"faces": {
				"north": {"uv": [7, 14, 9, 15], "texture": "#2"},
				"east": {"uv": [9, 0, 7, 4], "texture": "#side"},
				"south": {"uv": [7, 0, 9, 4], "texture": "#side"},
				"west": {"uv": [9, 0, 7, 4], "texture": "#side"},
				"up": {"uv": [7, 14, 9, 16], "texture": "#2"},
				"down": {"uv": [7, 3, 9, 4], "texture": "#side"}
			}
		},
		{
			"from": [7, 12, -0.3],
			"to": [9, 16.3, 2],
			"faces": {
				"north": {"uv": [7, 0, 9, 4], "texture": "#side"},
				"east": {"uv": [14, 0, 16, 4], "texture": "#side"},
				"south": {"uv": [7, 0, 9, 4], "texture": "#side"},
				"west": {"uv": [7, 0, 9, 4], "texture": "#side"},
				"up": {"uv": [7, 0, 9, 2], "texture": "#2"},
				"down": {"uv": [7, 3, 9, 4], "texture": "#side"}
			}
		},
		{
			"from": [14, 12, -0.3],
			"to": [16.3, 16.3, 2],
			"faces": {
				"north": {"uv": [0, 0, 2, 4], "texture": "#side"},
				"east": {"uv": [14, 0, 16, 4], "texture": "#side"},
				"south": {"uv": [14, 0, 16, 4], "texture": "#side"},
				"west": {"uv": [2, 0, 0, 4], "texture": "#side"},
				"up": {"uv": [14, 0, 16, 2], "texture": "#2"},
				"down": {"uv": [15, 2.7, 16, 3.7], "texture": "#side"}
			}
		},
		{
			"from": [-0.3, 12, -0.3],
			"to": [2, 16.3, 2],
			"faces": {
				"north": {"uv": [14, 0, 16, 4], "texture": "#side"},
				"east": {"uv": [14, 0, 16, 4], "texture": "#side"},
				"south": {"uv": [0, 0, 2, 4], "texture": "#side"},
				"west": {"uv": [0, 0, 2, 4], "texture": "#side"},
				"up": {"uv": [0, 0, 2, 2], "texture": "#2"},
				"down": {"uv": [0, 3, 1, 4], "texture": "#side"}
			}
		},
		{
			"from": [-0.3, 12, 7],
			"to": [2, 16.3, 9],
			"faces": {
				"north": {"uv": [7, 0, 9, 4], "texture": "#side"},
				"east": {"uv": [7, 0, 9, 4], "texture": "#side"},
				"south": {"uv": [7, 0, 9, 4], "texture": "#side"},
				"west": {"uv": [7, 0, 9, 4], "texture": "#side"},
				"up": {"uv": [0, 7, 2, 9], "texture": "#2"},
				"down": {"uv": [7, 3, 9, 4], "texture": "#side"}
			}
		},
		{
			"from": [14, 12, 7],
			"to": [16.3, 16.3, 9],
			"faces": {
				"north": {"uv": [7, 0, 9, 4], "texture": "#side"},
				"east": {"uv": [7, 0, 9, 4], "texture": "#side"},
				"south": {"uv": [9, 0, 7, 4], "texture": "#side"},
				"west": {"uv": [1, 7, 2, 9], "texture": "#2"},
				"up": {"uv": [14, 7, 16, 9], "texture": "#2"},
				"down": {"uv": [7, 3, 8, 4], "texture": "#side"}
			}
		},
		{
			"from": [14, 12, 14],
			"to": [16.3, 16.3, 16.3],
			"faces": {
				"north": {"uv": [2, 0, 0, 4], "texture": "#side"},
				"east": {"uv": [0, 0, 2, 4], "texture": "#side"},
				"south": {"uv": [14, 0, 16, 4], "texture": "#side"},
				"west": {"uv": [16, 0, 14, 4], "texture": "#side"},
				"up": {"uv": [14, 14, 16, 16], "texture": "#2"},
				"down": {"uv": [15, 3, 16, 4], "texture": "#side"}
			}
		},
		{
			"from": [-0.3, 12, 14],
			"to": [2, 16.3, 16.3],
			"faces": {
				"north": {"uv": [14, 0, 16, 4], "texture": "#side"},
				"east": {"uv": [2, 0, 0, 4], "texture": "#side"},
				"south": {"uv": [0, 0, 2, 4], "texture": "#side"},
				"west": {"uv": [14, 0, 16, 4], "texture": "#side"},
				"up": {"uv": [0, 14, 2, 16], "texture": "#2"},
				"down": {"uv": [14, 3, 15, 4], "texture": "#side"}
			}
		}
	]
}