{
	"credit": "Made with Blockbench",
	"texture_size": [128, 64],
	"elements": [
		{
			"from": [0, 0, -7],
			"to": [16, 3, 21],
			"faces": {
				"north": {"uv": [3.875, 0.75, 4.25, 4.75], "rotation": 90, "texture": "#side"},
				"east": {"uv": [3.875, 0, 7.375, 0.75], "texture": "#side"},
				"south": {"uv": [0, 0.75, 0.375, 4.75], "rotation": 90, "texture": "#side"},
				"west": {"uv": [0.375, 0, 3.875, 0.75], "texture": "#side"},
				"up": {"uv": [4.25, 0.75, 7.75, 4.75], "rotation": 90, "texture": "#side"},
				"down": {"uv": [0.375, 0.75, 3.875, 4.75], "rotation": 90, "texture": "#side"}
			}
		},
		{
			"from": [-1, 3, -9],
			"to": [17, 9, -7],
			"faces": {
				"north": {"uv": [2.75, 5.25, 5, 6.75], "texture": "#side"},
				"east": {"uv": [2.5, 5.25, 2.75, 6.75], "texture": "#side"},
				"south": {"uv": [0.25, 5.25, 2.5, 6.75], "texture": "#side"},
				"west": {"uv": [0, 5.25, 0.25, 6.75], "texture": "#side"},
				"up": {"uv": [0.25, 4.75, 2.5, 5.25], "texture": "#side"},
				"down": {"uv": [2.5, 5.25, 4.75, 4.75], "texture": "#side"}
			}
		},
		{
			"from": [-2, 3, -7],
			"to": [0, 9, 21],
			"faces": {
				"north": {"uv": [3.75, 11.25, 4, 12.75], "texture": "#side"},
				"east": {"uv": [3.75, 11.25, 0.25, 12.75], "texture": "#side"},
				"south": {"uv": [0, 11.25, 0.25, 12.75], "texture": "#side"},
				"west": {"uv": [4, 11.25, 7.5, 12.75], "texture": "#side"},
				"up": {"uv": [0.25, 11.25, 3.75, 10.75], "rotation": 90, "texture": "#side"},
				"down": {"uv": [3.75, 11.25, 7.25, 10.75], "rotation": 90, "texture": "#side"}
			}
		},
		{
			"from": [16, 3, -7],
			"to": [18, 9, 21],
			"faces": {
				"north": {"uv": [3.75, 9.25, 4, 10.75], "texture": "#side"},
				"east": {"uv": [4, 9.25, 7.5, 10.75], "texture": "#side"},
				"south": {"uv": [0, 9.25, 0.25, 10.75], "texture": "#side"},
				"west": {"uv": [0.25, 9.25, 3.75, 10.75], "texture": "#side"},
				"up": {"uv": [0.25, 8.75, 3.75, 9.25], "rotation": 90, "texture": "#side"},
				"down": {"uv": [3.75, 8.75, 7.25, 9.25], "rotation": 90, "texture": "#side"}
			}
		},
		{
			"from": [0, 3, 21],
			"to": [16, 9, 23],
			"faces": {
				"north": {"uv": [0.25, 7.25, 2.25, 8.75], "texture": "#side"},
				"east": {"uv": [0, 7.25, 0.25, 8.75], "texture": "#side"},
				"south": {"uv": [2.5, 7.25, 4.5, 8.75], "texture": "#side"},
				"west": {"uv": [2.25, 7.25, 2.5, 8.75], "texture": "#side"},
				"up": {"uv": [0.25, 6.75, 2.25, 7.25], "texture": "#side"},
				"down": {"uv": [2.375, 6.75, 4.375, 7.25], "texture": "#side"}
			}
		},
		{
			"name": "paddle_right",
			"from": [10, 16, 2],
			"to": [28, 18, 4],
			"rotation": {"angle": -45, "axis": "z", "origin": [9, 11, -3]},
			"faces": {
				"north": {"uv": [7.75, 9.5, 10, 10], "texture": "#side"},
				"east": {"uv": [12.5, 9.5, 12.75, 10], "texture": "#side"},
				"south": {"uv": [10.25, 9.5, 12.5, 10], "texture": "#side"},
				"west": {"uv": [10, 9.5, 10.25, 10], "texture": "#side"},
				"up": {"uv": [10.25, 9.5, 10, 5], "rotation": 270, "texture": "#side"},
				"down": {"uv": [10.5, 5, 10.25, 9.5], "rotation": 90, "texture": "#side"}
			}
		},
		{
			"name": "paddle_right",
			"from": [23, 15, 3.001],
			"to": [30, 21, 4.001],
			"rotation": {"angle": -45, "axis": "z", "origin": [9, 11, -3]},
			"faces": {
				"north": {"uv": [7.75, 6.75, 8.625, 8.25], "texture": "#side"},
				"east": {"uv": [9.625, 6.75, 9.75, 8.25], "texture": "#side"},
				"south": {"uv": [8.75, 6.75, 9.625, 8.25], "texture": "#side"},
				"west": {"uv": [8.625, 6.75, 8.75, 8.25], "texture": "#side"},
				"up": {"uv": [8.75, 6.75, 8.625, 5], "rotation": 270, "texture": "#side"},
				"down": {"uv": [8.875, 5, 8.75, 6.75], "rotation": 90, "texture": "#side"}
			}
		},
		{
			"name": "paddle_left",
			"from": [-11, 17, 1],
			"to": [7, 19, 3],
			"rotation": {"angle": 45, "axis": "z", "origin": [9, 11, -3]},
			"faces": {
				"north": {"uv": [10.25, 4.5, 12.5, 5], "texture": "#side"},
				"east": {"uv": [10, 4.5, 10.25, 5], "texture": "#side"},
				"south": {"uv": [7.75, 4.5, 10, 5], "texture": "#side"},
				"west": {"uv": [12.5, 4.5, 12.75, 5], "texture": "#side"},
				"up": {"uv": [10.25, 4.5, 10, 0], "rotation": 90, "texture": "#side"},
				"down": {"uv": [10.5, 0, 10.25, 4.5], "rotation": 270, "texture": "#side"}
			}
		},
		{
			"name": "paddle_left",
			"from": [-13, 16, 2.001],
			"to": [-6, 22, 3.001],
			"rotation": {"angle": 45, "axis": "z", "origin": [9, 11, -3]},
			"faces": {
				"north": {"uv": [8.75, 1.75, 9.625, 3.25], "texture": "#side"},
				"east": {"uv": [8.625, 1.75, 8.75, 3.25], "texture": "#side"},
				"south": {"uv": [7.75, 1.75, 8.625, 3.25], "texture": "#side"},
				"west": {"uv": [9.625, 1.75, 9.75, 3.25], "texture": "#side"},
				"up": {"uv": [8.75, 1.75, 8.625, 0], "rotation": 90, "texture": "#side"},
				"down": {"uv": [8.875, 0, 8.75, 1.75], "rotation": 270, "texture": "#side"}
			}
		}
	],
	"display": {
		"thirdperson_righthand": {
			"rotation": [75, 45, 0],
			"translation": [0, 2.5, 0],
			"scale": [0.375, 0.375, 0.375]
		},
		"thirdperson_lefthand": {
			"rotation": [75, 45, 0],
			"translation": [0, 2.5, 0],
			"scale": [0.375, 0.375, 0.375]
		},
		"firstperson_righthand": {
			"rotation": [0, 45, 0],
			"scale": [0.4, 0.4, 0.4]
		},
		"firstperson_lefthand": {
			"rotation": [0, 225, 0],
			"scale": [0.4, 0.4, 0.4]
		},
		"ground": {
			"translation": [0, 3, 0],
			"scale": [0.25, 0.25, 0.25]
		},
		"gui": {
			"rotation": [30, 225, 0],
			"translation": [-0.5, 0, 0],
			"scale": [0.39, 0.39, 0.39]
		},
		"fixed": {
			"scale": [0.5, 0.5, 0.5]
		}
	},
	"groups": [
		0,
		1,
		2,
		3,
		4,
		{
			"name": "paddle_right",
			"origin": [9, 11, -3],
			"color": 0,
			"nbt": "{}",
			"armAnimationEnabled": false,
			"children": [5, 6]
		},
		{
			"name": "paddle_left",
			"origin": [-9, 11, -3],
			"color": 0,
			"nbt": "{}",
			"armAnimationEnabled": false,
			"children": [7, 8]
		}
	]
}