{
	"credit": "Made with Blockbench",
	"texture_size": [64, 32],
	"elements": [
		{
			"from": [3.25, 0.25, 3.25],
			"to": [12.75, 9.75, 3.25],
			"faces": {
				"north": {"uv": [2, 4, 4, 8], "texture": "#layer0"},
				"east": {"uv": [0, 0, 0, 0], "texture": "#layer0"},
				"south": {"uv": [2, 4, 4, 8], "texture": "#layer0"},
				"west": {"uv": [0, 0, 0, 0], "texture": "#layer0"},
				"up": {"uv": [0, 0, 0, 0], "texture": "#layer0"},
				"down": {"uv": [0, 0, 0, 0], "texture": "#layer0"}
			}
		},
		{
			"from": [3.25, 0.25, 12.75],
			"to": [12.75, 9.75, 12.75],
			"faces": {
				"north": {"uv": [6, 4, 8, 8], "texture": "#layer0"},
				"east": {"uv": [0, 0, 0, 0], "texture": "#layer0"},
				"south": {"uv": [6, 4, 8, 8], "texture": "#layer0"},
				"west": {"uv": [0, 0, 0, 0], "texture": "#layer0"},
				"up": {"uv": [0, 0, 0, 0], "texture": "#layer0"},
				"down": {"uv": [0, 0, 0, 0], "texture": "#layer0"}
			}
		},
		{
			"from": [3.25, 0.25, 3.25],
			"to": [3.25, 9.75, 12.75],
			"faces": {
				"north": {"uv": [0, 0, 0, 0], "texture": "#layer0"},
				"east": {"uv": [4.25, 4, 6.25, 8], "texture": "#layer0"},
				"south": {"uv": [0, 0, 0, 0], "texture": "#layer0"},
				"west": {"uv": [4.25, 4, 6.25, 8], "texture": "#layer0"},
				"up": {"uv": [0, 0, 0, 0], "texture": "#layer0"},
				"down": {"uv": [0, 0, 0, 0], "texture": "#layer0"}
			}
		},
		{
			"from": [12.75, 0.25, 3.25],
			"to": [12.75, 9.75, 12.75],
			"faces": {
				"north": {"uv": [0, 0, 0, 0], "texture": "#layer0"},
				"east": {"uv": [0, 4, 2, 8], "texture": "#layer0"},
				"south": {"uv": [0, 0, 0, 0], "texture": "#layer0"},
				"west": {"uv": [0, 4, 2, 8], "texture": "#layer0"},
				"up": {"uv": [0, 0, 0, 0], "texture": "#layer0"},
				"down": {"uv": [0, 0, 0, 0], "texture": "#layer0"}
			}
		},
		{
			"from": [3.25, 9.75, 3.25],
			"to": [12.75, 9.75, 12.75],
			"faces": {
				"north": {"uv": [0, 0, 0, 0], "texture": "#layer0"},
				"east": {"uv": [0, 0, 0, 0], "texture": "#layer0"},
				"south": {"uv": [0, 0, 0, 0], "texture": "#layer0"},
				"west": {"uv": [0, 0, 0, 0], "texture": "#layer0"},
				"up": {"uv": [2, 0, 4, 4], "texture": "#layer0"},
				"down": {"uv": [2, 0, 4, 4], "texture": "#layer0"}
			}
		}
	],
	"display": {
		"thirdperson_righthand": {
			"rotation": [75, 45, 0],
			"translation": [0, 2.5, 0],
			"scale": [0.375, 0.375, 0.375]
		},
		"thirdperson_lefthand": {
			"rotation": [75, 45, 0],
			"translation": [0, 2.5, 0],
			"scale": [0.375, 0.375, 0.375]
		},
		"firstperson_righthand": {
			"rotation": [0, 111, 0],
			"translation": [2.75, 2.75, -0.5],
			"scale": [0.4, 0.4, 0.4]
		},
		"firstperson_lefthand": {
			"rotation": [0, 110, 0],
			"translation": [0.25, 3, 0.5],
			"scale": [0.4, 0.4, 0.4]
		},
		"ground": {
			"translation": [0, 1, 0],
			"scale": [0.6, 0.6, 0.6]
		},
		"gui": {
			"rotation": [30, -145, 0],
			"scale": [0.625, 0.625, 0.625]
		},
		"head": {
			"rotation": [0, 180, 0],
			"translation": [0, 1.75, 0.5],
			"scale": [1.04, 1.04, 1]
		},
		"fixed": {
			"scale": [0.5, 0.5, 0.5]
		}
	}
}