{
	"credit": "Made with Blockbench",
	"elements": [
		{
			"from": [3, 1, 7.5],
			"to": [5, 4, 8.5],
			"faces": {
				"north": {"uv": [5, 12, 3, 15], "texture": "#layer0"},
				"east": {"uv": [4, 12, 5, 15], "texture": "#layer0"},
				"south": {"uv": [3, 12, 5, 15], "texture": "#layer0"},
				"west": {"uv": [3, 12, 4, 15], "texture": "#layer0"},
				"up": {"uv": [3, 12, 5, 13], "texture": "#layer0"},
				"down": {"uv": [3, 14, 5, 15], "texture": "#layer0"}
			}
		},
		{
			"from": [2, 2, 7.5],
			"to": [3, 4, 8.5],
			"faces": {
				"north": {"uv": [2, 12, 3, 14], "texture": "#layer0"},
				"south": {"uv": [2, 12, 3, 14], "texture": "#layer0"},
				"west": {"uv": [2, 12, 3, 14], "texture": "#layer0"},
				"up": {"uv": [2, 12, 3, 13], "texture": "#layer0"},
				"down": {"uv": [2, 13, 3, 14], "texture": "#layer0"}
			}
		},
		{
			"from": [5, 3, 7.5],
			"to": [6, 4, 8.5],
			"faces": {
				"north": {"uv": [5, 12, 6, 13], "texture": "#layer0"},
				"east": {"uv": [5, 12, 6, 13], "texture": "#layer0"},
				"south": {"uv": [5, 12, 6, 13], "texture": "#layer0"},
				"down": {"uv": [5, 12, 6, 13], "texture": "#layer0"}
			}
		},
		{
			"from": [4, 4, 7.5],
			"to": [5, 5, 8.5],
			"faces": {
				"north": {"uv": [4, 11, 5, 12], "texture": "#layer0"},
				"south": {"uv": [4, 11, 5, 12], "texture": "#layer0"},
				"west": {"uv": [4, 11, 5, 12], "texture": "#layer0"},
				"up": {"uv": [4, 11, 5, 12], "texture": "#layer0"}
			}
		},
		{
			"from": [7, 5, 7.5],
			"to": [8, 6, 8.5],
			"faces": {
				"north": {"uv": [6, 11, 7, 12], "texture": "#layer0"},
				"east": {"uv": [6, 11, 7, 12], "texture": "#layer0"},
				"south": {"uv": [6, 11, 7, 12], "texture": "#layer0"},
				"down": {"uv": [6, 11, 7, 12], "texture": "#layer0"}
			}
		},
		{
			"from": [6, 6, 7.5],
			"to": [7, 7, 8.5],
			"faces": {
				"north": {"uv": [6, 9, 7, 10], "texture": "#layer0"},
				"south": {"uv": [6, 9, 7, 10], "texture": "#layer0"},
				"west": {"uv": [6, 9, 7, 10], "texture": "#layer0"},
				"up": {"uv": [6, 9, 7, 10], "texture": "#layer0"}
			}
		},
		{
			"from": [9, 7, 7.5],
			"to": [10, 8, 8.5],
			"faces": {
				"north": {"uv": [9, 8, 10, 9], "texture": "#layer0"},
				"east": {"uv": [9, 8, 10, 9], "texture": "#layer0"},
				"south": {"uv": [9, 8, 10, 9], "texture": "#layer0"},
				"down": {"uv": [9, 8, 10, 9], "texture": "#layer0"}
			}
		},
		{
			"from": [9, 9, 7.5],
			"to": [10, 10, 8.5],
			"faces": {
				"north": {"uv": [9, 6, 10, 7], "texture": "#layer0"},
				"east": {"uv": [9, 6, 10, 7], "texture": "#layer0"},
				"south": {"uv": [9, 6, 10, 7], "texture": "#layer0"},
				"west": {"uv": [9, 6, 10, 7], "texture": "#layer0"},
				"up": {"uv": [9, 6, 10, 7], "texture": "#layer0"}
			}
		},
		{
			"from": [8, 10, 7.5],
			"to": [9, 11, 8.5],
			"faces": {
				"north": {"uv": [8, 5, 9, 6], "texture": "#layer0"},
				"east": {"uv": [8, 5, 9, 6], "texture": "#layer0"},
				"south": {"uv": [8, 5, 9, 6], "texture": "#layer0"},
				"west": {"uv": [8, 5, 9, 6], "texture": "#layer0"},
				"up": {"uv": [8, 5, 9, 6], "texture": "#layer0"},
				"down": {"uv": [8, 5, 9, 6], "texture": "#layer0"}
			}
		},
		{
			"from": [11, 7, 7.5],
			"to": [12, 8, 8.5],
			"faces": {
				"north": {"uv": [11, 8, 12, 9], "texture": "#layer0"},
				"east": {"uv": [11, 8, 12, 9], "texture": "#layer0"},
				"south": {"uv": [11, 8, 12, 9], "texture": "#layer0"},
				"west": {"uv": [11, 8, 12, 9], "texture": "#layer0"},
				"up": {"uv": [11, 8, 12, 9], "texture": "#layer0"},
				"down": {"uv": [11, 8, 12, 9], "texture": "#layer0"}
			}
		},
		{
			"from": [9, 11, 7.5],
			"to": [10, 12, 8.5],
			"faces": {
				"north": {"uv": [9, 4, 10, 5], "texture": "#layer0"},
				"east": {"uv": [9, 4, 10, 5], "texture": "#layer0"},
				"south": {"uv": [9, 4, 10, 5], "texture": "#layer0"},
				"west": {"uv": [9, 4, 10, 5], "texture": "#layer0"},
				"up": {"uv": [9, 4, 10, 5], "texture": "#layer0"},
				"down": {"uv": [9, 4, 10, 5], "texture": "#layer0"}
			}
		},
		{
			"from": [12, 8, 7.5],
			"to": [13, 9, 8.5],
			"faces": {
				"north": {"uv": [12, 7, 13, 8], "texture": "#layer0"},
				"east": {"uv": [12, 7, 13, 8], "texture": "#layer0"},
				"south": {"uv": [12, 7, 13, 8], "texture": "#layer0"},
				"west": {"uv": [12, 7, 13, 8], "texture": "#layer0"},
				"up": {"uv": [12, 7, 13, 8], "texture": "#layer0"},
				"down": {"uv": [12, 7, 13, 8], "texture": "#layer0"}
			}
		},
		{
			"from": [13, 9, 7.5],
			"to": [14, 10, 8.5],
			"faces": {
				"north": {"uv": [13, 6, 14, 7], "texture": "#layer0"},
				"east": {"uv": [13, 6, 14, 7], "texture": "#layer0"},
				"south": {"uv": [13, 6, 14, 7], "texture": "#layer0"},
				"west": {"uv": [13, 6, 14, 7], "texture": "#layer0"},
				"up": {"uv": [13, 6, 14, 7], "texture": "#layer0"},
				"down": {"uv": [13, 6, 14, 7], "texture": "#layer0"}
			}
		},
		{
			"from": [10, 12, 7.5],
			"to": [11, 13, 8.5],
			"faces": {
				"north": {"uv": [10, 3, 11, 4], "texture": "#layer0"},
				"east": {"uv": [10, 3, 11, 4], "texture": "#layer0"},
				"south": {"uv": [10, 3, 11, 4], "texture": "#layer0"},
				"west": {"uv": [10, 3, 11, 4], "texture": "#layer0"},
				"up": {"uv": [10, 3, 11, 4], "texture": "#layer0"},
				"down": {"uv": [10, 3, 11, 4], "texture": "#layer0"}
			}
		},
		{
			"from": [14, 10, 7.5],
			"to": [15, 13, 8.5],
			"faces": {
				"north": {"uv": [14, 3, 15, 6], "texture": "#layer0"},
				"east": {"uv": [14, 3, 15, 6], "texture": "#layer0"},
				"south": {"uv": [14, 3, 15, 6], "texture": "#layer0"},
				"west": {"uv": [14, 3, 15, 6], "texture": "#layer0"},
				"up": {"uv": [14, 3, 15, 4], "texture": "#layer0"},
				"down": {"uv": [14, 5, 15, 6], "texture": "#layer0"}
			}
		},
		{
			"from": [11, 13, 7.5],
			"to": [14, 14, 8.5],
			"faces": {
				"north": {"uv": [14, 2, 11, 3], "texture": "#layer0"},
				"east": {"uv": [13, 2, 14, 3], "texture": "#layer0"},
				"south": {"uv": [11, 2, 14, 3], "texture": "#layer0"},
				"west": {"uv": [11, 2, 12, 3], "texture": "#layer0"},
				"up": {"uv": [11, 2, 14, 3], "texture": "#layer0"},
				"down": {"uv": [11, 2, 14, 3], "texture": "#layer0"}
			}
		},
		{
			"from": [5, 4, 7.5],
			"to": [7, 6, 8.5],
			"faces": {
				"north": {"uv": [7, 10, 5, 12], "texture": "#layer0"},
				"east": {"uv": [6, 10, 7, 12], "texture": "#layer0"},
				"south": {"uv": [5, 10, 7, 12], "texture": "#layer0"},
				"west": {"uv": [5, 10, 6, 12], "texture": "#layer0"},
				"up": {"uv": [5, 10, 7, 11], "texture": "#layer0"},
				"down": {"uv": [5, 11, 7, 12], "texture": "#layer0"}
			}
		},
		{
			"from": [7, 6, 7.5],
			"to": [9, 8, 8.5],
			"faces": {
				"north": {"uv": [9, 8, 7, 10], "texture": "#layer0"},
				"east": {"uv": [8, 8, 9, 10], "texture": "#layer0"},
				"south": {"uv": [7, 8, 9, 10], "texture": "#layer0"},
				"west": {"uv": [7, 8, 8, 10], "texture": "#layer0"},
				"up": {"uv": [7, 8, 9, 9], "texture": "#layer0"},
				"down": {"uv": [7, 9, 9, 10], "texture": "#layer0"}
			}
		},
		{
			"from": [8, 8, 7.5],
			"to": [11, 9, 8.5],
			"faces": {
				"north": {"uv": [11, 7, 8, 8], "texture": "#layer0"},
				"east": {"uv": [10, 7, 11, 8], "texture": "#layer0"},
				"south": {"uv": [8, 7, 11, 8], "texture": "#layer0"},
				"west": {"uv": [8, 7, 9, 8], "texture": "#layer0"},
				"up": {"uv": [8, 7, 11, 8], "texture": "#layer0"},
				"down": {"uv": [8, 7, 11, 8], "texture": "#layer0"}
			}
		},
		{
			"from": [9, 10, 7.3],
			"to": [10, 11, 8.1],
			"faces": {
				"north": {"uv": [9, 5, 10, 6], "texture": "#layer0"},
				"east": {"uv": [9, 5, 10, 6], "texture": "#layer0"},
				"south": {"uv": [9, 5, 10, 6], "texture": "#layer0"},
				"west": {"uv": [9, 5, 10, 6], "texture": "#layer0"},
				"up": {"uv": [9, 5, 10, 6], "texture": "#layer0"},
				"down": {"uv": [9, 5, 10, 6], "texture": "#layer0"}
			}
		},
		{
			"from": [13, 10, 7.3],
			"to": [14, 12, 8.1],
			"faces": {
				"north": {"uv": [13, 4, 14, 6], "texture": "#layer0"},
				"east": {"uv": [13, 4, 13.8, 6], "texture": "#layer0"},
				"south": {"uv": [13, 4, 14, 6], "texture": "#layer0"},
				"west": {"uv": [13, 4, 13.8, 6], "texture": "#layer0"},
				"down": {"uv": [13, 5, 14, 5.8], "texture": "#layer0"}
			}
		},
		{
			"from": [11, 8, 7.3],
			"to": [12, 9, 8.1],
			"faces": {
				"north": {"uv": [11, 7, 12, 8], "texture": "#layer0"},
				"east": {"uv": [11, 7, 12, 8], "texture": "#layer0"},
				"south": {"uv": [11, 7, 12, 8], "texture": "#layer0"},
				"west": {"uv": [11, 7, 12, 8], "texture": "#layer0"},
				"up": {"uv": [11, 7, 12, 8], "texture": "#layer0"},
				"down": {"uv": [11, 7, 12, 8], "texture": "#layer0"}
			}
		},
		{
			"from": [12, 9, 7.3],
			"to": [13, 10, 8.1],
			"faces": {
				"north": {"uv": [12, 6, 13, 7], "texture": "#layer0"},
				"east": {"uv": [12, 6, 13, 7], "texture": "#layer0"},
				"south": {"uv": [12, 6, 13, 7], "texture": "#layer0"},
				"west": {"uv": [12, 6, 13, 7], "texture": "#layer0"},
				"up": {"uv": [12, 6, 13, 7], "texture": "#layer0"},
				"down": {"uv": [12, 6, 13, 7], "texture": "#layer0"}
			}
		},
		{
			"from": [10, 9, 7.1],
			"to": [12, 11, 7.8],
			"faces": {
				"north": {"uv": [12, 5, 10, 7], "texture": "#layer0"},
				"east": {"uv": [11, 5, 12, 7], "texture": "#layer0"},
				"south": {"uv": [10, 5, 12, 7], "texture": "#layer0"},
				"west": {"uv": [10, 5, 11, 7], "texture": "#layer0"},
				"up": {"uv": [10, 5, 12, 7], "texture": "#layer0"},
				"down": {"uv": [10, 5, 12, 7], "texture": "#layer0"}
			}
		},
		{
			"from": [12, 10, 7.1],
			"to": [13, 11, 7.8],
			"faces": {
				"north": {"uv": [12, 5, 13, 6], "texture": "#layer0"},
				"east": {"uv": [12, 5, 13, 6], "texture": "#layer0"},
				"south": {"uv": [12, 5, 13, 6], "texture": "#layer0"},
				"down": {"uv": [12, 5, 13, 6], "texture": "#layer0"}
			}
		},
		{
			"from": [11, 11, 7.1],
			"to": [13, 12, 7.8],
			"faces": {
				"north": {"uv": [13, 4, 11, 5], "texture": "#layer0"},
				"east": {"uv": [12, 4, 12.7, 5], "texture": "#layer0"},
				"south": {"uv": [11, 4, 13, 5], "texture": "#layer0"},
				"west": {"uv": [11, 4, 11.7, 5], "texture": "#layer0"},
				"up": {"uv": [11, 4, 13, 4.7], "texture": "#layer0"}
			}
		},
		{
			"from": [10, 11, 7.3],
			"to": [11, 12, 8.1],
			"faces": {
				"north": {"uv": [10, 4, 11, 5], "texture": "#layer0"},
				"east": {"uv": [10, 4, 11, 5], "texture": "#layer0"},
				"south": {"uv": [10, 4, 11, 5], "texture": "#layer0"},
				"west": {"uv": [10, 4, 11, 5], "texture": "#layer0"},
				"up": {"uv": [10, 4, 11, 5], "texture": "#layer0"},
				"down": {"uv": [10, 4, 11, 5], "texture": "#layer0"}
			}
		},
		{
			"from": [11, 12, 7.3],
			"to": [14, 13, 8.1],
			"faces": {
				"north": {"uv": [14, 3, 11, 4], "texture": "#layer0"},
				"east": {"uv": [13, 3, 13.8, 4], "texture": "#layer0"},
				"south": {"uv": [11, 3, 14, 4], "texture": "#layer0"},
				"west": {"uv": [11, 3, 11.8, 4], "texture": "#layer0"},
				"up": {"uv": [11, 3, 14, 3.8], "texture": "#layer0"},
				"down": {"uv": [11, 3, 14, 3.8], "texture": "#layer0"}
			}
		}
	],
	"gui_light": "front",
	"display": {
		"thirdperson_righthand": {
			"rotation": [0, -90, 45],
			"translation": [0, 2.25, 1.75],
			"scale": [0.8, 0.8, 0.8]
		},
		"thirdperson_lefthand": {
			"rotation": [0, -90, -45],
			"translation": [0, 2.25, 2.5],
			"scale": [0.8, 0.8, 0.8]
		},
		"firstperson_righthand": {
			"rotation": [0, -90, 25],
			"translation": [1.13, 3.2, 1.13],
			"scale": [0.68, 0.68, 0.68]
		},
		"firstperson_lefthand": {
			"rotation": [0, -90, -70],
			"translation": [1.13, 2.95, 1.75],
			"scale": [0.68, 0.68, 0.68]
		},
		"ground": {
			"rotation": [-90, 0, 0],
			"scale": [0.6, 0.6, 0.6]
		},
		"head": {
			"rotation": [1, -86, -180],
			"translation": [7.25, 3.5, 4.5]
		},
		"fixed": {
			"rotation": [-180, 0, -90],
			"translation": [0, 0, -0.5]
		}
	}
}