{
	"credit": "Made with Blockbench",
	"textures": {
		"layer0": "item/iron_hoe"
	},
	"elements": [
		{
			"from": [2, 1, 7.5],
			"to": [4, 3, 8.5],
			"faces": {
				"north": {"uv": [4, 13, 2, 15], "texture": "#layer0"},
				"east": {"uv": [3, 13, 4, 15], "texture": "#layer0"},
				"south": {"uv": [2, 13, 4, 15], "texture": "#layer0"},
				"west": {"uv": [2, 13, 3, 15], "texture": "#layer0"},
				"up": {"uv": [2, 13, 4, 14], "texture": "#layer0"},
				"down": {"uv": [2, 14, 4, 15], "texture": "#layer0"}
			}
		},
		{
			"from": [6, 4, 7.5],
			"to": [7, 5, 8.5],
			"faces": {
				"north": {"uv": [6, 11, 7, 12], "texture": "#layer0"},
				"east": {"uv": [6, 11, 7, 12], "texture": "#layer0"},
				"south": {"uv": [6, 11, 7, 12], "texture": "#layer0"},
				"down": {"uv": [6, 11, 7, 12], "texture": "#layer0"}
			}
		},
		{
			"from": [4, 2, 7.5],
			"to": [5, 3, 8.5],
			"faces": {
				"north": {"uv": [4, 13, 5, 14], "texture": "#layer0"},
				"east": {"uv": [4, 13, 5, 14], "texture": "#layer0"},
				"south": {"uv": [4, 13, 5, 14], "texture": "#layer0"},
				"down": {"uv": [4, 13, 5, 14], "texture": "#layer0"}
			}
		},
		{
			"from": [3, 3, 7.5],
			"to": [4, 4, 8.5],
			"faces": {
				"north": {"uv": [3, 12, 4, 13], "texture": "#layer0"},
				"south": {"uv": [3, 12, 4, 13], "texture": "#layer0"},
				"west": {"uv": [3, 12, 4, 13], "texture": "#layer0"},
				"up": {"uv": [3, 12, 4, 13], "texture": "#layer0"}
			}
		},
		{
			"from": [5, 5, 7.5],
			"to": [6, 6, 8.5],
			"faces": {
				"north": {"uv": [5, 11, 6, 10], "texture": "#layer0"},
				"south": {"uv": [5, 11, 6, 10], "texture": "#layer0"},
				"west": {"uv": [5, 11, 6, 10], "texture": "#layer0"},
				"up": {"uv": [5, 11, 6, 10], "texture": "#layer0"}
			}
		},
		{
			"from": [11, 9, 7.5],
			"to": [13, 10, 8.5],
			"faces": {
				"north": {"uv": [13, 6, 11, 7], "texture": "#layer0"},
				"east": {"uv": [12, 6, 13, 7], "texture": "#layer0"},
				"south": {"uv": [11, 6, 13, 7], "texture": "#layer0"},
				"down": {"uv": [11, 6, 13, 7], "texture": "#layer0"}
			}
		},
		{
			"from": [11, 10, 7.5],
			"to": [14, 13, 8.5],
			"faces": {
				"north": {"uv": [14, 3, 11, 6], "texture": "#layer0"},
				"east": {"uv": [13, 3, 14, 6], "texture": "#layer0"},
				"south": {"uv": [11, 3, 14, 6], "texture": "#layer0"},
				"up": {"uv": [11, 3, 14, 4], "texture": "#layer0"},
				"down": {"uv": [11, 5, 14, 6], "texture": "#layer0"}
			}
		},
		{
			"from": [9, 9, 7.5],
			"to": [10, 10, 8.5],
			"faces": {
				"north": {"uv": [9, 6, 10, 7], "texture": "#layer0"},
				"south": {"uv": [9, 6, 10, 7], "texture": "#layer0"},
				"west": {"uv": [9, 6, 10, 7], "texture": "#layer0"},
				"up": {"uv": [9, 6, 10, 7], "texture": "#layer0"}
			}
		},
		{
			"from": [9, 11, 7.5],
			"to": [10, 12, 8.5],
			"faces": {
				"north": {"uv": [9, 4, 10, 5], "texture": "#layer0"},
				"south": {"uv": [9, 4, 10, 5], "texture": "#layer0"},
				"west": {"uv": [9, 4, 10, 5], "texture": "#layer0"},
				"down": {"uv": [9, 4, 10, 5], "texture": "#layer0"}
			}
		},
		{
			"from": [6, 13, 7.5],
			"to": [7, 14, 8.5],
			"faces": {
				"north": {"uv": [6, 2, 7, 3], "texture": "#layer0"},
				"south": {"uv": [6, 2, 7, 3], "texture": "#layer0"},
				"west": {"uv": [6, 2, 7, 3], "texture": "#layer0"},
				"up": {"uv": [6, 2, 7, 3], "texture": "#layer0"},
				"down": {"uv": [6, 2, 7, 3], "texture": "#layer0"}
			}
		},
		{
			"from": [7, 12, 7.5],
			"to": [10, 15, 8.5],
			"faces": {
				"north": {"uv": [10, 1, 7, 4], "texture": "#layer0"},
				"east": {"uv": [9, 1, 10, 4], "texture": "#layer0"},
				"south": {"uv": [7, 1, 10, 4], "texture": "#layer0"},
				"west": {"uv": [7, 1, 8, 4], "texture": "#layer0"},
				"up": {"uv": [7, 1, 10, 2], "texture": "#layer0"},
				"down": {"uv": [7, 3, 10, 4], "texture": "#layer0"}
			}
		},
		{
			"from": [8, 6, 7.5],
			"to": [9, 7, 8.5],
			"faces": {
				"north": {"uv": [8, 9, 9, 10], "texture": "#layer0"},
				"east": {"uv": [8, 9, 9, 10], "texture": "#layer0"},
				"south": {"uv": [8, 9, 9, 10], "texture": "#layer0"},
				"down": {"uv": [8, 9, 9, 10], "texture": "#layer0"}
			}
		},
		{
			"from": [7, 7, 7.5],
			"to": [8, 8, 8.5],
			"faces": {
				"north": {"uv": [7, 8, 8, 9], "texture": "#layer0"},
				"south": {"uv": [7, 8, 8, 9], "texture": "#layer0"},
				"west": {"uv": [7, 8, 8, 9], "texture": "#layer0"},
				"up": {"uv": [7, 8, 8, 9], "texture": "#layer0"}
			}
		},
		{
			"from": [10, 8, 7.5],
			"to": [11, 11, 8.5],
			"faces": {
				"north": {"uv": [10, 5, 11, 8], "texture": "#layer0"},
				"east": {"uv": [10, 5, 11, 8], "texture": "#layer0"},
				"south": {"uv": [10, 5, 11, 8], "texture": "#layer0"},
				"west": {"uv": [10, 5, 11, 8], "texture": "#layer0"},
				"down": {"uv": [10, 7, 11, 8], "texture": "#layer0"}
			}
		},
		{
			"from": [10, 11, 7.5],
			"to": [11, 14, 8.5],
			"faces": {
				"north": {"uv": [10, 2, 11, 5], "texture": "#layer0"},
				"east": {"uv": [10, 2, 11, 5], "texture": "#layer0"},
				"south": {"uv": [10, 2, 11, 5], "texture": "#layer0"},
				"up": {"uv": [10, 2, 11, 3], "texture": "#layer0"}
			}
		},
		{
			"from": [4, 3, 7.5],
			"to": [6, 5, 8.5],
			"faces": {
				"north": {"uv": [6, 11, 4, 13], "texture": "#layer0"},
				"east": {"uv": [5, 11, 6, 13], "texture": "#layer0"},
				"south": {"uv": [4, 11, 6, 13], "texture": "#layer0"},
				"west": {"uv": [4, 11, 5, 13], "texture": "#layer0"},
				"up": {"uv": [4, 11, 6, 12], "texture": "#layer0"},
				"down": {"uv": [4, 12, 6, 13], "texture": "#layer0"}
			}
		},
		{
			"from": [6, 5, 7.5],
			"to": [8, 7, 8.5],
			"faces": {
				"north": {"uv": [8, 9, 6, 11], "texture": "#layer0"},
				"east": {"uv": [7, 9, 8, 11], "texture": "#layer0"},
				"south": {"uv": [6, 9, 8, 11], "texture": "#layer0"},
				"west": {"uv": [6, 9, 7, 11], "texture": "#layer0"},
				"up": {"uv": [6, 9, 8, 10], "texture": "#layer0"},
				"down": {"uv": [6, 10, 8, 11], "texture": "#layer0"}
			}
		},
		{
			"from": [8, 7, 7.5],
			"to": [10, 9, 8.5],
			"faces": {
				"north": {"uv": [10, 7, 8, 9], "texture": "#layer0"},
				"east": {"uv": [9, 7, 10, 9], "texture": "#layer0"},
				"south": {"uv": [8, 7, 10, 9], "texture": "#layer0"},
				"west": {"uv": [8, 7, 9, 9], "texture": "#layer0"},
				"up": {"uv": [8, 7, 10, 8], "texture": "#layer0"},
				"down": {"uv": [8, 8, 10, 9], "texture": "#layer0"}
			}
		},
		{
			"from": [7, 13, 7.4],
			"to": [10, 14, 8.6],
			"faces": {
				"north": {"uv": [10, 2, 7, 3], "texture": "#layer0"},
				"east": {"uv": [9, 2, 10, 3], "texture": "#layer0"},
				"south": {"uv": [7, 2, 10, 3], "texture": "#layer0"},
				"west": {"uv": [7, 2, 8, 3], "texture": "#layer0"},
				"up": {"uv": [7, 2, 10, 3], "texture": "#layer0"},
				"down": {"uv": [7, 2, 10, 3], "texture": "#layer0"}
			}
		},
		{
			"from": [9, 12, 7.4],
			"to": [11, 13, 8.6],
			"faces": {
				"north": {"uv": [11, 3, 9, 4], "texture": "#layer0"},
				"east": {"uv": [10, 3, 11, 4], "texture": "#layer0"},
				"south": {"uv": [9, 3, 11, 4], "texture": "#layer0"},
				"west": {"uv": [9, 3, 10, 4], "texture": "#layer0"},
				"up": {"uv": [9, 3, 11, 4], "texture": "#layer0"},
				"down": {"uv": [9, 3, 11, 4], "texture": "#layer0"}
			}
		},
		{
			"from": [10, 11, 7.4],
			"to": [12, 12, 8.6],
			"faces": {
				"north": {"uv": [12, 4, 10, 5], "texture": "#layer0"},
				"east": {"uv": [11, 4, 12, 5], "texture": "#layer0"},
				"south": {"uv": [10, 4, 12, 5], "texture": "#layer0"},
				"west": {"uv": [10, 4, 11, 5], "texture": "#layer0"},
				"up": {"uv": [10, 4, 12, 5], "texture": "#layer0"},
				"down": {"uv": [10, 4, 12, 5], "texture": "#layer0"}
			}
		},
		{
			"from": [11, 10, 7.4],
			"to": [13, 11, 8.6],
			"faces": {
				"north": {"uv": [13, 5, 11, 6], "texture": "#layer0"},
				"east": {"uv": [12, 5, 13, 6], "texture": "#layer0"},
				"south": {"uv": [11, 5, 13, 6], "texture": "#layer0"},
				"west": {"uv": [11, 5, 12, 6], "texture": "#layer0"},
				"up": {"uv": [11, 5, 13, 6], "texture": "#layer0"},
				"down": {"uv": [11, 5, 13, 6], "texture": "#layer0"}
			}
		}
	],
	"gui_light": "front",
	"display": {
		"thirdperson_righthand": {
			"rotation": [0, -90, 45],
			"translation": [0, 2.25, 2.75],
			"scale": [0.8, 0.8, 0.8]
		},
		"thirdperson_lefthand": {
			"rotation": [0, 90, -45],
			"translation": [0, 2.25, 2],
			"scale": [0.8, 0.8, 0.8]
		},
		"firstperson_righthand": {
			"rotation": [0, -90, 25],
			"translation": [1.13, 3.2, 1.13],
			"scale": [0.68, 0.68, 0.68]
		},
		"firstperson_lefthand": {
			"rotation": [0, 90, -25],
			"translation": [1.13, 3.2, 1.13],
			"scale": [0.68, 0.68, 0.68]
		},
		"ground": {
			"rotation": [-90, 0, 0],
			"scale": [0.6, 0.6, 0.6]
		},
		"head": {
			"rotation": [9, -90, 92],
			"translation": [0, 2.5, -4.5]
		}
	}
}