{
	"credit": "Made with Blockbench",
	"textures": {
		"base": "item/compass_base",
		"particle": "item/compass_base1",
		"base1": "item/compass_base1"
	},
	"elements": [
		{
			"from": [5, 2, 7.5],
			"to": [11, 14, 8.5],
			"rotation": {"angle": 0, "axis": "y", "origin": [8, 8, 8]},
			"faces": {
				"north": {"uv": [5, 2, 11, 14], "texture": "#base"},
				"east": {"uv": [5, 2, 6, 14], "texture": "#base"},
				"south": {"uv": [11, 2, 5, 14], "texture": "#base1"},
				"west": {"uv": [10, 2, 11, 14], "texture": "#base"},
				"up": {"uv": [5, 2, 11, 3], "texture": "#base"},
				"down": {"uv": [5, 13, 11, 14], "texture": "#base"}
			}
		},
		{
			"from": [3, 3, 7.5],
			"to": [13, 13, 8.5],
			"rotation": {"angle": 0, "axis": "y", "origin": [8, 8, 8]},
			"faces": {
				"north": {"uv": [3, 3, 13, 13], "texture": "#base"},
				"east": {"uv": [3, 3, 4, 13], "texture": "#base"},
				"south": {"uv": [13, 3, 3, 13], "texture": "#base1"},
				"west": {"uv": [12, 3, 13, 13], "texture": "#base"},
				"up": {"uv": [3, 3, 13, 4], "texture": "#base"},
				"down": {"uv": [3, 12, 13, 13], "texture": "#base"}
			}
		},
		{
			"from": [2, 4, 7.5],
			"to": [14, 12, 8.5],
			"rotation": {"angle": 0, "axis": "y", "origin": [8, 8, 8]},
			"faces": {
				"north": {"uv": [2, 4, 14, 12], "texture": "#base"},
				"east": {"uv": [2, 4, 3, 12], "texture": "#base"},
				"south": {"uv": [14, 4, 2, 12], "texture": "#base1"},
				"west": {"uv": [13, 4, 14, 12], "texture": "#base"},
				"up": {"uv": [2, 4, 14, 5], "texture": "#base"},
				"down": {"uv": [2, 11, 14, 12], "texture": "#base"}
			}
		},
		{
			"from": [1, 5, 7.5],
			"to": [15, 11, 8.5],
			"rotation": {"angle": 0, "axis": "y", "origin": [8, 8, 8]},
			"faces": {
				"north": {"uv": [1, 5, 15, 11], "texture": "#base"},
				"east": {"uv": [1, 5, 2, 11], "texture": "#base"},
				"south": {"uv": [15, 5, 1, 11], "texture": "#base1"},
				"west": {"uv": [14, 5, 15, 11], "texture": "#base"},
				"up": {"uv": [1, 5, 15, 6], "texture": "#base"},
				"down": {"uv": [1, 10, 15, 11], "texture": "#base"}
			}
		},
		{
			"from": [5, 2, 6.8],
			"to": [11, 6, 7.501],
			"rotation": {"angle": 0, "axis": "y", "origin": [8, 8, 8]},
			"faces": {
				"north": {"uv": [5, 10, 11, 14], "texture": "#base"},
				"east": {"uv": [10, 10, 11, 14], "texture": "#base"},
				"west": {"uv": [5, 10, 6, 14], "texture": "#base"},
				"up": {"uv": [11, 10, 5, 11], "texture": "#base"},
				"down": {"uv": [5, 13, 11, 14], "texture": "#base"}
			}
		},
		{
			"from": [3, 3, 6.8],
			"to": [13, 6, 7.501],
			"rotation": {"angle": 0, "axis": "y", "origin": [8, 8, 8]},
			"faces": {
				"north": {"uv": [3, 10, 13, 13], "texture": "#base"},
				"east": {"uv": [3, 10, 4, 13], "texture": "#base"},
				"west": {"uv": [12, 10, 13, 13], "texture": "#base"},
				"down": {"uv": [3, 12, 13, 13], "texture": "#base"}
			}
		},
		{
			"from": [2, 4, 6.8],
			"to": [14, 6, 7.501],
			"rotation": {"angle": 0, "axis": "y", "origin": [8, 8, 8]},
			"faces": {
				"north": {"uv": [2, 10, 14, 12], "texture": "#base"},
				"east": {"uv": [2, 10, 3, 12], "texture": "#base"},
				"west": {"uv": [13, 10, 14, 12], "texture": "#base"},
				"down": {"uv": [2, 11, 14, 12], "texture": "#base"}
			}
		},
		{
			"from": [2, 6, 6.8],
			"to": [5, 7, 7.501],
			"rotation": {"angle": 0, "axis": "y", "origin": [8, 8, 8]},
			"faces": {
				"north": {"uv": [11, 9, 14, 10], "texture": "#base"},
				"east": {"uv": [11, 9, 12, 10], "texture": "#base"},
				"up": {"uv": [14, 9, 11, 10], "texture": "#base"},
				"down": {"uv": [2, 8, 5, 9], "texture": "#missing"}
			}
		},
		{
			"from": [11, 6, 6.8],
			"to": [14, 7, 7.501],
			"rotation": {"angle": 0, "axis": "y", "origin": [8, 8, 8]},
			"faces": {
				"north": {"uv": [2, 9, 5, 10], "texture": "#base"},
				"west": {"uv": [4, 9, 5, 10], "texture": "#base"},
				"up": {"uv": [5, 9, 2, 10], "texture": "#base"},
				"down": {"uv": [11, 8, 14, 9], "texture": "#missing"}
			}
		},
		{
			"from": [1, 5, 6.8],
			"to": [2, 11, 7.501],
			"rotation": {"angle": 0, "axis": "y", "origin": [8, 8, 8]},
			"faces": {
				"north": {"uv": [14, 5, 15, 11], "texture": "#base"},
				"east": {"uv": [14, 5, 15, 11], "texture": "#base"},
				"west": {"uv": [14, 5, 15, 11], "texture": "#base"},
				"up": {"uv": [14, 5, 15, 6], "texture": "#base"},
				"down": {"uv": [14, 10, 15, 11], "texture": "#base"}
			}
		},
		{
			"from": [14, 5, 6.8],
			"to": [15, 11, 7.501],
			"rotation": {"angle": 0, "axis": "y", "origin": [8, 8, 8]},
			"faces": {
				"north": {"uv": [1, 5, 2, 11], "texture": "#base"},
				"east": {"uv": [1, 5, 2, 11], "texture": "#base"},
				"west": {"uv": [1, 5, 2, 11], "texture": "#base"},
				"up": {"uv": [1, 5, 2, 6], "texture": "#base"},
				"down": {"uv": [1, 10, 2, 11], "texture": "#base"}
			}
		},
		{
			"from": [5, 12, 6.8],
			"to": [11, 14, 7.501],
			"rotation": {"angle": 0, "axis": "y", "origin": [8, 8, 8]},
			"faces": {
				"north": {"uv": [5, 2, 11, 4], "texture": "#base"},
				"east": {"uv": [10, 2, 11, 4], "texture": "#base"},
				"west": {"uv": [5, 2, 6, 4], "texture": "#base"},
				"up": {"uv": [5, 2, 11, 3], "texture": "#base"}
			}
		},
		{
			"from": [3, 12, 6.8],
			"to": [13, 13, 7.501],
			"rotation": {"angle": 0, "axis": "y", "origin": [8, 8, 8]},
			"faces": {
				"north": {"uv": [3, 3, 13, 4], "texture": "#base"},
				"east": {"uv": [3, 3, 4, 4], "texture": "#base"},
				"west": {"uv": [12, 3, 13, 4], "texture": "#base"},
				"up": {"uv": [13, 3, 3, 4], "texture": "#base"},
				"down": {"uv": [13, 3, 3, 4], "texture": "#base"}
			}
		},
		{
			"from": [2, 11, 6.8],
			"to": [3, 12, 7.501],
			"rotation": {"angle": 0, "axis": "y", "origin": [8, 8, 8]},
			"faces": {
				"north": {"uv": [13, 4, 14, 5], "texture": "#base"},
				"east": {"uv": [13, 4, 14, 5], "texture": "#base"},
				"west": {"uv": [13, 4, 14, 5], "texture": "#base"},
				"up": {"uv": [13, 4, 14, 5], "texture": "#base"},
				"down": {"uv": [13, 4, 14, 5], "texture": "#base"}
			}
		},
		{
			"from": [13, 11, 6.8],
			"to": [14, 12, 7.501],
			"rotation": {"angle": 0, "axis": "y", "origin": [8, 8, 8]},
			"faces": {
				"north": {"uv": [2, 4, 3, 5], "texture": "#base"},
				"east": {"uv": [2, 4, 3, 5], "texture": "#base"},
				"west": {"uv": [2, 4, 3, 5], "texture": "#base"},
				"up": {"uv": [2, 4, 3, 5], "texture": "#base"},
				"down": {"uv": [2, 4, 3, 5], "texture": "#base"}
			}
		},
		{
			"from": [3, 8, 7],
			"to": [4, 9, 7.5],
			"rotation": {"angle": 0, "axis": "y", "origin": [8, 8, 8]},
			"faces": {
				"north": {"uv": [12, 7, 13, 8], "texture": "#layer0"},
				"east": {"uv": [12, 7, 13, 8], "texture": "#layer0"},
				"west": {"uv": [12, 7, 13, 8], "texture": "#layer0"},
				"up": {"uv": [12, 7, 13, 8], "texture": "#layer0"},
				"down": {"uv": [12, 7, 13, 8], "texture": "#layer0"}
			}
		},
		{
			"from": [3, 9, 7],
			"to": [4, 10, 7.5],
			"rotation": {"angle": 0, "axis": "y", "origin": [8, 8, 8]},
			"faces": {
				"north": {"uv": [12, 6, 13, 7], "texture": "#layer0"},
				"east": {"uv": [12, 6, 13, 7], "texture": "#layer0"},
				"west": {"uv": [12, 6, 13, 7], "texture": "#layer0"},
				"up": {"uv": [12, 6, 13, 7], "texture": "#layer0"},
				"down": {"uv": [12, 6, 13, 7], "texture": "#layer0"}
			}
		},
		{
			"from": [4, 7, 7],
			"to": [5, 8, 7.5],
			"rotation": {"angle": 0, "axis": "y", "origin": [8, 8, 8]},
			"faces": {
				"north": {"uv": [11, 8, 12, 9], "texture": "#layer0"},
				"east": {"uv": [11, 8, 12, 9], "texture": "#layer0"},
				"west": {"uv": [11, 8, 12, 9], "texture": "#layer0"},
				"up": {"uv": [11, 8, 12, 9], "texture": "#layer0"}
			}
		},
		{
			"from": [4, 8, 7],
			"to": [5, 9, 7.5],
			"rotation": {"angle": 0, "axis": "y", "origin": [8, 8, 8]},
			"faces": {
				"north": {"uv": [11, 7, 12, 8], "texture": "#layer0"},
				"east": {"uv": [11, 7, 12, 8], "texture": "#layer0"},
				"west": {"uv": [11, 7, 12, 8], "texture": "#layer0"},
				"up": {"uv": [11, 7, 12, 8], "texture": "#layer0"},
				"down": {"uv": [11, 7, 12, 8], "texture": "#layer0"}
			}
		},
		{
			"from": [4, 9, 7],
			"to": [5, 10, 7.5],
			"rotation": {"angle": 0, "axis": "y", "origin": [8, 8, 8]},
			"faces": {
				"north": {"uv": [12, 6, 11, 7], "texture": "#layer0"},
				"east": {"uv": [12, 6, 11, 7], "texture": "#layer0"},
				"west": {"uv": [12, 6, 11, 7], "texture": "#layer0"},
				"up": {"uv": [12, 6, 11, 7], "texture": "#layer0"},
				"down": {"uv": [12, 6, 11, 7], "texture": "#layer0"}
			}
		},
		{
			"from": [4, 10, 7],
			"to": [5, 11, 7.5],
			"rotation": {"angle": 0, "axis": "y", "origin": [8, 8, 8]},
			"faces": {
				"north": {"uv": [11, 5, 12, 6], "texture": "#layer0"},
				"east": {"uv": [11, 5, 12, 6], "texture": "#layer0"},
				"west": {"uv": [11, 5, 12, 6], "texture": "#layer0"},
				"up": {"uv": [11, 5, 12, 6], "texture": "#layer0"},
				"down": {"uv": [11, 5, 12, 6], "texture": "#layer0"}
			}
		},
		{
			"from": [4, 11, 7],
			"to": [5, 12, 7.5],
			"rotation": {"angle": 0, "axis": "y", "origin": [8, 8, 8]},
			"faces": {
				"north": {"uv": [11, 4, 12, 5], "texture": "#layer0"},
				"east": {"uv": [11, 4, 12, 5], "texture": "#layer0"},
				"west": {"uv": [11, 4, 12, 5], "texture": "#layer0"},
				"down": {"uv": [11, 4, 12, 5], "texture": "#layer0"}
			}
		},
		{
			"from": [12, 8, 7],
			"to": [13, 9, 7.5],
			"rotation": {"angle": 0, "axis": "y", "origin": [8, 8, 8]},
			"faces": {
				"north": {"uv": [3, 7, 4, 8], "texture": "#layer0"},
				"east": {"uv": [3, 7, 4, 8], "texture": "#layer0"},
				"west": {"uv": [3, 7, 4, 8], "texture": "#layer0"},
				"up": {"uv": [3, 7, 4, 8], "texture": "#layer0"},
				"down": {"uv": [3, 7, 4, 8], "texture": "#layer0"}
			}
		},
		{
			"from": [12, 9, 7],
			"to": [13, 10, 7.5],
			"rotation": {"angle": 0, "axis": "y", "origin": [8, 8, 8]},
			"faces": {
				"north": {"uv": [3, 6, 4, 7], "texture": "#layer0"},
				"east": {"uv": [3, 6, 4, 7], "texture": "#layer0"},
				"west": {"uv": [3, 6, 4, 7], "texture": "#layer0"},
				"up": {"uv": [3, 6, 4, 7], "texture": "#layer0"},
				"down": {"uv": [3, 6, 4, 7], "texture": "#layer0"}
			}
		},
		{
			"from": [11, 7, 7],
			"to": [12, 8, 7.5],
			"rotation": {"angle": 0, "axis": "y", "origin": [8, 8, 8]},
			"faces": {
				"north": {"uv": [4, 8, 5, 9], "texture": "#layer0"},
				"east": {"uv": [4, 8, 5, 9], "texture": "#layer0"},
				"west": {"uv": [4, 8, 5, 9], "texture": "#layer0"},
				"up": {"uv": [4, 8, 5, 9], "texture": "#layer0"}
			}
		},
		{
			"from": [11, 8, 7],
			"to": [12, 9, 7.5],
			"rotation": {"angle": 0, "axis": "y", "origin": [8, 8, 8]},
			"faces": {
				"north": {"uv": [4, 7, 5, 8], "texture": "#layer0"},
				"east": {"uv": [4, 7, 5, 8], "texture": "#layer0"},
				"west": {"uv": [4, 7, 5, 8], "texture": "#layer0"},
				"up": {"uv": [4, 7, 5, 8], "texture": "#layer0"},
				"down": {"uv": [4, 7, 5, 8], "texture": "#layer0"}
			}
		},
		{
			"from": [11, 9, 7],
			"to": [12, 10, 7.5],
			"rotation": {"angle": 0, "axis": "y", "origin": [8, 8, 8]},
			"faces": {
				"north": {"uv": [4, 6, 5, 7], "texture": "#layer0"},
				"east": {"uv": [4, 6, 5, 7], "texture": "#layer0"},
				"west": {"uv": [4, 6, 5, 7], "texture": "#layer0"},
				"up": {"uv": [4, 6, 5, 7], "texture": "#layer0"},
				"down": {"uv": [4, 6, 5, 7], "texture": "#layer0"}
			}
		},
		{
			"from": [11, 10, 7],
			"to": [12, 11, 7.5],
			"rotation": {"angle": 0, "axis": "y", "origin": [8, 8, 8]},
			"faces": {
				"north": {"uv": [4, 5, 5, 6], "texture": "#layer0"},
				"east": {"uv": [4, 5, 5, 6], "texture": "#layer0"},
				"west": {"uv": [4, 5, 5, 6], "texture": "#layer0"},
				"up": {"uv": [4, 5, 5, 6], "texture": "#layer0"},
				"down": {"uv": [4, 5, 5, 6], "texture": "#layer0"}
			}
		},
		{
			"from": [11, 11, 7],
			"to": [12, 12, 7.5],
			"rotation": {"angle": 0, "axis": "y", "origin": [8, 8, 8]},
			"faces": {
				"north": {"uv": [4, 4, 5, 5], "texture": "#layer0"},
				"east": {"uv": [4, 4, 5, 5], "texture": "#layer0"},
				"west": {"uv": [4, 4, 5, 5], "texture": "#layer0"},
				"down": {"uv": [4, 4, 5, 5], "texture": "#layer0"}
			}
		},
		{
			"from": [10, 11, 7],
			"to": [11, 12, 7.5],
			"rotation": {"angle": 0, "axis": "y", "origin": [8, 8, 8]},
			"faces": {
				"north": {"uv": [5, 4, 6, 5], "texture": "#layer0"},
				"east": {"uv": [5, 4, 6, 5], "texture": "#layer0"},
				"west": {"uv": [5, 4, 6, 5], "texture": "#layer0"},
				"down": {"uv": [5, 4, 6, 5], "texture": "#layer0"}
			}
		},
		{
			"from": [10, 10, 7],
			"to": [11, 11, 7.5],
			"rotation": {"angle": 0, "axis": "y", "origin": [8, 8, 8]},
			"faces": {
				"north": {"uv": [5, 5, 6, 6], "texture": "#layer0"},
				"east": {"uv": [5, 5, 6, 6], "texture": "#layer0"},
				"west": {"uv": [5, 5, 6, 6], "texture": "#layer0"},
				"up": {"uv": [5, 5, 6, 6], "texture": "#layer0"},
				"down": {"uv": [5, 5, 6, 6], "texture": "#layer0"}
			}
		},
		{
			"from": [10, 9, 7],
			"to": [11, 10, 7.5],
			"rotation": {"angle": 0, "axis": "y", "origin": [8, 8, 8]},
			"faces": {
				"north": {"uv": [5, 6, 6, 7], "texture": "#layer0"},
				"east": {"uv": [5, 6, 6, 7], "texture": "#layer0"},
				"west": {"uv": [5, 6, 6, 7], "texture": "#layer0"},
				"up": {"uv": [5, 6, 6, 7], "texture": "#layer0"},
				"down": {"uv": [5, 6, 6, 7], "texture": "#layer0"}
			}
		},
		{
			"from": [10, 8, 7],
			"to": [11, 9, 7.5],
			"rotation": {"angle": 0, "axis": "y", "origin": [8, 8, 8]},
			"faces": {
				"north": {"uv": [5, 7, 6, 8], "texture": "#layer0"},
				"east": {"uv": [5, 7, 6, 8], "texture": "#layer0"},
				"west": {"uv": [5, 7, 6, 8], "texture": "#layer0"},
				"up": {"uv": [5, 7, 6, 8], "texture": "#layer0"},
				"down": {"uv": [5, 7, 6, 8], "texture": "#layer0"}
			}
		},
		{
			"from": [10, 7, 7],
			"to": [11, 8, 7.5],
			"rotation": {"angle": 0, "axis": "y", "origin": [8, 8, 8]},
			"faces": {
				"north": {"uv": [5, 8, 6, 9], "texture": "#layer0"},
				"east": {"uv": [5, 8, 6, 9], "texture": "#layer0"},
				"west": {"uv": [5, 8, 6, 9], "texture": "#layer0"},
				"up": {"uv": [5, 8, 6, 9], "texture": "#layer0"},
				"down": {"uv": [5, 8, 6, 9], "texture": "#layer0"}
			}
		},
		{
			"from": [10, 6, 7],
			"to": [11, 7, 7.5],
			"rotation": {"angle": 0, "axis": "y", "origin": [8, 8, 8]},
			"faces": {
				"north": {"uv": [5, 9, 6, 10], "texture": "#layer0"},
				"east": {"uv": [5, 9, 6, 10], "texture": "#layer0"},
				"west": {"uv": [5, 9, 6, 10], "texture": "#layer0"},
				"up": {"uv": [5, 9, 6, 10], "texture": "#layer0"}
			}
		},
		{
			"from": [9, 11, 7],
			"to": [10, 12, 7.5],
			"rotation": {"angle": 0, "axis": "y", "origin": [8, 8, 8]},
			"faces": {
				"north": {"uv": [6, 4, 7, 5], "texture": "#layer0"},
				"east": {"uv": [6, 4, 7, 5], "texture": "#layer0"},
				"west": {"uv": [6, 4, 7, 5], "texture": "#layer0"},
				"down": {"uv": [6, 4, 7, 5], "texture": "#layer0"}
			}
		},
		{
			"from": [9, 6, 7],
			"to": [10, 7, 7.5],
			"rotation": {"angle": 0, "axis": "y", "origin": [8, 8, 8]},
			"faces": {
				"north": {"uv": [6, 9, 7, 10], "texture": "#layer0"},
				"east": {"uv": [6, 9, 7, 10], "texture": "#layer0"},
				"west": {"uv": [6, 9, 7, 10], "texture": "#layer0"},
				"up": {"uv": [6, 9, 7, 10], "texture": "#layer0"}
			}
		},
		{
			"from": [9, 10, 7],
			"to": [10, 11, 7.5],
			"rotation": {"angle": 0, "axis": "y", "origin": [8, 8, 8]},
			"faces": {
				"north": {"uv": [6, 5, 7, 6], "texture": "#layer0"},
				"east": {"uv": [6, 5, 7, 6], "texture": "#layer0"},
				"west": {"uv": [6, 5, 7, 6], "texture": "#layer0"},
				"up": {"uv": [6, 5, 7, 6], "texture": "#layer0"},
				"down": {"uv": [6, 5, 7, 6], "texture": "#layer0"}
			}
		},
		{
			"from": [9, 9, 7],
			"to": [10, 10, 7.5],
			"rotation": {"angle": 0, "axis": "y", "origin": [8, 8, 8]},
			"faces": {
				"north": {"uv": [6, 6, 7, 7], "texture": "#layer0"},
				"east": {"uv": [6, 6, 7, 7], "texture": "#layer0"},
				"west": {"uv": [6, 6, 7, 7], "texture": "#layer0"},
				"up": {"uv": [6, 6, 7, 7], "texture": "#layer0"},
				"down": {"uv": [6, 6, 7, 7], "texture": "#layer0"}
			}
		},
		{
			"from": [9, 8, 7],
			"to": [10, 9, 7.5],
			"rotation": {"angle": 0, "axis": "y", "origin": [8, 8, 8]},
			"faces": {
				"north": {"uv": [6, 7, 7, 8], "texture": "#layer0"},
				"east": {"uv": [6, 7, 7, 8], "texture": "#layer0"},
				"west": {"uv": [6, 7, 7, 8], "texture": "#layer0"},
				"up": {"uv": [6, 7, 7, 8], "texture": "#layer0"},
				"down": {"uv": [6, 7, 7, 8], "texture": "#layer0"}
			}
		},
		{
			"from": [9, 7, 7],
			"to": [10, 8, 7.5],
			"rotation": {"angle": 0, "axis": "y", "origin": [8, 8, 8]},
			"faces": {
				"north": {"uv": [6, 8, 7, 9], "texture": "#layer0"},
				"east": {"uv": [6, 8, 7, 9], "texture": "#layer0"},
				"west": {"uv": [6, 8, 7, 9], "texture": "#layer0"},
				"up": {"uv": [6, 8, 7, 9], "texture": "#layer0"},
				"down": {"uv": [6, 8, 7, 9], "texture": "#layer0"}
			}
		},
		{
			"from": [8, 11, 7],
			"to": [9, 12, 7.5],
			"rotation": {"angle": 0, "axis": "y", "origin": [8, 8, 8]},
			"faces": {
				"north": {"uv": [7, 4, 8, 5], "texture": "#layer0"},
				"east": {"uv": [7, 4, 8, 5], "texture": "#layer0"},
				"west": {"uv": [7, 4, 8, 5], "texture": "#layer0"},
				"down": {"uv": [7, 4, 8, 5], "texture": "#layer0"}
			}
		},
		{
			"from": [8, 6, 7],
			"to": [9, 7, 7.5],
			"rotation": {"angle": 0, "axis": "y", "origin": [8, 8, 8]},
			"faces": {
				"north": {"uv": [7, 9, 8, 10], "texture": "#layer0"},
				"east": {"uv": [7, 9, 8, 10], "texture": "#layer0"},
				"west": {"uv": [7, 9, 8, 10], "texture": "#layer0"},
				"up": {"uv": [7, 9, 8, 10], "texture": "#layer0"}
			}
		},
		{
			"from": [8, 10, 7],
			"to": [9, 11, 7.5],
			"rotation": {"angle": 0, "axis": "y", "origin": [8, 8, 8]},
			"faces": {
				"north": {"uv": [7, 5, 8, 6], "texture": "#layer0"},
				"east": {"uv": [8, 5, 7, 6], "texture": "#layer0"},
				"west": {"uv": [8, 5, 7, 6], "texture": "#layer0"},
				"up": {"uv": [8, 5, 7, 6], "texture": "#layer0"},
				"down": {"uv": [8, 5, 7, 6], "texture": "#layer0"}
			}
		},
		{
			"from": [8, 9, 7],
			"to": [9, 10, 7.5],
			"rotation": {"angle": 0, "axis": "y", "origin": [8, 8, 8]},
			"faces": {
				"north": {"uv": [7, 6, 8, 7], "texture": "#layer0"},
				"east": {"uv": [7, 6, 8, 7], "texture": "#layer0"},
				"west": {"uv": [7, 6, 8, 7], "texture": "#layer0"},
				"up": {"uv": [7, 6, 8, 7], "texture": "#layer0"},
				"down": {"uv": [7, 6, 8, 7], "texture": "#layer0"}
			}
		},
		{
			"from": [8, 8, 7],
			"to": [9, 9, 7.5],
			"rotation": {"angle": 0, "axis": "y", "origin": [8, 8, 8]},
			"faces": {
				"north": {"uv": [7, 7, 8, 8], "texture": "#layer0"},
				"east": {"uv": [7, 7, 8, 8], "texture": "#layer0"},
				"west": {"uv": [7, 7, 8, 8], "texture": "#layer0"},
				"up": {"uv": [7, 7, 8, 8], "texture": "#layer0"},
				"down": {"uv": [7, 7, 8, 8], "texture": "#layer0"}
			}
		},
		{
			"from": [8, 7, 7],
			"to": [9, 8, 7.5],
			"rotation": {"angle": 0, "axis": "y", "origin": [8, 8, 8]},
			"faces": {
				"north": {"uv": [7, 8, 8, 9], "texture": "#layer0"},
				"east": {"uv": [7, 8, 8, 9], "texture": "#layer0"},
				"west": {"uv": [7, 8, 8, 9], "texture": "#layer0"},
				"up": {"uv": [7, 8, 8, 9], "texture": "#layer0"},
				"down": {"uv": [7, 8, 8, 9], "texture": "#layer0"}
			}
		},
		{
			"from": [7, 11, 7],
			"to": [8, 12, 7.5],
			"rotation": {"angle": 0, "axis": "y", "origin": [8, 8, 8]},
			"faces": {
				"north": {"uv": [8, 4, 9, 5], "texture": "#layer0"},
				"east": {"uv": [8, 4, 9, 5], "texture": "#layer0"},
				"west": {"uv": [8, 4, 9, 5], "texture": "#layer0"},
				"down": {"uv": [8, 4, 9, 5], "texture": "#layer0"}
			}
		},
		{
			"from": [7, 6, 7],
			"to": [8, 7, 7.5],
			"rotation": {"angle": 0, "axis": "y", "origin": [8, 8, 8]},
			"faces": {
				"north": {"uv": [8, 9, 9, 10], "texture": "#layer0"},
				"east": {"uv": [8, 9, 9, 10], "texture": "#layer0"},
				"west": {"uv": [8, 9, 9, 10], "texture": "#layer0"},
				"up": {"uv": [8, 9, 9, 10], "texture": "#layer0"}
			}
		},
		{
			"from": [7, 10, 7],
			"to": [8, 11, 7.5],
			"rotation": {"angle": 0, "axis": "y", "origin": [8, 8, 8]},
			"faces": {
				"north": {"uv": [8, 5, 9, 6], "texture": "#layer0"},
				"east": {"uv": [8, 5, 9, 6], "texture": "#layer0"},
				"west": {"uv": [8, 5, 9, 6], "texture": "#layer0"},
				"up": {"uv": [8, 5, 9, 6], "texture": "#layer0"},
				"down": {"uv": [8, 5, 9, 6], "texture": "#layer0"}
			}
		},
		{
			"from": [7, 9, 7],
			"to": [8, 10, 7.5],
			"rotation": {"angle": 0, "axis": "y", "origin": [8, 8, 8]},
			"faces": {
				"north": {"uv": [8, 6, 9, 7], "texture": "#layer0"},
				"east": {"uv": [8, 6, 9, 7], "texture": "#layer0"},
				"west": {"uv": [8, 6, 9, 7], "texture": "#layer0"},
				"up": {"uv": [8, 6, 9, 7], "texture": "#layer0"},
				"down": {"uv": [8, 6, 9, 7], "texture": "#layer0"}
			}
		},
		{
			"from": [7, 8, 7],
			"to": [8, 9, 7.5],
			"rotation": {"angle": 0, "axis": "y", "origin": [8, 8, 8]},
			"faces": {
				"north": {"uv": [8, 7, 9, 8], "texture": "#layer0"},
				"east": {"uv": [8, 7, 9, 8], "texture": "#layer0"},
				"west": {"uv": [8, 7, 9, 8], "texture": "#layer0"},
				"up": {"uv": [8, 7, 9, 8], "texture": "#layer0"},
				"down": {"uv": [8, 7, 9, 8], "texture": "#layer0"}
			}
		},
		{
			"from": [7, 7, 7],
			"to": [8, 8, 7.5],
			"rotation": {"angle": 0, "axis": "y", "origin": [8, 8, 8]},
			"faces": {
				"north": {"uv": [8, 8, 9, 9], "texture": "#layer0"},
				"east": {"uv": [8, 8, 9, 9], "texture": "#layer0"},
				"west": {"uv": [8, 8, 9, 9], "texture": "#layer0"},
				"up": {"uv": [8, 8, 9, 9], "texture": "#layer0"},
				"down": {"uv": [8, 8, 9, 9], "texture": "#layer0"}
			}
		},
		{
			"from": [6, 11, 7],
			"to": [7, 12, 7.5],
			"rotation": {"angle": 0, "axis": "y", "origin": [8, 8, 8]},
			"faces": {
				"north": {"uv": [9, 4, 10, 5], "texture": "#layer0"},
				"east": {"uv": [9, 4, 10, 5], "texture": "#layer0"},
				"west": {"uv": [9, 4, 10, 5], "texture": "#layer0"},
				"down": {"uv": [9, 4, 10, 5], "texture": "#layer0"}
			}
		},
		{
			"from": [6, 6, 7],
			"to": [7, 7, 7.5],
			"rotation": {"angle": 0, "axis": "y", "origin": [8, 8, 8]},
			"faces": {
				"north": {"uv": [9, 9, 10, 10], "texture": "#layer0"},
				"east": {"uv": [9, 9, 10, 10], "texture": "#layer0"},
				"west": {"uv": [9, 9, 10, 10], "texture": "#layer0"},
				"up": {"uv": [9, 9, 10, 10], "texture": "#layer0"}
			}
		},
		{
			"from": [6, 10, 7],
			"to": [7, 11, 7.5],
			"rotation": {"angle": 0, "axis": "y", "origin": [8, 8, 8]},
			"faces": {
				"north": {"uv": [9, 5, 10, 6], "texture": "#layer0"},
				"east": {"uv": [9, 5, 10, 6], "texture": "#layer0"},
				"west": {"uv": [9, 5, 10, 6], "texture": "#layer0"},
				"up": {"uv": [9, 5, 10, 6], "texture": "#layer0"},
				"down": {"uv": [9, 5, 10, 6], "texture": "#layer0"}
			}
		},
		{
			"from": [6, 9, 7],
			"to": [7, 10, 7.5],
			"rotation": {"angle": 0, "axis": "y", "origin": [8, 8, 8]},
			"faces": {
				"north": {"uv": [9, 6, 10, 7], "texture": "#layer0"},
				"east": {"uv": [9, 6, 10, 7], "texture": "#layer0"},
				"west": {"uv": [9, 6, 10, 7], "texture": "#layer0"},
				"up": {"uv": [9, 6, 10, 7], "texture": "#layer0"},
				"down": {"uv": [9, 6, 10, 7], "texture": "#layer0"}
			}
		},
		{
			"from": [6, 8, 7],
			"to": [7, 9, 7.5],
			"rotation": {"angle": 0, "axis": "y", "origin": [8, 8, 8]},
			"faces": {
				"north": {"uv": [9, 7, 10, 8], "texture": "#layer0"},
				"east": {"uv": [9, 7, 10, 8], "texture": "#layer0"},
				"west": {"uv": [9, 7, 10, 8], "texture": "#layer0"},
				"up": {"uv": [9, 7, 10, 8], "texture": "#layer0"},
				"down": {"uv": [9, 7, 10, 8], "texture": "#layer0"}
			}
		},
		{
			"from": [6, 7, 7],
			"to": [7, 8, 7.5],
			"rotation": {"angle": 0, "axis": "y", "origin": [8, 8, 8]},
			"faces": {
				"north": {"uv": [9, 8, 10, 9], "texture": "#layer0"},
				"east": {"uv": [9, 8, 10, 9], "texture": "#layer0"},
				"west": {"uv": [9, 8, 10, 9], "texture": "#layer0"},
				"up": {"uv": [9, 8, 10, 9], "texture": "#layer0"},
				"down": {"uv": [9, 8, 10, 9], "texture": "#layer0"}
			}
		},
		{
			"from": [5, 11, 7],
			"to": [6, 12, 7.5],
			"rotation": {"angle": 0, "axis": "y", "origin": [8, 8, 8]},
			"faces": {
				"north": {"uv": [10, 4, 11, 5], "texture": "#layer0"},
				"east": {"uv": [10, 4, 11, 5], "texture": "#layer0"},
				"west": {"uv": [10, 4, 11, 5], "texture": "#layer0"},
				"down": {"uv": [10, 4, 11, 5], "texture": "#layer0"}
			}
		},
		{
			"from": [5, 6, 7],
			"to": [6, 7, 7.5],
			"rotation": {"angle": 0, "axis": "y", "origin": [8, 8, 8]},
			"faces": {
				"north": {"uv": [10, 9, 11, 10], "texture": "#layer0"},
				"east": {"uv": [10, 9, 11, 10], "texture": "#layer0"},
				"west": {"uv": [10, 9, 11, 10], "texture": "#layer0"},
				"up": {"uv": [10, 9, 11, 10], "texture": "#layer0"}
			}
		},
		{
			"from": [5, 10, 7],
			"to": [6, 11, 7.5],
			"rotation": {"angle": 0, "axis": "y", "origin": [8, 8, 8]},
			"faces": {
				"north": {"uv": [10, 5, 11, 6], "texture": "#layer0"},
				"east": {"uv": [10, 5, 11, 6], "texture": "#layer0"},
				"west": {"uv": [10, 5, 11, 6], "texture": "#layer0"},
				"up": {"uv": [10, 5, 11, 6], "texture": "#layer0"},
				"down": {"uv": [10, 5, 11, 6], "texture": "#layer0"}
			}
		},
		{
			"from": [5, 9, 7],
			"to": [6, 10, 7.5],
			"rotation": {"angle": 0, "axis": "y", "origin": [8, 8, 8]},
			"faces": {
				"north": {"uv": [10, 6, 11, 7], "texture": "#layer0"},
				"east": {"uv": [10, 6, 11, 7], "texture": "#layer0"},
				"west": {"uv": [10, 6, 11, 7], "texture": "#layer0"},
				"up": {"uv": [10, 6, 11, 7], "texture": "#layer0"},
				"down": {"uv": [10, 6, 11, 7], "texture": "#layer0"}
			}
		},
		{
			"from": [5, 8, 7],
			"to": [6, 9, 7.5],
			"rotation": {"angle": 0, "axis": "y", "origin": [8, 8, 8]},
			"faces": {
				"north": {"uv": [10, 7, 11, 8], "texture": "#layer0"},
				"east": {"uv": [10, 7, 11, 8], "texture": "#layer0"},
				"west": {"uv": [10, 7, 11, 8], "texture": "#layer0"},
				"up": {"uv": [10, 7, 11, 8], "texture": "#layer0"},
				"down": {"uv": [10, 7, 11, 8], "texture": "#layer0"}
			}
		},
		{
			"from": [5, 7, 7],
			"to": [6, 8, 7.5],
			"rotation": {"angle": 0, "axis": "y", "origin": [8, 8, 8]},
			"faces": {
				"north": {"uv": [10, 8, 11, 9], "texture": "#layer0"},
				"east": {"uv": [10, 8, 11, 9], "texture": "#layer0"},
				"west": {"uv": [10, 8, 11, 9], "texture": "#layer0"},
				"up": {"uv": [10, 8, 11, 9], "texture": "#layer0"},
				"down": {"uv": [10, 8, 11, 9], "texture": "#layer0"}
			}
		}
	],
	"gui_light": "front",
	"display": {
		"thirdperson_righthand": {
			"rotation": [0, -180, 0],
			"translation": [0, 3, 1],
			"scale": [0.55, 0.55, 0.55]
		},
		"thirdperson_lefthand": {
			"rotation": [0, -180, 0],
			"translation": [0, 3, 1],
			"scale": [0.55, 0.55, 0.55]
		},
		"firstperson_righthand": {
			"rotation": [0, 90, -25],
			"translation": [1.13, 3.2, 1.13],
			"scale": [0.68, 0.68, 0.68]
		},
		"firstperson_lefthand": {
			"rotation": [0, 90, -25],
			"translation": [1.13, 3.2, 1.13],
			"scale": [0.68, 0.68, 0.68]
		},
		"ground": {
			"translation": [0, 2, 0],
			"scale": [0.5, 0.5, 0.5]
		},
		"gui": {
			"rotation": [0, -180, 0]
		},
		"head": {
			"translation": [0, 13, 7]
		}
	}
}