{
	"credit": "Made with Blockbench",
	"parent": "minecraft:block/door_top",
	"textures": {
		"1": "block/warped_door_bottom",
		"top": "block/warped_door_top",
		"particle": "block/warped_door_bottom"
	},
	"elements": [
		{
			"from": [0.7, 16, 0],
			"to": [2.3, 32, 16],
			"faces": {
				"east": {"uv": [16, 0, 0, 16], "texture": "#top", "cullface": "up"},
				"west": {"uv": [0, 0, 16, 16], "texture": "#top", "cullface": "up"},
				"up": {"uv": [0, 0, 16, 1], "rotation": 90, "texture": "#top", "cullface": "up"}
			}
		},
		{
			"from": [0, 16, 0],
			"to": [3, 32, 4],
			"faces": {
				"north": {"uv": [0, 0, 1, 16], "texture": "#top", "cullface": "north"},
				"east": {"uv": [4, 0, 0, 16], "texture": "#top", "cullface": "up"},
				"south": {"uv": [3, 0, 4, 16], "texture": "#top", "cullface": "up"},
				"west": {"uv": [0, 0, 4, 16], "texture": "#top", "cullface": "west"},
				"up": {"uv": [0, 0, 4, 1], "rotation": 90, "texture": "#top", "cullface": "up"}
			}
		},
		{
			"from": [0, 16, 12],
			"to": [3, 32, 16],
			"faces": {
				"north": {"uv": [12, 0, 13, 16], "texture": "#top", "cullface": "up"},
				"east": {"uv": [16, 0, 12, 16], "texture": "#top", "cullface": "up"},
				"south": {"uv": [15, 0, 16, 16], "texture": "#top", "cullface": "up"},
				"west": {"uv": [12, 0, 16, 16], "texture": "#top", "cullface": "west"},
				"up": {"uv": [12, 0, 16, 1], "rotation": 90, "texture": "#top", "cullface": "up"}
			}
		},
		{
			"from": [0, 16, 5],
			"to": [3, 32, 11],
			"faces": {
				"north": {"uv": [5, 0, 6, 16], "texture": "#top", "cullface": "up"},
				"east": {"uv": [11, 0, 5, 16], "texture": "#top", "cullface": "up"},
				"south": {"uv": [10, 0, 11, 16], "texture": "#top", "cullface": "up"},
				"west": {"uv": [5, 0, 11, 16], "texture": "#top", "cullface": "west"},
				"up": {"uv": [5, 0, 11, 1], "rotation": 90, "texture": "#top", "cullface": "up"}
			}
		},
		{
			"from": [-1, 16, 11],
			"to": [4, 18, 14],
			"faces": {
				"north": {"uv": [11, 14, 12, 16], "texture": "#top", "cullface": "up"},
				"east": {"uv": [14, 14, 11, 16], "texture": "#top", "cullface": "up"},
				"south": {"uv": [13, 14, 14, 16], "texture": "#top", "cullface": "up"},
				"west": {"uv": [11, 14, 14, 16], "texture": "#top", "cullface": "west"},
				"up": {"uv": [11, 14, 14, 15], "rotation": 90, "texture": "#top", "cullface": "up"},
				"down": {"uv": [14, 15, 11, 16], "rotation": 90, "texture": "#top", "cullface": "up"}
			}
		},
		{
			"from": [-0.5, 19, 0.01],
			"to": [3.5, 24, 1.01],
			"faces": {
				"north": {"uv": [0, 8, 1, 13], "texture": "#top", "cullface": "up"},
				"east": {"uv": [0, 8, 1, 13], "texture": "#top", "cullface": "up"},
				"south": {"uv": [0, 8, 1, 13], "texture": "#top", "cullface": "up"},
				"west": {"uv": [0, 8, 1, 13], "texture": "#top", "cullface": "west"},
				"up": {"uv": [0, 8, 1, 9], "texture": "#top", "cullface": "up"},
				"down": {"uv": [0, 12, 1, 13], "texture": "#top", "cullface": "up"}
			}
		},
		{
			"from": [-0.5, 24, 1],
			"to": [3.5, 25, 3],
			"faces": {
				"north": {"uv": [1, 7, 3, 8], "texture": "#top", "cullface": "up"},
				"east": {"uv": [1, 7, 3, 8], "texture": "#top", "cullface": "up"},
				"south": {"uv": [1, 7, 3, 8], "texture": "#top", "cullface": "up"},
				"west": {"uv": [1, 7, 3, 8], "texture": "#top", "cullface": "west"},
				"up": {"uv": [1, 7, 3, 8], "texture": "#top", "cullface": "up"},
				"down": {"uv": [1, 7, 3, 8], "texture": "#top", "cullface": "up"}
			}
		},
		{
			"from": [-0.5, 29, 1],
			"to": [3.5, 30, 3],
			"faces": {
				"east": {"uv": [3, 2, 1, 3], "texture": "#top", "cullface": "up"},
				"south": {"uv": [2, 2, 3, 3], "texture": "#top", "cullface": "up"},
				"west": {"uv": [1, 2, 3, 3], "texture": "#top", "cullface": "west"},
				"up": {"uv": [1, 2, 3, 3], "rotation": 90, "texture": "#top", "cullface": "up"},
				"down": {"uv": [1, 2, 3, 3], "rotation": 90, "texture": "#top", "cullface": "up"}
			}
		},
		{
			"from": [-0.5, 28, 3],
			"to": [3.5, 29, 7],
			"faces": {
				"north": {"uv": [3, 3, 4, 4], "texture": "#top", "cullface": "up"},
				"east": {"uv": [3, 3, 7, 4], "texture": "#top", "cullface": "up"},
				"south": {"uv": [6, 3, 7, 4], "texture": "#top", "cullface": "up"},
				"west": {"uv": [3, 3, 7, 4], "texture": "#top", "cullface": "west"},
				"up": {"uv": [3, 3, 7, 4], "rotation": 90, "texture": "#top", "cullface": "up"},
				"down": {"uv": [3, 3, 7, 4], "rotation": 90, "texture": "#top", "cullface": "up"}
			}
		},
		{
			"from": [-0.5, 21, 9],
			"to": [3.5, 22, 11],
			"faces": {
				"north": {"uv": [9, 10, 11, 11], "texture": "#top", "cullface": "up"},
				"east": {"uv": [9, 10, 11, 11], "texture": "#top", "cullface": "up"},
				"south": {"uv": [9, 10, 11, 11], "texture": "#top", "cullface": "up"},
				"west": {"uv": [9, 10, 11, 11], "texture": "#top", "cullface": "west"},
				"up": {"uv": [9, 10, 11, 11], "texture": "#top", "cullface": "up"},
				"down": {"uv": [9, 10, 11, 11], "texture": "#top", "cullface": "up"}
			}
		},
		{
			"from": [-0.5, 20, 8],
			"to": [3.5, 21, 10],
			"faces": {
				"north": {"uv": [8, 11, 9, 12], "texture": "#top", "cullface": "up"},
				"east": {"uv": [10, 11, 8, 12], "texture": "#top", "cullface": "up"},
				"south": {"uv": [9, 11, 10, 12], "texture": "#top", "cullface": "up"},
				"west": {"uv": [8, 11, 10, 12], "texture": "#top", "cullface": "west"},
				"up": {"uv": [8, 11, 10, 12], "rotation": 90, "texture": "#top", "cullface": "up"},
				"down": {"uv": [10, 11, 8, 12], "rotation": 90, "texture": "#top", "cullface": "up"}
			}
		},
		{
			"from": [-0.5, 23, 13],
			"to": [3.5, 24, 15],
			"faces": {
				"north": {"uv": [13, 8, 14, 9], "texture": "#top", "cullface": "up"},
				"east": {"uv": [15, 8, 13, 9], "texture": "#top", "cullface": "up"},
				"south": {"uv": [14, 8, 15, 9], "texture": "#top", "cullface": "up"},
				"west": {"uv": [13, 8, 15, 9], "texture": "#top", "cullface": "west"},
				"up": {"uv": [13, 8, 15, 9], "rotation": 90, "texture": "#top", "cullface": "up"},
				"down": {"uv": [15, 8, 13, 9], "rotation": 90, "texture": "#top", "cullface": "up"}
			}
		},
		{
			"from": [-0.5, 19, 12],
			"to": [3.5, 20, 14],
			"faces": {
				"north": {"uv": [12, 12, 13, 13], "texture": "#top", "cullface": "up"},
				"east": {"uv": [14, 12, 12, 13], "texture": "#top", "cullface": "up"},
				"south": {"uv": [13, 12, 14, 13], "texture": "#top", "cullface": "up"},
				"west": {"uv": [12, 12, 14, 13], "texture": "#top", "cullface": "west"},
				"up": {"uv": [12, 12, 14, 13], "rotation": 90, "texture": "#top", "cullface": "up"},
				"down": {"uv": [12, 12, 14, 13], "rotation": 270, "texture": "#top", "cullface": "up"}
			}
		},
		{
			"from": [-0.5, 20, 11],
			"to": [3.5, 21, 12],
			"faces": {
				"north": {"uv": [11, 11, 12, 12], "texture": "#top", "cullface": "up"},
				"east": {"uv": [11, 11, 12, 12], "texture": "#top", "cullface": "up"},
				"south": {"uv": [11, 11, 12, 12], "texture": "#top", "cullface": "up"},
				"west": {"uv": [11, 11, 12, 12], "texture": "#top", "cullface": "west"},
				"up": {"uv": [11, 11, 12, 12], "texture": "#top", "cullface": "up"},
				"down": {"uv": [11, 11, 12, 12], "texture": "#top", "cullface": "up"}
			}
		},
		{
			"from": [-0.5, 16, 7],
			"to": [3.5, 20, 8],
			"faces": {
				"north": {"uv": [7, 12, 8, 16], "texture": "#top", "cullface": "up"},
				"east": {"uv": [7, 12, 8, 16], "texture": "#top", "cullface": "up"},
				"south": {"uv": [7, 12, 8, 16], "texture": "#top", "cullface": "up"},
				"west": {"uv": [7, 12, 8, 16], "texture": "#top", "cullface": "west"},
				"up": {"uv": [7, 12, 8, 13], "texture": "#top", "cullface": "up"},
				"down": {"uv": [7, 15, 8, 16], "texture": "#top", "cullface": "up"}
			}
		},
		{
			"from": [-0.5, 20, 14],
			"to": [3.5, 21, 15],
			"faces": {
				"north": {"uv": [14, 11, 15, 12], "texture": "#top", "cullface": "up"},
				"east": {"uv": [14, 11, 15, 12], "texture": "#top", "cullface": "up"},
				"south": {"uv": [14, 11, 15, 12], "texture": "#top", "cullface": "up"},
				"west": {"uv": [14, 11, 15, 12], "texture": "#top", "cullface": "west"},
				"up": {"uv": [14, 11, 15, 12], "texture": "#top", "cullface": "up"},
				"down": {"uv": [14, 11, 15, 12], "texture": "#top", "cullface": "up"}
			}
		},
		{
			"from": [-0.5, 21, 15],
			"to": [3.5, 22, 15.99],
			"faces": {
				"north": {"uv": [15, 10, 16, 11], "texture": "#top", "cullface": "up"},
				"east": {"uv": [15, 10, 16, 11], "texture": "#top", "cullface": "up"},
				"south": {"uv": [15, 10, 16, 11], "texture": "#top", "cullface": "up"},
				"west": {"uv": [15, 10, 16, 11], "texture": "#top", "cullface": "west"},
				"up": {"uv": [15, 10, 16, 11], "texture": "#top", "cullface": "up"},
				"down": {"uv": [15, 10, 16, 11], "texture": "#top", "cullface": "up"}
			}
		},
		{
			"from": [-0.5, 22, 12],
			"to": [3.5, 23, 13],
			"faces": {
				"north": {"uv": [12, 9, 13, 10], "texture": "#top", "cullface": "up"},
				"east": {"uv": [12, 9, 13, 10], "texture": "#top", "cullface": "up"},
				"south": {"uv": [12, 9, 13, 10], "texture": "#top", "cullface": "up"},
				"west": {"uv": [12, 9, 13, 10], "texture": "#top", "cullface": "west"},
				"up": {"uv": [12, 9, 13, 10], "texture": "#top", "cullface": "up"},
				"down": {"uv": [12, 9, 13, 10], "texture": "#top", "cullface": "up"}
			}
		},
		{
			"from": [-0.5, 24, 15],
			"to": [3.5, 25, 15.99],
			"faces": {
				"north": {"uv": [15.01, 7, 16, 8], "texture": "#top", "cullface": "up"},
				"east": {"uv": [15.01, 7, 16, 8], "texture": "#top", "cullface": "up"},
				"south": {"uv": [15.01, 7, 16, 8], "texture": "#top", "cullface": "up"},
				"west": {"uv": [15.01, 7, 16, 8], "texture": "#top", "cullface": "west"},
				"up": {"uv": [15.01, 7, 16, 8], "texture": "#top", "cullface": "up"},
				"down": {"uv": [15.01, 7, 16, 8], "texture": "#top", "cullface": "up"}
			}
		},
		{
			"from": [-0.5, 25, 3],
			"to": [3.5, 26, 4],
			"faces": {
				"north": {"uv": [3, 6, 4, 7], "texture": "#top", "cullface": "up"},
				"east": {"uv": [3, 6, 4, 7], "texture": "#top", "cullface": "up"},
				"south": {"uv": [3, 6, 4, 7], "texture": "#top", "cullface": "up"},
				"west": {"uv": [3, 6, 4, 7], "texture": "#top", "cullface": "west"},
				"up": {"uv": [3, 6, 4, 7], "texture": "#top", "cullface": "up"},
				"down": {"uv": [3, 6, 4, 7], "texture": "#top", "cullface": "up"}
			}
		},
		{
			"from": [-0.5, 29, 0.01],
			"to": [3.5, 31, 1.01],
			"faces": {
				"north": {"uv": [0, 1, 1, 3], "texture": "#top", "cullface": "up"},
				"east": {"uv": [0, 1, 1, 3], "texture": "#top", "cullface": "up"},
				"south": {"uv": [0, 1, 1, 3], "texture": "#top", "cullface": "up"},
				"west": {"uv": [0, 1, 1, 3], "texture": "#top", "cullface": "west"},
				"up": {"uv": [0, 1, 1, 2], "texture": "#top", "cullface": "up"},
				"down": {"uv": [0, 2, 1, 3], "texture": "#top", "cullface": "up"}
			}
		},
		{
			"from": [-0.5, 29, 7],
			"to": [3.5, 30, 8],
			"faces": {
				"north": {"uv": [7, 2, 8, 3], "texture": "#top", "cullface": "up"},
				"east": {"uv": [7, 2, 8, 3], "texture": "#top", "cullface": "up"},
				"south": {"uv": [7, 2, 8, 3], "texture": "#top", "cullface": "up"},
				"west": {"uv": [7, 2, 8, 3], "texture": "#top", "cullface": "west"},
				"up": {"uv": [7, 2, 8, 3], "texture": "#top", "cullface": "up"},
				"down": {"uv": [7, 2, 8, 3], "texture": "#top", "cullface": "up"}
			}
		},
		{
			"from": [-0.5, 30, 12],
			"to": [3.5, 31, 13],
			"faces": {
				"north": {"uv": [12, 1, 13, 2], "texture": "#top", "cullface": "up"},
				"east": {"uv": [12, 1, 13, 2], "texture": "#top", "cullface": "up"},
				"south": {"uv": [12, 1, 13, 2], "texture": "#top", "cullface": "up"},
				"west": {"uv": [12, 1, 13, 2], "texture": "#top", "cullface": "west"},
				"up": {"uv": [12, 1, 13, 2], "texture": "#top", "cullface": "up"},
				"down": {"uv": [12, 1, 13, 2], "texture": "#top", "cullface": "up"}
			}
		},
		{
			"from": [-0.5, 30, 8],
			"to": [3.5, 31, 9],
			"faces": {
				"north": {"uv": [8, 1, 9, 2], "texture": "#top", "cullface": "up"},
				"east": {"uv": [8, 1, 9, 2], "texture": "#top", "cullface": "up"},
				"south": {"uv": [8, 1, 9, 2], "texture": "#top", "cullface": "up"},
				"west": {"uv": [8, 1, 9, 2], "texture": "#top", "cullface": "west"},
				"up": {"uv": [8, 1, 9, 2], "texture": "#top", "cullface": "up"},
				"down": {"uv": [8, 1, 9, 2], "texture": "#top", "cullface": "up"}
			}
		},
		{
			"from": [-0.5, 29, 13],
			"to": [3.5, 30, 15.99],
			"faces": {
				"north": {"uv": [13, 2, 14, 3], "texture": "#top", "cullface": "up"},
				"east": {"uv": [13, 2, 16, 3], "texture": "#top", "cullface": "up"},
				"south": {"uv": [15, 2, 16, 3], "texture": "#top", "cullface": "up"},
				"west": {"uv": [13, 2, 15.99, 3], "texture": "#top", "cullface": "west"},
				"up": {"uv": [13, 2, 16, 3], "rotation": 90, "texture": "#top", "cullface": "up"},
				"down": {"uv": [13, 2, 16, 3], "rotation": 270, "texture": "#top", "cullface": "up"}
			}
		},
		{
			"from": [-0.5, 26, 4],
			"to": [3.5, 28, 5],
			"faces": {
				"north": {"uv": [4, 4, 5, 6], "texture": "#top", "cullface": "up"},
				"east": {"uv": [4, 4, 5, 6], "texture": "#top", "cullface": "up"},
				"south": {"uv": [4, 4, 5, 6], "texture": "#top", "cullface": "up"},
				"west": {"uv": [4, 4, 5, 6], "texture": "#top", "cullface": "west"},
				"down": {"uv": [4, 5, 5, 6], "texture": "#top", "cullface": "up"}
			}
		},
		{
			"from": [0.7, 0, 0],
			"to": [2.3, 16, 16],
			"faces": {
				"east": {"uv": [16, 0, 0, 16], "texture": "#1"},
				"west": {"uv": [0, 0, 16, 16], "texture": "#1"},
				"down": {"uv": [16, 15, 0, 16], "rotation": 90, "texture": "#1", "cullface": "down"}
			}
		},
		{
			"from": [0, 0, 0],
			"to": [3, 16, 4],
			"faces": {
				"north": {"uv": [0, 0, 1, 16], "texture": "#1", "cullface": "north"},
				"east": {"uv": [4, 0, 0, 16], "texture": "#1"},
				"south": {"uv": [3, 0, 4, 16], "texture": "#1"},
				"west": {"uv": [0, 0, 4, 16], "texture": "#1", "cullface": "west"},
				"down": {"uv": [0, 15, 4, 16], "rotation": 90, "texture": "#1", "cullface": "down"}
			}
		},
		{
			"from": [0, 0, 12],
			"to": [3, 16, 16],
			"faces": {
				"north": {"uv": [12, 0, 13, 16], "texture": "#1"},
				"east": {"uv": [16, 0, 12, 16], "texture": "#1"},
				"south": {"uv": [15, 0, 16, 16], "texture": "#1", "cullface": "south"},
				"west": {"uv": [12, 0, 16, 16], "texture": "#1", "cullface": "west"},
				"down": {"uv": [16, 15, 12, 16], "rotation": 90, "texture": "#1", "cullface": "down"}
			}
		},
		{
			"from": [0, 0, 5],
			"to": [3, 16, 11],
			"faces": {
				"north": {"uv": [5, 0, 6, 16], "texture": "#1"},
				"east": {"uv": [11, 0, 5, 16], "texture": "#1"},
				"south": {"uv": [10, 0, 11, 16], "texture": "#1"},
				"west": {"uv": [5, 0, 11, 16], "texture": "#1", "cullface": "west"},
				"down": {"uv": [11, 15, 5, 16], "rotation": 90, "texture": "#1", "cullface": "down"}
			}
		},
		{
			"from": [-0.5, 9, 0.01],
			"to": [3.5, 14, 1.01],
			"faces": {
				"north": {"uv": [0, 2, 1, 7], "texture": "#1"},
				"east": {"uv": [0, 2, 1, 7], "texture": "#1"},
				"south": {"uv": [0, 2, 1, 7], "texture": "#1"},
				"west": {"uv": [0, 2, 1, 7], "texture": "#1", "cullface": "west"},
				"up": {"uv": [0, 2, 1, 3], "texture": "#1"},
				"down": {"uv": [0, 7, 1, 6], "rotation": 90, "texture": "#1"}
			}
		},
		{
			"from": [-0.5, 14, 1],
			"to": [3.5, 15, 2],
			"faces": {
				"north": {"uv": [1, 1, 2, 2], "texture": "#1"},
				"east": {"uv": [1, 1, 2, 2], "texture": "#1"},
				"south": {"uv": [1, 1, 2, 2], "texture": "#1"},
				"west": {"uv": [1, 1, 2, 2], "texture": "#1", "cullface": "west"},
				"up": {"uv": [1, 1, 2, 2], "texture": "#1"},
				"down": {"uv": [1, 1, 2, 2], "texture": "#1"}
			}
		},
		{
			"from": [-0.5, 14, 4],
			"to": [3.5, 15, 6],
			"faces": {
				"north": {"uv": [4, 1, 6, 2], "texture": "#1"},
				"east": {"uv": [4, 1, 6, 2], "texture": "#1"},
				"south": {"uv": [4, 1, 6, 2], "texture": "#1"},
				"west": {"uv": [4, 1, 6, 2], "texture": "#1", "cullface": "west"},
				"up": {"uv": [4, 1, 6, 2], "texture": "#1"},
				"down": {"uv": [4, 1, 6, 2], "texture": "#1"}
			}
		},
		{
			"from": [-0.5, 15, 2],
			"to": [3.5, 16, 4],
			"faces": {
				"north": {"uv": [2, 0, 3, 1], "texture": "#1"},
				"east": {"uv": [4, 0, 2, 1], "texture": "#1"},
				"south": {"uv": [3, 0, 4, 1], "texture": "#1"},
				"west": {"uv": [2, 0, 4, 1], "texture": "#1", "cullface": "west"},
				"up": {"uv": [2, 0, 4, 1], "rotation": 90, "texture": "#1", "cullface": "up"},
				"down": {"uv": [4, 0, 2, 1], "rotation": 90, "texture": "#1"}
			}
		},
		{
			"from": [-0.5, 15, 6],
			"to": [3.5, 16, 7],
			"faces": {
				"north": {"uv": [6, 0, 7, 1], "texture": "#1"},
				"east": {"uv": [6, 0, 7, 1], "texture": "#1"},
				"south": {"uv": [6, 0, 7, 1], "texture": "#1"},
				"west": {"uv": [6, 0, 7, 1], "texture": "#1", "cullface": "west"},
				"up": {"uv": [6, 0, 7, 1], "texture": "#1", "cullface": "up"},
				"down": {"uv": [6, 0, 7, 1], "texture": "#1"}
			}
		},
		{
			"from": [-0.5, 7, 0.01],
			"to": [3.5, 8, 2.01],
			"faces": {
				"north": {"uv": [0, 8, 1, 9], "texture": "#1"},
				"east": {"uv": [2, 8, 0, 9], "texture": "#1"},
				"south": {"uv": [1, 8, 2, 9], "texture": "#1"},
				"west": {"uv": [0, 8, 2, 9], "texture": "#1", "cullface": "west"},
				"up": {"uv": [0, 8, 2, 9], "rotation": 90, "texture": "#1"},
				"down": {"uv": [2, 8, 0, 9], "rotation": 90, "texture": "#1"}
			}
		},
		{
			"from": [-0.5, 8, 2],
			"to": [3.5, 9, 4],
			"faces": {
				"north": {"uv": [2, 7, 3, 8], "texture": "#1"},
				"east": {"uv": [4, 7, 2, 8], "texture": "#1"},
				"south": {"uv": [3, 7, 4, 8], "texture": "#1"},
				"west": {"uv": [2, 7, 4, 8], "texture": "#1", "cullface": "west"},
				"up": {"uv": [2, 7, 4, 8], "rotation": 90, "texture": "#1"},
				"down": {"uv": [2, 7, 4, 8], "rotation": 90, "texture": "#1"}
			}
		},
		{
			"from": [-0.5, 6, 4],
			"to": [3.5, 8, 5],
			"faces": {
				"north": {"uv": [4, 8, 5, 10], "texture": "#1"},
				"east": {"uv": [4, 8, 5, 10], "texture": "#1"},
				"south": {"uv": [4, 8, 5, 10], "texture": "#1"},
				"west": {"uv": [4, 8, 5, 10], "texture": "#1", "cullface": "west"},
				"up": {"uv": [4, 8, 5, 10], "texture": "#1"},
				"down": {"uv": [4, 8, 5, 10], "texture": "#1"}
			}
		},
		{
			"from": [-0.5, 5, 5],
			"to": [3.5, 6, 7],
			"faces": {
				"north": {"uv": [5, 10, 7, 11], "texture": "#1"},
				"east": {"uv": [5, 10, 7, 11], "texture": "#1"},
				"south": {"uv": [5, 10, 7, 11], "texture": "#1"},
				"west": {"uv": [5, 10, 7, 11], "texture": "#1", "cullface": "west"},
				"up": {"uv": [5, 10, 7, 11], "texture": "#1"},
				"down": {"uv": [5, 10, 7, 11], "texture": "#1"}
			}
		},
		{
			"from": [-0.5, 4, 7],
			"to": [3.5, 5, 9],
			"faces": {
				"north": {"uv": [7, 11, 8, 12], "texture": "#1"},
				"east": {"uv": [9, 11, 7, 12], "texture": "#1"},
				"south": {"uv": [8, 11, 9, 12], "texture": "#1"},
				"west": {"uv": [7, 11, 9, 12], "texture": "#1", "cullface": "west"},
				"up": {"uv": [7, 11, 9, 12], "rotation": 90, "texture": "#1"},
				"down": {"uv": [9, 11, 7, 12], "rotation": 90, "texture": "#1"}
			}
		},
		{
			"from": [-0.5, 5, 13],
			"to": [3.5, 6, 15],
			"faces": {
				"north": {"uv": [13, 10, 14, 11], "texture": "#1"},
				"east": {"uv": [15, 10, 13, 11], "texture": "#1"},
				"south": {"uv": [14, 10, 15, 11], "texture": "#1"},
				"west": {"uv": [13, 10, 15, 11], "texture": "#1", "cullface": "west"},
				"up": {"uv": [13, 10, 15, 11], "rotation": 90, "texture": "#1"},
				"down": {"uv": [15, 10, 13, 11], "rotation": 90, "texture": "#1"}
			}
		},
		{
			"from": [-0.5, 10, 12],
			"to": [3.5, 11, 14],
			"faces": {
				"north": {"uv": [12, 5, 14, 6], "texture": "#1"},
				"east": {"uv": [12, 5, 14, 6], "texture": "#1"},
				"south": {"uv": [12, 5, 14, 6], "texture": "#1"},
				"west": {"uv": [12, 5, 14, 6], "texture": "#1", "cullface": "west"},
				"up": {"uv": [12, 5, 14, 6], "texture": "#1"},
				"down": {"uv": [12, 5, 14, 6], "texture": "#1"}
			}
		},
		{
			"from": [-0.5, 6, 10],
			"to": [3.5, 9, 11],
			"faces": {
				"north": {"uv": [10, 7, 11, 10], "texture": "#1"},
				"east": {"uv": [10, 7, 11, 10], "texture": "#1"},
				"south": {"uv": [10, 7, 11, 10], "texture": "#1"},
				"west": {"uv": [10, 7, 11, 10], "texture": "#1", "cullface": "west"},
				"up": {"uv": [10, 7, 11, 8], "texture": "#1"},
				"down": {"uv": [10, 9, 11, 10], "texture": "#1"}
			}
		},
		{
			"from": [-0.5, 4, 15],
			"to": [3.5, 5, 15.99],
			"faces": {
				"north": {"uv": [15, 11, 15.99, 12], "texture": "#1"},
				"east": {"uv": [15, 11, 15.99, 12], "texture": "#1"},
				"south": {"uv": [15, 11, 15.99, 12], "texture": "#1"},
				"west": {"uv": [15, 11, 15.99, 12], "texture": "#1", "cullface": "west"},
				"up": {"uv": [15, 11, 15.99, 12], "texture": "#1"},
				"down": {"uv": [15, 11, 15.99, 12], "texture": "#1"}
			}
		},
		{
			"from": [-0.5, 5, 9],
			"to": [3.5, 6, 10],
			"faces": {
				"north": {"uv": [9, 10, 10, 11], "texture": "#1"},
				"east": {"uv": [9, 10, 10, 11], "texture": "#1"},
				"south": {"uv": [9, 10, 10, 11], "texture": "#1"},
				"west": {"uv": [9, 10, 10, 11], "texture": "#1", "cullface": "west"},
				"up": {"uv": [9, 10, 10, 11], "texture": "#1"},
				"down": {"uv": [9, 10, 10, 11], "texture": "#1"}
			}
		},
		{
			"from": [-0.5, 9, 14],
			"to": [3.5, 10, 15],
			"faces": {
				"north": {"uv": [14, 6, 15, 7], "texture": "#1"},
				"east": {"uv": [14, 6, 15, 7], "texture": "#1"},
				"south": {"uv": [14, 6, 15, 7], "texture": "#1"},
				"west": {"uv": [14, 6, 15, 7], "texture": "#1", "cullface": "west"},
				"up": {"uv": [14, 6, 15, 7], "texture": "#1"},
				"down": {"uv": [14, 6, 15, 7], "texture": "#1"}
			}
		},
		{
			"from": [-0.5, 9, 11],
			"to": [3.5, 10, 12],
			"faces": {
				"north": {"uv": [11, 6, 12, 7], "texture": "#1"},
				"east": {"uv": [11, 6, 12, 7], "texture": "#1"},
				"south": {"uv": [11, 6, 12, 7], "texture": "#1"},
				"west": {"uv": [11, 6, 12, 7], "texture": "#1", "cullface": "west"},
				"up": {"uv": [11, 6, 12, 7], "texture": "#1"},
				"down": {"uv": [11, 6, 12, 7], "texture": "#1"}
			}
		},
		{
			"from": [-0.5, 2, 10],
			"to": [3.5, 3, 12],
			"faces": {
				"north": {"uv": [10, 13, 11, 14], "texture": "#1"},
				"east": {"uv": [12, 13, 10, 14], "texture": "#1"},
				"south": {"uv": [11, 13, 12, 14], "texture": "#1"},
				"west": {"uv": [10, 13, 12, 14], "texture": "#1", "cullface": "west"},
				"up": {"uv": [10, 13, 12, 14], "rotation": 90, "texture": "#1"},
				"down": {"uv": [12, 13, 10, 14], "rotation": 90, "texture": "#1"}
			}
		},
		{
			"from": [-0.5, 1, 9],
			"to": [3.5, 2, 10],
			"faces": {
				"north": {"uv": [9, 14, 10, 15], "texture": "#1"},
				"east": {"uv": [9, 14, 10, 15], "texture": "#1"},
				"south": {"uv": [9, 14, 10, 15], "texture": "#1"},
				"west": {"uv": [9, 14, 10, 15], "texture": "#1", "cullface": "west"},
				"up": {"uv": [9, 14, 10, 15], "texture": "#1"},
				"down": {"uv": [9, 14, 10, 15], "texture": "#1"}
			}
		},
		{
			"from": [-0.5, 3, 12],
			"to": [3.5, 5, 13],
			"faces": {
				"north": {"uv": [12, 11, 13, 13], "texture": "#1"},
				"east": {"uv": [12, 11, 13, 13], "texture": "#1"},
				"south": {"uv": [12, 11, 13, 13], "texture": "#1"},
				"west": {"uv": [12, 11, 13, 13], "texture": "#1", "cullface": "west"},
				"up": {"uv": [12, 11, 13, 12], "texture": "#1"},
				"down": {"uv": [12, 12, 13, 13], "texture": "#1"}
			}
		}
	],
	"display": {
		"thirdperson_righthand": {
			"rotation": [0, -90, 0],
			"translation": [0, 0.5, 2],
			"scale": [0.15, 0.15, 0.15]
		},
		"thirdperson_lefthand": {
			"rotation": [0, -90, 0],
			"translation": [0, 0.5, 0],
			"scale": [0.15, 0.15, 0.15]
		},
		"firstperson_righthand": {
			"rotation": [0, 90, 0],
			"translation": [-0.5, 0.75, -1],
			"scale": [0.3, 0.3, 0.3]
		},
		"firstperson_lefthand": {
			"rotation": [0, 90, 0],
			"translation": [-0.5, 0.75, 1],
			"scale": [0.3, 0.3, 0.3]
		},
		"ground": {
			"rotation": [0, 0, 90],
			"translation": [1.5, 3, 0],
			"scale": [0.25, 0.25, 0.25]
		},
		"gui": {
			"rotation": [30, -45, 0],
			"translation": [2.25, -4.25, 0],
			"scale": [0.44, 0.44, 0.44]
		},
		"head": {
			"translation": [-5, 0.75, 0],
			"scale": [0.3, 0.3, 0.3]
		},
		"fixed": {
			"rotation": [0, -90, 0],
			"translation": [0, -3, 2.25],
			"scale": [0.5, 0.5, 0.5]
		}
	}
}