{
    "variants": {
        "power=0": { "model": "block/target_0"},
        "power=1": { "model": "block/target_1" },
        "power=2": { "model": "block/target_1" },
        "power=3": { "model": "block/target_2"},
        "power=4": { "model": "block/target_2" },
        "power=5": { "model": "block/target_3"},
        "power=6": { "model": "block/target_3"},
        "power=7": { "model": "block/target_4"},
        "power=8": { "model": "block/target_4"},
        "power=9": { "model": "block/target_5"},
        "power=10": { "model": "block/target_5"},
        "power=11": { "model": "block/target_6"},
        "power=12": { "model": "block/target_6"},
        "power=13": { "model": "block/target_7"},
        "power=14": { "model": "block/target_7"},
        "power=15": { "model": "block/target_8"}
    }
}