{
	"credit": "Made with Blockbench",
	"parent": "minecraft:block/trapdoor_display",
	"textures": {
		"1": "block/acacia_trapdoor_side",
		"particle": "block/acacia_trapdoor",
		"texture": "block/acacia_trapdoor"
	},
	"elements": [
		{
			"from": [14, 0, 0],
			"to": [16, 3, 16],
			"rotation": {"angle": 0, "axis": "y", "origin": [8, 1, 8]},
			"faces": {
				"east": {"uv": [0, 0, 16, 3], "texture": "#1"},
				"west": {"uv": [14, 0, 15, 16], "rotation": 90, "texture": "#texture"},
				"up": {"uv": [16, 0, 14, 16], "rotation": 180, "texture": "#texture"},
				"down": {"uv": [16, 16, 14, 0], "rotation": 180, "texture": "#texture"}
			}
		},
		{
			"from": [0, 0, 0],
			"to": [2, 3, 16],
			"rotation": {"angle": 0, "axis": "y", "origin": [8, 1, 8]},
			"faces": {
				"east": {"uv": [1, 0, 2, 16], "rotation": 90, "texture": "#texture"},
				"west": {"uv": [0, 0, 16, 3], "texture": "#1"},
				"up": {"uv": [2, 0, 0, 16], "rotation": 180, "texture": "#texture"},
				"down": {"uv": [2, 16, 0, 0], "rotation": 180, "texture": "#texture"}
			}
		},
		{
			"from": [0, 0, 13],
			"to": [16, 3, 16],
			"rotation": {"angle": 0, "axis": "y", "origin": [8, 1, 8]},
			"faces": {
				"north": {"uv": [16, 2, 0, 3], "texture": "#texture"},
				"south": {"uv": [0, 0, 16, 3], "texture": "#1"},
				"up": {"uv": [16, 0, 0, 3], "rotation": 180, "texture": "#texture"},
				"down": {"uv": [16, 3, 0, 0], "rotation": 180, "texture": "#texture"}
			}
		},
		{
			"from": [0, 0, 0],
			"to": [16, 3, 3],
			"rotation": {"angle": 0, "axis": "y", "origin": [8, 1, 8]},
			"faces": {
				"north": {"uv": [0, 3, 16, 6], "texture": "#1"},
				"south": {"uv": [0, 13, 16, 14], "texture": "#texture"},
				"up": {"uv": [16, 13, 0, 16], "rotation": 180, "texture": "#texture"},
				"down": {"uv": [16, 16, 0, 13], "rotation": 180, "texture": "#texture"}
			}
		},
		{
			"from": [9, 0.7, 3],
			"to": [12, 2.3, 13],
			"rotation": {"angle": 0, "axis": "y", "origin": [8, 1, 8]},
			"faces": {
				"east": {"uv": [11, 3, 12, 13], "rotation": 90, "texture": "#texture"},
				"west": {"uv": [11, 3, 12, 13], "rotation": 90, "texture": "#texture"},
				"up": {"uv": [9, 3, 12, 13], "rotation": 180, "texture": "#texture"},
				"down": {"uv": [12, 3, 9, 13], "rotation": 180, "texture": "#texture"}
			}
		},
		{
			"from": [4, 0.7, 3],
			"to": [7, 2.3, 13],
			"rotation": {"angle": 0, "axis": "y", "origin": [8, 1, 8]},
			"faces": {
				"east": {"uv": [4, 3, 5, 13], "rotation": 90, "texture": "#texture"},
				"west": {"uv": [6, 3, 7, 13], "rotation": 90, "texture": "#texture"},
				"up": {"uv": [4, 3, 7, 13], "rotation": 180, "texture": "#texture"},
				"down": {"uv": [7, 3, 4, 13], "rotation": 180, "texture": "#texture"}
			}
		},
		{
			"from": [5, 2, -0.3],
			"to": [11, 3.3, 2],
			"rotation": {"angle": 0, "axis": "y", "origin": [8, 1, 8]},
			"faces": {
				"north": {"uv": [5, 15, 11, 16], "texture": "#texture"},
				"east": {"uv": [6, 16, 5, 14], "rotation": 90, "texture": "#texture"},
				"south": {"uv": [5, 14, 11, 15], "texture": "#texture"},
				"west": {"uv": [10, 14, 11, 16], "rotation": 90, "texture": "#texture"},
				"up": {"uv": [5, 14, 11, 16], "rotation": 180, "texture": "#texture"},
				"down": {"uv": [5, 16, 11, 14], "rotation": 180, "texture": "#texture"}
			}
		},
		{
			"from": [5, -0.3, -0.3],
			"to": [11, 1, 2],
			"rotation": {"angle": 0, "axis": "y", "origin": [8, 1, 8]},
			"faces": {
				"north": {"uv": [5, 15, 11, 16], "texture": "#texture"},
				"east": {"uv": [6, 16, 5, 14], "rotation": 90, "texture": "#texture"},
				"south": {"uv": [5, 14, 11, 15], "texture": "#texture"},
				"west": {"uv": [10, 14, 11, 16], "rotation": 90, "texture": "#texture"},
				"up": {"uv": [5, 14, 11, 16], "rotation": 180, "texture": "#texture"},
				"down": {"uv": [5, 16, 11, 14], "rotation": 180, "texture": "#texture"}
			}
		}
	]
}