{
	"credit": "Made with Blockbench",
	"parent": "minecraft:block/door_bottom",
	"textures": {
		"bottom": "block/acacia_door_bottom"
	},
	"elements": [
		{
			"from": [0, 0, 0],
			"to": [3, 3, 16],
			"faces": {
				"east": {"uv": [0, 13, 16, 16], "texture": "#bottom"},
				"west": {"uv": [16, 13, 0, 16], "texture": "#bottom"},
				"up": {"uv": [16, 13, 0, 14], "rotation": 90, "texture": "#bottom"},
				"down": {"uv": [16, 15, 0, 16], "rotation": 90, "texture": "#bottom"}
			}
		},
		{
			"from": [0, 0, 0],
			"to": [3, 16, 2],
			"faces": {
				"north": {"uv": [15, 0, 16, 16], "texture": "#bottom"},
				"east": {"uv": [14, 0, 16, 16], "texture": "#bottom"},
				"south": {"uv": [14, 0, 15, 16], "texture": "#bottom"},
				"west": {"uv": [16, 0, 14, 16], "texture": "#bottom"}
			}
		},
		{
			"from": [0.7, 3, 5],
			"to": [2.3, 16, 7],
			"faces": {
				"north": {"uv": [10, 0, 11, 13], "texture": "#bottom"},
				"east": {"uv": [9, 0, 11, 13], "texture": "#bottom"},
				"south": {"uv": [9, 0, 10, 13], "texture": "#bottom"},
				"west": {"uv": [11, 0, 9, 13], "texture": "#bottom"}
			}
		},
		{
			"from": [0.7, 3, 9],
			"to": [2.3, 16, 11],
			"faces": {
				"north": {"uv": [6, 0, 7, 13], "texture": "#bottom"},
				"east": {"uv": [5, 0, 7, 13], "texture": "#bottom"},
				"south": {"uv": [5, 0, 6, 13], "texture": "#bottom"},
				"west": {"uv": [7, 0, 5, 13], "texture": "#bottom"}
			}
		},
		{
			"from": [0.7, 3, 2],
			"to": [2.3, 16, 3],
			"faces": {
				"east": {"uv": [13, 0, 14, 13], "texture": "#bottom"},
				"south": {"uv": [13, 0, 14, 13], "texture": "#bottom"},
				"west": {"uv": [13, 0, 14, 13], "texture": "#bottom"}
			}
		},
		{
			"from": [0.7, 3, 13],
			"to": [2.3, 16, 14],
			"faces": {
				"north": {"uv": [2, 0, 3, 13], "texture": "#bottom"},
				"east": {"uv": [2, 0, 3, 13], "texture": "#bottom"},
				"west": {"uv": [2, 0, 3, 13], "texture": "#bottom"}
			}
		},
		{
			"from": [0, 0, 14],
			"to": [3, 16, 16],
			"faces": {
				"north": {"uv": [1, 0, 2, 16], "texture": "#bottom"},
				"east": {"uv": [0, 0, 2, 16], "texture": "#bottom"},
				"south": {"uv": [0, 0, 1, 16], "texture": "#bottom"},
				"west": {"uv": [2, 0, 0, 16], "texture": "#bottom"}
			}
		},
		{
			"from": [0.7, 15, 3],
			"to": [2.3, 16, 13],
			"faces": {
				"east": {"uv": [3, 0, 13, 1], "texture": "#bottom"},
				"west": {"uv": [13, 0, 3, 1], "texture": "#bottom"},
				"down": {"uv": [3, 0, 13, 1], "rotation": 90, "texture": "#bottom"}
			}
		},
		{
			"from": [-1, 15, 1],
			"to": [4, 16, 2],
			"faces": {
				"north": {"uv": [14, 0, 15, 1], "texture": "#bottom"},
				"east": {"uv": [14, 0, 15, 1], "texture": "#bottom"},
				"south": {"uv": [14, 0, 15, 1], "texture": "#bottom"},
				"west": {"uv": [14, 0, 15, 1], "texture": "#bottom"},
				"up": {"uv": [14, 0, 15, 1], "texture": "#bottom"},
				"down": {"uv": [14, 0, 15, 1], "texture": "#bottom"}
			}
		}
	]
}