{
	"credit": "Made with Blockbench",
	"parent": "minecraft:block/door_top",
	"textures": {
		"2": "block/door_doorknob",
		"particle": "block/door_doorknob",
		"top": "block/acacia_door_top"
	},
	"elements": [
		{
			"from": [0.7, 0, 2],
			"to": [2.3, 1, 14],
			"faces": {
				"east": {"uv": [14, 15, 2, 16], "texture": "#top"},
				"west": {"uv": [2, 15, 14, 16], "texture": "#top"},
				"up": {"uv": [2, 15, 14, 16], "rotation": 90, "texture": "#top"}
			}
		},
		{
			"from": [0, 0, 0],
			"to": [3, 16, 2],
			"faces": {
				"north": {"uv": [0, 0, 1, 16], "texture": "#top"},
				"east": {"uv": [2, 0, 0, 16], "texture": "#top"},
				"south": {"uv": [1, 0, 2, 16], "texture": "#top"},
				"west": {"uv": [0, 0, 2, 16], "texture": "#top"}
			}
		},
		{
			"from": [0, 0, 14],
			"to": [3, 16, 16],
			"faces": {
				"north": {"uv": [14, 0, 15, 16], "texture": "#top"},
				"east": {"uv": [16, 0, 14, 16], "texture": "#top"},
				"south": {"uv": [15, 0, 16, 16], "texture": "#top"},
				"west": {"uv": [14, 0, 16, 16], "texture": "#top"}
			}
		},
		{
			"from": [0.7, 1, 2],
			"to": [2.3, 16, 3],
			"faces": {
				"east": {"uv": [2, 0, 3, 15], "texture": "#top"},
				"south": {"uv": [2, 0, 3, 15], "texture": "#top"},
				"west": {"uv": [2, 0, 3, 15], "texture": "#top"}
			}
		},
		{
			"from": [0.7, 1, 13],
			"to": [2.3, 16, 14],
			"faces": {
				"north": {"uv": [13, 0, 14, 15], "texture": "#top"},
				"east": {"uv": [13, 0, 14, 15], "texture": "#top"},
				"west": {"uv": [13, 0, 14, 15], "texture": "#top"}
			}
		},
		{
			"from": [0.7, 1, 5],
			"to": [2.3, 16, 7],
			"faces": {
				"north": {"uv": [5, 0, 6, 15], "texture": "#top"},
				"east": {"uv": [7, 0, 5, 15], "texture": "#top"},
				"south": {"uv": [6, 0, 7, 15], "texture": "#top"},
				"west": {"uv": [5, 0, 7, 15], "texture": "#top"}
			}
		},
		{
			"from": [0.7, 1, 9],
			"to": [2.3, 16, 11],
			"faces": {
				"north": {"uv": [9, 0, 10, 15], "texture": "#top"},
				"east": {"uv": [11, 0, 9, 15], "texture": "#top"},
				"south": {"uv": [10, 0, 11, 15], "texture": "#top"},
				"west": {"uv": [9, 0, 11, 15], "texture": "#top"}
			}
		},
		{
			"from": [0, 14, 0],
			"to": [3, 16, 16],
			"faces": {
				"east": {"uv": [16, 0, 0, 2], "texture": "#top"},
				"west": {"uv": [0, 0, 16, 2], "texture": "#top"},
				"up": {"uv": [0, 0, 16, 1], "rotation": 90, "texture": "#top"},
				"down": {"uv": [0, 1, 16, 2], "rotation": 90, "texture": "#top"}
			}
		},
		{
			"from": [-1, 0, 12],
			"to": [0, 1, 15],
			"faces": {
				"north": {"uv": [0, 6, 1, 7], "texture": "#2"},
				"east": {"uv": [0, 4, 1, 7], "rotation": 270, "texture": "#2"},
				"south": {"uv": [0, 4, 1, 5], "texture": "#2"},
				"west": {"uv": [0, 4, 1, 7], "rotation": 90, "texture": "#2"},
				"up": {"uv": [0, 4, 1, 7], "rotation": 180, "texture": "#2"},
				"down": {"uv": [0, 4, 1, 7], "texture": "#2"}
			}
		},
		{
			"from": [3, 0, 12],
			"to": [4, 1, 15],
			"faces": {
				"north": {"uv": [0, 6, 1, 7], "texture": "#2"},
				"east": {"uv": [0, 4, 1, 7], "rotation": 270, "texture": "#2"},
				"south": {"uv": [0, 4, 1, 5], "texture": "#2"},
				"west": {"uv": [0, 4, 1, 7], "rotation": 90, "texture": "#2"},
				"up": {"uv": [0, 4, 1, 7], "rotation": 180, "texture": "#2"},
				"down": {"uv": [0, 4, 1, 7], "texture": "#2"}
			}
		}
	]
}