{
	"credit": "Made with Blockbench",
	"ambientocclusion": false,
	"textures": {
		"0": "block/activator_rail",
		"1": "block/rail2",
		"particle": "block/activator_rail"
	},
	"elements": [
		{
			"from": [3, 8.7, 0],
			"to": [4, 9.2, 16],
			"rotation": {"angle": -45, "axis": "x", "origin": [8, 9, 8], "rescale": true},
			"faces": {
				"north": {"uv": [3, 0, 4, 0.5], "texture": "#0", "cullface": "north"},
				"east": {"uv": [3, 0, 3.5, 16], "rotation": 90, "texture": "#0"},
				"south": {"uv": [3, 15, 4, 15.5], "texture": "#0", "cullface": "south"},
				"up": {"uv": [3, 0, 4, 16], "texture": "#0"},
				"down": {"uv": [3, 0, 4, 16], "texture": "#0"}
			}
		},
		{
			"from": [7, 8, 11],
			"to": [9, 8.7, 13],
			"rotation": {"angle": -45, "axis": "x", "origin": [8, 9, 8], "rescale": true},
			"faces": {
				"east": {"uv": [7, 12.3, 9, 13], "texture": "#0"},
				"west": {"uv": [7, 11, 9, 11.7], "texture": "#0"},
				"up": {"uv": [7, 11, 9, 13], "texture": "#0"},
				"down": {"uv": [7, 13, 9, 11], "texture": "#0"}
			}
		},
		{
			"from": [7, 8, 7],
			"to": [9, 8.7, 9],
			"rotation": {"angle": -45, "axis": "x", "origin": [8, 9, 8], "rescale": true},
			"faces": {
				"east": {"uv": [7, 7, 9, 7.7], "texture": "#0"},
				"west": {"uv": [7, 8, 9, 8.7], "texture": "#0"},
				"up": {"uv": [7, 7, 9, 9], "texture": "#0"},
				"down": {"uv": [7, 9, 9, 7], "texture": "#0"}
			}
		},
		{
			"from": [7, 8, 3],
			"to": [9, 8.7, 5],
			"rotation": {"angle": -45, "axis": "x", "origin": [8, 9, 8], "rescale": true},
			"faces": {
				"east": {"uv": [7, 4, 9, 4.7], "texture": "#0"},
				"west": {"uv": [7, 3, 9, 3.7], "texture": "#0"},
				"up": {"uv": [7, 3, 9, 5], "texture": "#0"},
				"down": {"uv": [7, 5, 9, 3], "texture": "#0"}
			}
		},
		{
			"from": [12, 8.7, 0],
			"to": [13, 9.2, 16],
			"rotation": {"angle": -45, "axis": "x", "origin": [8, 9, 8], "rescale": true},
			"faces": {
				"north": {"uv": [12, 0, 13, 0.5], "texture": "#0", "cullface": "north"},
				"south": {"uv": [12, 15, 13, 15.5], "texture": "#0", "cullface": "south"},
				"west": {"uv": [12, 16, 12.5, 0], "rotation": 90, "texture": "#0"},
				"up": {"uv": [12, 0, 13, 16], "texture": "#0"},
				"down": {"uv": [12, 0, 13, 16], "texture": "#0"}
			}
		},
		{
			"from": [2, 8.7, 0],
			"to": [3, 9.7, 16],
			"rotation": {"angle": -45, "axis": "x", "origin": [8, 9, 8], "rescale": true},
			"faces": {
				"north": {"uv": [2, 0, 3, 1], "texture": "#0", "cullface": "north"},
				"east": {"uv": [2, 0, 3, 16], "rotation": 90, "texture": "#0"},
				"south": {"uv": [2, 15, 3, 16], "texture": "#0", "cullface": "south"},
				"west": {"uv": [2, 16, 3, 0], "rotation": 90, "texture": "#0"},
				"up": {"uv": [2, 0, 3, 16], "texture": "#0"},
				"down": {"uv": [2, 0, 3, 16], "texture": "#0"}
			}
		},
		{
			"from": [13, 8.7, 0],
			"to": [14, 9.7, 16],
			"rotation": {"angle": -45, "axis": "x", "origin": [8, 9, 8], "rescale": true},
			"faces": {
				"north": {"uv": [13, 0, 14, 1], "texture": "#0", "cullface": "north"},
				"east": {"uv": [13, 0, 14, 16], "rotation": 90, "texture": "#0"},
				"south": {"uv": [13, 15, 14, 16], "texture": "#0", "cullface": "south"},
				"west": {"uv": [13, 0, 14, 16], "rotation": 90, "texture": "#0"},
				"up": {"uv": [13, 0, 14, 16], "texture": "#0"},
				"down": {"uv": [13, 0, 14, 16], "texture": "#0"}
			}
		},
		{
			"from": [1, 8, 13],
			"to": [15, 8.7, 15],
			"rotation": {"angle": -45, "axis": "x", "origin": [8, 9, 8], "rescale": true},
			"faces": {
				"north": {"uv": [7, 10.85, 14, 10.5], "texture": "#1"},
				"east": {"uv": [7, 11, 8, 10.65], "texture": "#1"},
				"south": {"uv": [14, 9, 7, 9.35], "texture": "#1"},
				"west": {"uv": [13, 11, 14, 10.65], "texture": "#1"},
				"up": {"uv": [1, 13, 15, 15], "texture": "#0"},
				"down": {"uv": [7, 10.5, 14, 11.5], "texture": "#1"}
			}
		},
		{
			"from": [1, 8, 9],
			"to": [15, 8.7, 11],
			"rotation": {"angle": -45, "axis": "x", "origin": [8, 9, 8], "rescale": true},
			"faces": {
				"north": {"uv": [7, 8.85, 14, 8.5], "texture": "#1"},
				"east": {"uv": [7, 8.5, 8, 8.85], "texture": "#1"},
				"south": {"uv": [14, 9.35, 7, 9], "texture": "#1"},
				"west": {"uv": [13, 8.65, 14, 9], "texture": "#1"},
				"up": {"uv": [1, 9, 15, 11], "texture": "#0"},
				"down": {"uv": [7, 8.5, 14, 9.5], "texture": "#1"}
			}
		},
		{
			"from": [1, 8, 5],
			"to": [15, 8.7, 7],
			"rotation": {"angle": -45, "axis": "x", "origin": [8, 9, 8], "rescale": true},
			"faces": {
				"north": {"uv": [7, 6.5, 14, 6.85], "texture": "#1"},
				"east": {"uv": [13, 6.5, 14, 6.85], "texture": "#1"},
				"south": {"uv": [14, 7.15, 7, 7.5], "texture": "#1"},
				"west": {"uv": [8, 7, 7, 7.35], "texture": "#1"},
				"up": {"uv": [15, 5, 1, 7], "texture": "#0"},
				"down": {"uv": [7, 7.5, 14, 6.5], "texture": "#1"}
			}
		},
		{
			"from": [1, 8, 1],
			"to": [15, 8.7, 3],
			"rotation": {"angle": -45, "axis": "x", "origin": [8, 9, 8], "rescale": true},
			"faces": {
				"north": {"uv": [7, 5, 14, 4.5], "texture": "#1"},
				"east": {"uv": [14, 4.5, 13, 4.85], "texture": "#1"},
				"south": {"uv": [14, 4.85, 7, 4.5], "texture": "#1"},
				"west": {"uv": [8, 4.5, 7, 4.85], "texture": "#1"},
				"up": {"uv": [1, 1, 15, 3], "texture": "#0"},
				"down": {"uv": [7, 4.5, 14, 5.5], "texture": "#1"}
			}
		},
		{
			"from": [4, 8.7, 9],
			"to": [6, 9.2, 11],
			"rotation": {"angle": -45, "axis": "x", "origin": [8, 9, 8], "rescale": true},
			"faces": {
				"north": {"uv": [4, 9, 6, 9.5], "texture": "#0"},
				"east": {"uv": [5, 9, 5.5, 11], "rotation": 90, "texture": "#0"},
				"south": {"uv": [4, 11, 6, 10.5], "texture": "#0"},
				"up": {"uv": [4, 9, 6, 11], "texture": "#0"}
			}
		},
		{
			"from": [10, 8.7, 1],
			"to": [12, 9.2, 3],
			"rotation": {"angle": -45, "axis": "x", "origin": [8, 9, 8], "rescale": true},
			"faces": {
				"north": {"uv": [10, 1, 12, 1.5], "texture": "#0"},
				"south": {"uv": [10, 2, 12, 2.5], "texture": "#0"},
				"west": {"uv": [10, 1, 10.5, 3], "rotation": 270, "texture": "#0"},
				"up": {"uv": [10, 1, 12, 3], "texture": "#0"}
			}
		},
		{
			"from": [4, 8.7, 5],
			"to": [6, 9.2, 7],
			"rotation": {"angle": -45, "axis": "x", "origin": [8, 9, 8], "rescale": true},
			"faces": {
				"north": {"uv": [6, 5, 4, 5.5], "texture": "#0"},
				"east": {"uv": [5, 5, 5.5, 7], "rotation": 90, "texture": "#0"},
				"south": {"uv": [4, 6, 6, 6.5], "texture": "#0"},
				"up": {"uv": [4, 5, 6, 7], "texture": "#0"}
			}
		},
		{
			"from": [4, 8.7, 1],
			"to": [6, 9.2, 3],
			"rotation": {"angle": -45, "axis": "x", "origin": [8, 9, 8], "rescale": true},
			"faces": {
				"north": {"uv": [4, 1, 6, 1.5], "texture": "#0"},
				"east": {"uv": [5, 1, 5.5, 3], "rotation": 90, "texture": "#0"},
				"south": {"uv": [4, 2, 6, 2.5], "texture": "#0"},
				"up": {"uv": [4, 1, 6, 3], "texture": "#0"}
			}
		},
		{
			"from": [10, 8.7, 9],
			"to": [12, 9.2, 11],
			"rotation": {"angle": -45, "axis": "x", "origin": [8, 9, 8], "rescale": true},
			"faces": {
				"north": {"uv": [10, 9, 12, 9.5], "texture": "#0"},
				"south": {"uv": [10, 10, 12, 10.5], "texture": "#0"},
				"west": {"uv": [10, 9, 10.5, 11], "rotation": 270, "texture": "#0"},
				"up": {"uv": [10, 9, 12, 11], "texture": "#0"}
			}
		},
		{
			"from": [10, 8.7, 13],
			"to": [12, 9.2, 15],
			"rotation": {"angle": -45, "axis": "x", "origin": [8, 9, 8], "rescale": true},
			"faces": {
				"north": {"uv": [12, 13, 10, 13.5], "texture": "#0"},
				"south": {"uv": [10, 14, 12, 14.5], "texture": "#0"},
				"west": {"uv": [10, 13, 10.5, 15], "rotation": 270, "texture": "#0"},
				"up": {"uv": [10, 13, 12, 15], "texture": "#0"}
			}
		},
		{
			"from": [10, 8.7, 5],
			"to": [12, 9.2, 7],
			"rotation": {"angle": -45, "axis": "x", "origin": [8, 9, 8], "rescale": true},
			"faces": {
				"north": {"uv": [10, 5, 12, 5.5], "texture": "#0"},
				"south": {"uv": [10, 6, 12, 6.5], "texture": "#0"},
				"west": {"uv": [10, 5, 10.5, 7], "rotation": 270, "texture": "#0"},
				"up": {"uv": [10, 5, 12, 7], "texture": "#0"}
			}
		},
		{
			"from": [4, 8.7, 13],
			"to": [6, 9.2, 15],
			"rotation": {"angle": -45, "axis": "x", "origin": [8, 9, 8], "rescale": true},
			"faces": {
				"north": {"uv": [4, 13, 6, 13.5], "texture": "#0"},
				"east": {"uv": [5, 13, 5.5, 15], "rotation": 90, "texture": "#0"},
				"south": {"uv": [4, 14, 6, 14.5], "texture": "#0"},
				"up": {"uv": [4, 13, 6, 15], "texture": "#0"}
			}
		},
		{
			"from": [2, 0.7, -0.7],
			"to": [3, 1.7, 0.3],
			"faces": {
				"north": {"uv": [13, 0, 14, 1], "texture": "#0"},
				"east": {"uv": [13, 0, 14, 1], "texture": "#0"},
				"west": {"uv": [13, 0, 14, 1], "texture": "#0"},
				"down": {"uv": [13, 0, 14, 1], "texture": "#0"}
			}
		},
		{
			"from": [13, 0.7, -0.7],
			"to": [14, 1.7, 0.3],
			"faces": {
				"north": {"uv": [2, 0, 3, 1], "texture": "#0"},
				"east": {"uv": [2, 0, 3, 1], "texture": "#0"},
				"west": {"uv": [2, 0, 3, 1], "texture": "#0"},
				"down": {"uv": [2, 0, 3, 1], "texture": "#0"}
			}
		},
		{
			"from": [2, 16.7, 15.3],
			"to": [3, 17.7, 16.3],
			"faces": {
				"east": {"uv": [13, 15, 14, 16], "texture": "#0"},
				"south": {"uv": [13, 15, 14, 16], "texture": "#0"},
				"west": {"uv": [13, 15, 14, 16], "texture": "#0"},
				"up": {"uv": [13, 15, 14, 16], "texture": "#0"}
			}
		},
		{
			"from": [13, 16.7, 15.3],
			"to": [14, 17.7, 16.3],
			"faces": {
				"east": {"uv": [13, 15, 14, 16], "texture": "#0"},
				"south": {"uv": [13, 15, 14, 16], "texture": "#0"},
				"west": {"uv": [13, 15, 14, 16], "texture": "#0"},
				"up": {"uv": [13, 15, 14, 16], "texture": "#0"}
			}
		},
		{
			"from": [3, 16.7, 15.8],
			"to": [4, 17.2, 16.8],
			"faces": {
				"east": {"uv": [12, 15, 13, 15.5], "texture": "#0"},
				"south": {"uv": [12, 15, 13, 15.5], "texture": "#0"},
				"west": {"uv": [12, 15.5, 13, 16], "texture": "#0"},
				"up": {"uv": [12, 15, 13, 16], "texture": "#0"},
				"down": {"uv": [0, 0, 1, 1], "texture": "#missing"}
			}
		},
		{
			"from": [12, 16.7, 15.8],
			"to": [13, 17.2, 16.8],
			"faces": {
				"east": {"uv": [3, 15, 4, 15.5], "texture": "#0"},
				"south": {"uv": [3, 15, 4, 15.5], "texture": "#0"},
				"west": {"uv": [3, 15, 4, 15.5], "texture": "#0"},
				"up": {"uv": [3, 15, 4, 16], "texture": "#0"},
				"down": {"uv": [0, 0, 1, 1], "texture": "#missing"}
			}
		}
	]
}