{
	"credit": "Made with Blockbench",
	"parent": "minecraft:block/cube_bottom_top",
	"textures": {
		"top": "block/barrel_top",
		"bottom": "block/barrel_bottom",
		"side": "block/barrel_side"
	},
	"elements": [
		{
			"from": [0, 0, 0],
			"to": [16, 15.3, 16],
			"faces": {
				"north": {"uv": [0, 0.7, 16, 16], "texture": "#side"},
				"east": {"uv": [0, 0.7, 16, 16], "texture": "#side"},
				"south": {"uv": [0, 0.7, 16, 16], "texture": "#side"},
				"west": {"uv": [0, 0.7, 16, 16], "texture": "#side"},
				"up": {"uv": [0, 0, 16, 16], "texture": "#top"},
				"down": {"uv": [0, 0, 16, 16], "texture": "#bottom"}
			}
		},
		{
			"from": [1, 15.3, 15],
			"to": [15, 16, 16],
			"faces": {
				"north": {"uv": [15, 15, 1, 16], "texture": "#top", "cullface": "up"},
				"south": {"uv": [1, 0, 15, 1], "texture": "#side"},
				"up": {"uv": [1, 15, 15, 16], "texture": "#top"}
			}
		},
		{
			"from": [1, 15.3, 0],
			"to": [15, 16, 1],
			"faces": {
				"north": {"uv": [1, 0, 15, 1], "texture": "#side"},
				"south": {"uv": [1, 0, 15, 1], "texture": "#top", "cullface": "up"},
				"up": {"uv": [1, 0, 15, 1], "texture": "#top"}
			}
		},
		{
			"from": [15, 15.3, 0],
			"to": [16, 16, 16],
			"faces": {
				"north": {"uv": [15, 0, 16, 1], "texture": "#side"},
				"east": {"uv": [0, 0, 16, 0.7], "texture": "#side"},
				"south": {"uv": [15, 0, 16, 1], "texture": "#side"},
				"west": {"uv": [15, 0, 16, 16], "rotation": 270, "texture": "#top", "cullface": "up"},
				"up": {"uv": [15, 0, 16, 16], "texture": "#top"}
			}
		},
		{
			"from": [0, 15.3, 0],
			"to": [1, 16, 16],
			"faces": {
				"north": {"uv": [0, 0, 1, 1], "texture": "#side"},
				"east": {"uv": [0, 0, 1, 16], "rotation": 90, "texture": "#top", "cullface": "up"},
				"south": {"uv": [0, 0, 1, 1], "texture": "#side"},
				"west": {"uv": [0, 0, 16, 1], "texture": "#side"},
				"up": {"uv": [0, 0, 1, 16], "texture": "#top"}
			}
		},
		{
			"from": [4, 15.3, 2],
			"to": [12, 16, 14],
			"faces": {
				"north": {"uv": [4, 3, 12, 2.7], "texture": "#top", "cullface": "up"},
				"east": {"uv": [11, 2, 11.7, 14], "rotation": 90, "texture": "#top", "cullface": "up"},
				"south": {"uv": [4, 13, 12, 13.7], "texture": "#top", "cullface": "up"},
				"west": {"uv": [4, 2, 4.7, 14], "rotation": 90, "texture": "#top", "cullface": "up"},
				"up": {"uv": [4, 2, 12, 14], "texture": "#top", "cullface": "up"}
			}
		},
		{
			"from": [2, 15.3, 4],
			"to": [14, 16, 12],
			"faces": {
				"north": {"uv": [2, 4, 14, 4.7], "texture": "#top", "cullface": "up"},
				"east": {"uv": [13, 4, 13.7, 12], "rotation": 90, "texture": "#top", "cullface": "up"},
				"south": {"uv": [2, 11, 14, 11.7], "texture": "#top", "cullface": "up"},
				"west": {"uv": [2, 4, 2.7, 12], "rotation": 90, "texture": "#top", "cullface": "up"},
				"up": {"uv": [2, 4, 14, 12], "texture": "#top", "cullface": "up"}
			}
		},
		{
			"from": [3, 15.3, 3],
			"to": [13, 16, 13],
			"faces": {
				"north": {"uv": [3, 3, 13, 3.7], "texture": "#top", "cullface": "up"},
				"east": {"uv": [12, 3, 12.7, 13], "rotation": 90, "texture": "#top", "cullface": "up"},
				"south": {"uv": [3, 12, 13, 12.7], "texture": "#top", "cullface": "up"},
				"west": {"uv": [3, 3, 3.7, 13], "rotation": 90, "texture": "#top", "cullface": "up"},
				"up": {"uv": [3, 3, 13, 13], "texture": "#top", "cullface": "up"}
			}
		},
		{
			"from": [3, 16, 8],
			"to": [5, 16.7, 10],
			"faces": {
				"north": {"uv": [5, 8, 3, 9], "texture": "#top", "cullface": "up"},
				"east": {"uv": [4, 8, 5, 10], "rotation": 90, "texture": "#top", "cullface": "up"},
				"south": {"uv": [3, 9, 5, 10], "texture": "#top", "cullface": "up"},
				"west": {"uv": [3, 8, 4, 10], "rotation": 90, "texture": "#top", "cullface": "up"},
				"up": {"uv": [3, 8, 5, 10], "texture": "#top", "cullface": "up"}
			}
		}
	]
}