{
	"credit": "Made with Blockbench",
	"parent": "minecraft:block/cube_bottom_top",
	"textures": {
		"3": "block/barrel_top_open",
		"4": "block/barrel_inside",
		"particle": "block/barrel_top_open",
		"bottom": "block/barrel_bottom",
		"side": "block/barrel_side"
	},
	"elements": [
		{
			"from": [0, 0, 0],
			"to": [16, 1, 16],
			"faces": {
				"up": {"uv": [0, 0, 16, 16], "texture": "#bottom"},
				"down": {"uv": [0, 0, 16, 16], "texture": "#bottom", "cullface": "down"}
			}
		},
		{
			"from": [0, 0, 0],
			"to": [16, 16, 1],
			"faces": {
				"north": {"uv": [0, 0, 16, 16], "texture": "#side", "cullface": "north"},
				"south": {"uv": [0, 0, 16, 16], "texture": "#4"},
				"up": {"uv": [0, 0, 16, 1], "texture": "#3", "cullface": "up"}
			}
		},
		{
			"from": [0, 0, 15],
			"to": [16, 16, 16],
			"faces": {
				"north": {"uv": [0, 0, 16, 16], "texture": "#4"},
				"south": {"uv": [0, 0, 16, 16], "texture": "#side", "cullface": "south"},
				"up": {"uv": [0, 15, 16, 16], "texture": "#3", "cullface": "up"}
			}
		},
		{
			"from": [0, 0, 0],
			"to": [1, 16, 16],
			"faces": {
				"east": {"uv": [0, 0, 16, 16], "texture": "#4"},
				"west": {"uv": [0, 0, 16, 16], "texture": "#side", "cullface": "west"},
				"up": {"uv": [0, 0, 1, 16], "texture": "#3", "cullface": "up"}
			}
		},
		{
			"from": [15, 0, 0],
			"to": [16, 16, 16],
			"faces": {
				"east": {"uv": [0, 0, 16, 16], "texture": "#side", "cullface": "east"},
				"west": {"uv": [0, 0, 16, 16], "texture": "#4"},
				"up": {"uv": [15, 0, 16, 16], "texture": "#3", "cullface": "up"}
			}
		},
		{
			"from": [1, 14.3, 1],
			"to": [15, 15.3, 2],
			"faces": {
				"south": {"uv": [1, 1, 15, 1.3], "texture": "#3", "cullface": "up"},
				"up": {"uv": [1, 1, 15, 2], "texture": "#3", "cullface": "up"}
			}
		},
		{
			"from": [1, 14.3, 2],
			"to": [2, 15.3, 14],
			"faces": {
				"east": {"uv": [1, 2, 1.3, 14], "rotation": 90, "texture": "#3", "cullface": "up"},
				"up": {"uv": [1, 2, 2, 14], "texture": "#3", "cullface": "up"}
			}
		},
		{
			"from": [14, 14.3, 2],
			"to": [15, 15.3, 14],
			"faces": {
				"west": {"uv": [14, 14, 14.3, 2], "rotation": 90, "texture": "#3", "cullface": "up"},
				"up": {"uv": [14, 2, 15, 14], "texture": "#3", "cullface": "up"}
			}
		},
		{
			"from": [1, 14.3, 14],
			"to": [15, 15.3, 15],
			"faces": {
				"north": {"uv": [1, 14, 15, 14.3], "texture": "#3", "cullface": "up"},
				"up": {"uv": [1, 14, 15, 15], "texture": "#3", "cullface": "up"}
			}
		},
		{
			"from": [2, 14.3, 2],
			"to": [5, 15.3, 3],
			"faces": {
				"east": {"uv": [4, 2, 5, 3], "texture": "#3", "cullface": "up"},
				"south": {"uv": [2, 2, 5, 3], "texture": "#3", "cullface": "up"},
				"up": {"uv": [2, 2, 5, 3], "texture": "#3", "cullface": "up"}
			}
		},
		{
			"from": [11, 14.3, 2],
			"to": [14, 15.3, 3],
			"faces": {
				"south": {"uv": [11, 2, 14, 3], "texture": "#3", "cullface": "up"},
				"west": {"uv": [11, 2, 12, 3], "texture": "#3", "cullface": "up"},
				"up": {"uv": [11, 2, 14, 3], "texture": "#3", "cullface": "up"}
			}
		},
		{
			"from": [2, 14.3, 13],
			"to": [5, 15.3, 14],
			"faces": {
				"north": {"uv": [5, 13, 2, 14], "texture": "#3", "cullface": "up"},
				"east": {"uv": [4, 13, 5, 14], "texture": "#3", "cullface": "up"},
				"up": {"uv": [2, 13, 5, 14], "texture": "#3", "cullface": "up"}
			}
		},
		{
			"from": [11, 14.3, 13],
			"to": [14, 15.3, 14],
			"faces": {
				"north": {"uv": [14, 13, 11, 14], "texture": "#3", "cullface": "up"},
				"west": {"uv": [11, 13, 12, 14], "texture": "#3", "cullface": "up"},
				"up": {"uv": [11, 13, 14, 14], "texture": "#3", "cullface": "up"}
			}
		},
		{
			"from": [2, 14.3, 3],
			"to": [4, 15.3, 4],
			"faces": {
				"east": {"uv": [3, 3, 4, 4], "texture": "#3", "cullface": "up"},
				"south": {"uv": [2, 3, 4, 4], "texture": "#3", "cullface": "up"},
				"up": {"uv": [2, 3, 4, 4], "texture": "#3", "cullface": "up"}
			}
		},
		{
			"from": [2, 14.3, 12],
			"to": [4, 15.3, 13],
			"faces": {
				"north": {"uv": [4, 12, 2, 13], "texture": "#3", "cullface": "up"},
				"east": {"uv": [3, 12, 4, 13], "texture": "#3", "cullface": "up"},
				"up": {"uv": [2, 12, 4, 13], "texture": "#3", "cullface": "up"}
			}
		},
		{
			"from": [12, 14.3, 3],
			"to": [14, 15.3, 4],
			"faces": {
				"south": {"uv": [12, 3, 14, 4], "texture": "#3", "cullface": "up"},
				"west": {"uv": [12, 3, 13, 4], "texture": "#3", "cullface": "up"},
				"up": {"uv": [12, 3, 14, 4], "texture": "#3", "cullface": "up"}
			}
		},
		{
			"from": [12, 14.3, 12],
			"to": [14, 15.3, 13],
			"faces": {
				"north": {"uv": [14, 12, 12, 13], "texture": "#3", "cullface": "up"},
				"west": {"uv": [12, 12, 13, 13], "texture": "#3", "cullface": "up"},
				"up": {"uv": [12, 12, 14, 13], "texture": "#3", "cullface": "up"}
			}
		},
		{
			"from": [2, 14.3, 4],
			"to": [3, 15.3, 5],
			"faces": {
				"east": {"uv": [2, 4, 3, 5], "texture": "#3", "cullface": "up"},
				"south": {"uv": [2, 4, 3, 5], "texture": "#3", "cullface": "up"},
				"up": {"uv": [2, 4, 3, 5], "texture": "#3", "cullface": "up"}
			}
		},
		{
			"from": [13, 14.3, 4],
			"to": [14, 15.3, 5],
			"faces": {
				"south": {"uv": [2, 4, 3, 5], "texture": "#3", "cullface": "up"},
				"west": {"uv": [2, 4, 3, 5], "texture": "#3", "cullface": "up"},
				"up": {"uv": [2, 4, 3, 5], "texture": "#3", "cullface": "up"}
			}
		},
		{
			"from": [2, 14.3, 11],
			"to": [3, 15.3, 12],
			"faces": {
				"north": {"uv": [2, 4, 3, 5], "texture": "#3", "cullface": "up"},
				"east": {"uv": [2, 4, 3, 5], "texture": "#3", "cullface": "up"},
				"up": {"uv": [2, 4, 3, 5], "texture": "#3", "cullface": "up"}
			}
		},
		{
			"from": [13, 14.3, 11],
			"to": [14, 15.3, 12],
			"faces": {
				"north": {"uv": [2, 4, 3, 5], "texture": "#3", "cullface": "up"},
				"west": {"uv": [2, 4, 3, 5], "texture": "#3", "cullface": "up"},
				"up": {"uv": [2, 4, 3, 5], "texture": "#3", "cullface": "up"}
			}
		}
	]
}