{
	"credit": "Made with Blockbench",
	"parent": "minecraft:block/orientable_with_bottom",
	"textures": {
		"3": "block/bee_nest_front_honey",
		"top": "block/bee_nest_top",
		"bottom": "block/bee_nest_bottom",
		"particle": "block/bee_nest_side",
		"side": "block/bee_nest_side"
	},
	"elements": [
		{
			"from": [0, 0, 0],
			"to": [2, 16, 16],
			"faces": {
				"north": {"uv": [14, 0, 16, 16], "texture": "#3"},
				"east": {"uv": [14, 0, 15, 16], "texture": "#3"},
				"west": {"uv": [0, 0, 16, 16], "texture": "#side"},
				"up": {"uv": [0, 0, 2, 16], "texture": "#top"},
				"down": {"uv": [0, 0, 2, 16], "texture": "#bottom"}
			}
		},
		{
			"from": [14, 0, 0],
			"to": [16, 16, 16],
			"faces": {
				"north": {"uv": [0, 0, 2, 16], "texture": "#3"},
				"east": {"uv": [0, 0, 16, 16], "texture": "#side"},
				"west": {"uv": [1, 0, 2, 16], "texture": "#3"},
				"up": {"uv": [14, 0, 16, 16], "texture": "#top"},
				"down": {"uv": [14, 0, 16, 16], "texture": "#bottom"}
			}
		},
		{
			"from": [2, 0, 0],
			"to": [11, 9, 4],
			"faces": {
				"north": {"uv": [5, 7, 14, 16], "texture": "#3"},
				"east": {"uv": [5, 7, 6, 16], "texture": "#3"},
				"up": {"uv": [14, 7, 5, 8], "texture": "#3"},
				"down": {"uv": [2, 12, 11, 16], "texture": "#bottom"}
			}
		},
		{
			"from": [5, 4, 0],
			"to": [14, 16, 4],
			"faces": {
				"north": {"uv": [2, 0, 11, 12], "texture": "#3"},
				"west": {"uv": [11, 0, 10, 12], "texture": "#3"},
				"up": {"uv": [5, 0, 14, 4], "texture": "#top"},
				"down": {"uv": [2, 11, 11, 12], "texture": "#3"}
			}
		},
		{
			"from": [10, 0, 0],
			"to": [14, 1, 4],
			"faces": {
				"north": {"uv": [2, 15, 6, 16], "texture": "#3"},
				"up": {"uv": [2, 15, 6, 16], "texture": "#3"},
				"down": {"uv": [10, 12, 14, 16], "texture": "#bottom"}
			}
		},
		{
			"from": [2, 12, 0],
			"to": [5, 16, 4],
			"faces": {
				"north": {"uv": [11, 0, 14, 4], "texture": "#3"},
				"up": {"uv": [2, 0, 5, 4], "texture": "#top"},
				"down": {"uv": [11, 3, 14, 4], "rotation": 180, "texture": "#3"}
			}
		},
		{
			"from": [0, 0, 0.3],
			"to": [16, 16, 16],
			"faces": {
				"north": {"uv": [0, 0, 16, 16], "texture": "#3"},
				"south": {"uv": [0, 0, 16, 16], "texture": "#side"},
				"up": {"uv": [0, 0.3, 16, 16], "texture": "#top"},
				"down": {"uv": [16, 15.7, 0, 0], "rotation": 180, "texture": "#bottom"}
			}
		},
		{
			"from": [11, 0.01, -0.3],
			"to": [13, 2, 0.7],
			"faces": {
				"north": {"uv": [3, 14, 5, 16], "texture": "#3"},
				"east": {"uv": [3, 15, 4, 16], "texture": "#3"},
				"west": {"uv": [4, 14, 5, 16], "texture": "#3"},
				"up": {"uv": [5, 14, 3, 15], "texture": "#3"},
				"down": {"uv": [3, 15, 5, 16], "texture": "#3"}
			}
		},
		{
			"from": [2, 8, -0.3],
			"to": [4, 10, 0.7],
			"faces": {
				"north": {"uv": [12, 6, 14, 8], "texture": "#3"},
				"east": {"uv": [12, 6, 13, 8], "texture": "#3"},
				"west": {"uv": [13, 6, 14, 8], "texture": "#3"},
				"up": {"uv": [12, 6, 14, 7], "texture": "#3"},
				"down": {"uv": [14, 7, 12, 8], "texture": "#3"}
			}
		},
		{
			"from": [3, 7, -0.3],
			"to": [4, 8, 0.7],
			"faces": {
				"north": {"uv": [12, 8, 13, 9], "texture": "#3"},
				"east": {"uv": [12, 8, 13, 9], "texture": "#3"},
				"west": {"uv": [12, 8, 13, 9], "texture": "#3"},
				"down": {"uv": [12, 8, 13, 9], "texture": "#3"}
			}
		},
		{
			"from": [11, -1, -0.3],
			"to": [12, 0, 0],
			"faces": {
				"north": {"uv": [3, 14, 4, 15], "texture": "#3"},
				"east": {"uv": [3, 14, 4, 15], "texture": "#3"},
				"south": {"uv": [3, 14, 4, 15], "texture": "#3"},
				"west": {"uv": [3, 14, 4, 15], "texture": "#3"},
				"down": {"uv": [3, 14, 4, 15], "texture": "#3"}
			}
		}
	]
}