{
	"credit": "Made with Blockbench",
	"parent": "minecraft:block/orientable_with_bottom",
	"textures": {
		"top": "block/bee_nest_top",
		"bottom": "block/bee_nest_bottom",
		"particle": "block/bee_nest_side",
		"side": "block/bee_nest_side",
		"front": "block/bee_nest_front"
	},
	"elements": [
		{
			"from": [0, 0, 0],
			"to": [2, 16, 16],
			"faces": {
				"north": {"uv": [14, 0, 16, 16], "texture": "#front"},
				"east": {"uv": [14, 0, 15, 16], "texture": "#front"},
				"west": {"uv": [0, 0, 16, 16], "texture": "#side"},
				"up": {"uv": [0, 0, 2, 16], "texture": "#top"},
				"down": {"uv": [0, 0, 2, 16], "texture": "#bottom"}
			}
		},
		{
			"from": [14, 0, 0],
			"to": [16, 16, 16],
			"faces": {
				"north": {"uv": [0, 0, 2, 16], "texture": "#front"},
				"east": {"uv": [0, 0, 16, 16], "texture": "#side"},
				"west": {"uv": [1, 0, 2, 16], "texture": "#front"},
				"up": {"uv": [14, 0, 16, 16], "texture": "#top"},
				"down": {"uv": [14, 0, 16, 16], "texture": "#bottom"}
			}
		},
		{
			"from": [2, 0, 0],
			"to": [11, 9, 4],
			"faces": {
				"north": {"uv": [5, 7, 14, 16], "texture": "#front"},
				"east": {"uv": [5, 7, 6, 16], "texture": "#front"},
				"up": {"uv": [14, 7, 5, 8], "texture": "#front"},
				"down": {"uv": [2, 12, 10, 16], "texture": "#bottom"}
			}
		},
		{
			"from": [5, 4, 0],
			"to": [14, 16, 4],
			"faces": {
				"north": {"uv": [2, 0, 11, 12], "texture": "#front"},
				"west": {"uv": [11, 0, 10, 12], "texture": "#front"},
				"up": {"uv": [5, 0, 14, 4], "texture": "#top"},
				"down": {"uv": [2, 11, 11, 12], "texture": "#front"}
			}
		},
		{
			"from": [10, 0, 0],
			"to": [14, 1, 4],
			"faces": {
				"north": {"uv": [2, 15, 6, 16], "texture": "#front"},
				"up": {"uv": [2, 15, 6, 16], "texture": "#front"},
				"down": {"uv": [10, 12, 14, 16], "texture": "#bottom"}
			}
		},
		{
			"from": [2, 12, 0],
			"to": [5, 16, 4],
			"faces": {
				"north": {"uv": [11, 0, 14, 4], "texture": "#front"},
				"up": {"uv": [2, 0, 5, 4], "texture": "#top"},
				"down": {"uv": [11, 3, 14, 4], "rotation": 180, "texture": "#front"}
			}
		},
		{
			"from": [0, 0, 1.2],
			"to": [16, 16, 16],
			"faces": {
				"north": {"uv": [0, 0, 16, 16], "texture": "#front"},
				"south": {"uv": [0, 0, 16, 16], "texture": "#side"},
				"up": {"uv": [0, 1.2, 16, 16], "texture": "#top"},
				"down": {"uv": [16, 14.8, 0, 0], "rotation": 180, "texture": "#bottom"}
			}
		}
	]
}