{
	"credit": "Made with Blockbench",
	"parent": "minecraft:block/orientable_with_bottom",
	"textures": {
		"3": "block/beehive_front_honey",
		"top": "block/beehive_end",
		"particle": "block/beehive_side",
		"side": "block/beehive_side"
	},
	"elements": [
		{
			"from": [0, 0, 0],
			"to": [16, 16, 16],
			"faces": {
				"north": {"uv": [0, 0, 16, 16], "texture": "#3"},
				"east": {"uv": [0, 0, 16, 16], "texture": "#side"},
				"south": {"uv": [0, 0, 16, 16], "texture": "#side"},
				"west": {"uv": [0, 0, 16, 16], "texture": "#side"},
				"up": {"uv": [0, 0, 16, 16], "texture": "#top"},
				"down": {"uv": [0, 0, 16, 16], "texture": "#top"}
			}
		},
		{
			"from": [1, 11, -0.5],
			"to": [15, 12, 0],
			"faces": {
				"north": {"uv": [1, 4, 15, 5], "texture": "#3"},
				"east": {"uv": [1, 4, 1.5, 5], "texture": "#3"},
				"west": {"uv": [14, 4, 14.5, 5], "texture": "#3"},
				"up": {"uv": [1, 4, 15, 4.5], "rotation": 180, "texture": "#3"},
				"down": {"uv": [1, 4, 15, 4.5], "rotation": 180, "texture": "#3"}
			}
		},
		{
			"from": [2, 10, -0.5],
			"to": [3, 11, 0],
			"faces": {
				"north": {"uv": [13, 5, 14, 6], "texture": "#3"},
				"east": {"uv": [13, 5, 13.5, 6], "texture": "#3"},
				"south": {"uv": [0, 0, 1, 1], "texture": "#missing"},
				"west": {"uv": [13, 5, 13.5, 6], "texture": "#3"},
				"down": {"uv": [13, 5, 14, 5.5], "texture": "#3"}
			}
		},
		{
			"from": [6, 5, -0.5],
			"to": [10, 6, 0],
			"faces": {
				"north": {"uv": [6, 10, 10, 11], "texture": "#3"},
				"east": {"uv": [6, 10, 6.5, 11], "texture": "#3"},
				"west": {"uv": [9, 10, 9.5, 11], "texture": "#3"},
				"up": {"uv": [6, 10, 10, 10.5], "rotation": 180, "texture": "#3"},
				"down": {"uv": [6, 10, 10, 10.5], "rotation": 180, "texture": "#3"}
			}
		},
		{
			"from": [6, 3, -0.5],
			"to": [8, 5, 0],
			"faces": {
				"north": {"uv": [8, 11, 10, 13], "texture": "#3"},
				"east": {"uv": [8, 11, 8.5, 13], "texture": "#3"},
				"west": {"uv": [9, 11, 9.5, 13], "texture": "#3"},
				"down": {"uv": [8, 12, 10, 12.5], "rotation": 180, "texture": "#3"}
			}
		},
		{
			"from": [6, 2, -0.5],
			"to": [7, 3, 0],
			"faces": {
				"north": {"uv": [9, 13, 10, 14], "texture": "#3"},
				"east": {"uv": [9, 13, 9.5, 14], "texture": "#3"},
				"south": {"uv": [0, 0, 1, 1], "texture": "#missing"},
				"west": {"uv": [9, 13, 9.5, 14], "texture": "#3"},
				"down": {"uv": [9, 13, 10, 13.5], "texture": "#3"}
			}
		}
	]
}