{
	"credit": "Made with Blockbench",
	"parent": "minecraft:block/orientable_with_bottom",
	"textures": {
		"top": "block/beehive_end",
		"particle": "block/beehive_side",
		"side": "block/beehive_side",
		"front": "block/beehive_front"
	},
	"elements": [
		{
			"from": [0, 0, 0],
			"to": [6, 11, 1.7],
			"faces": {
				"north": {"uv": [10, 5, 16, 16], "texture": "#front"},
				"east": {"uv": [10, 5, 11, 16], "texture": "#front"},
				"south": {"uv": [0, 0, 6, 11], "texture": "#missing"},
				"west": {"uv": [0, 5, 1.7, 16], "texture": "#side"},
				"up": {"uv": [16, 5, 10, 6], "texture": "#front"},
				"down": {"uv": [0, 14.3, 6, 16], "texture": "#top"}
			}
		},
		{
			"from": [10, 0, 0],
			"to": [16, 11, 1.7],
			"faces": {
				"north": {"uv": [0, 5, 6, 16], "texture": "#front"},
				"east": {"uv": [14.3, 5, 16, 16], "texture": "#side"},
				"south": {"uv": [0, 0, 6, 11], "texture": "#missing"},
				"west": {"uv": [5, 5, 6, 16], "texture": "#front"},
				"up": {"uv": [6, 5, 0, 6], "texture": "#front"},
				"down": {"uv": [10, 14.3, 16, 16], "texture": "#top"}
			}
		},
		{
			"from": [6, 0, 0],
			"to": [10, 5, 1.7],
			"faces": {
				"north": {"uv": [6, 11, 10, 16], "texture": "#front"},
				"south": {"uv": [0, 0, 4, 5], "texture": "#missing"},
				"up": {"uv": [6, 11, 10, 11.7], "texture": "#front"},
				"down": {"uv": [5, 14.3, 9, 16], "texture": "#top"}
			}
		},
		{
			"from": [6, 6, 0],
			"to": [10, 11, 1.7],
			"faces": {
				"north": {"uv": [6, 5, 10, 10], "texture": "#front"},
				"south": {"uv": [0, 0, 4, 5], "texture": "#missing"},
				"up": {"uv": [6, 5, 10, 6], "texture": "#front"},
				"down": {"uv": [6, 9, 10, 10], "texture": "#front"}
			}
		},
		{
			"from": [0, 12, 0],
			"to": [16, 16, 1.7],
			"faces": {
				"north": {"uv": [0, 0, 16, 4], "texture": "#front"},
				"east": {"uv": [14.3, 0, 16, 4], "texture": "#side"},
				"south": {"uv": [0, 0, 16, 4], "texture": "#missing"},
				"west": {"uv": [0, 0, 1.7, 4], "texture": "#side"},
				"up": {"uv": [0, 0, 16, 1.7], "texture": "#top"},
				"down": {"uv": [16, 3, 0, 4], "texture": "#front"}
			}
		},
		{
			"from": [0, 0, 1.7],
			"to": [16, 16, 16],
			"faces": {
				"north": {"uv": [0, 0, 16, 16], "texture": "#front"},
				"east": {"uv": [0, 0, 14.3, 16], "texture": "#side"},
				"south": {"uv": [0, 0, 16, 16], "texture": "#side"},
				"west": {"uv": [1.7, 0, 16, 16], "texture": "#side"},
				"up": {"uv": [0, 1.7, 16, 16], "texture": "#top"},
				"down": {"uv": [0, 0, 16, 14.3], "texture": "#top"}
			}
		},
		{
			"from": [0, 11, 0],
			"to": [1, 12, 1.7],
			"faces": {
				"north": {"uv": [15, 4, 16, 5], "texture": "#front"},
				"east": {"uv": [15, 4, 16, 5], "texture": "#front"},
				"south": {"uv": [0, 0, 1, 1], "texture": "#missing"},
				"west": {"uv": [0, 4, 1.7, 5], "texture": "#side"},
				"up": {"uv": [0, 0, 1, 2], "texture": "#missing"},
				"down": {"uv": [0, 0, 1, 2], "texture": "#missing"}
			}
		},
		{
			"from": [15, 11, 0],
			"to": [16, 12, 1.7],
			"faces": {
				"north": {"uv": [0, 4, 1, 5], "texture": "#side"},
				"east": {"uv": [14.3, 4, 16, 5], "texture": "#side"},
				"south": {"uv": [0, 0, 1, 1], "texture": "#missing"},
				"west": {"uv": [0, 4, 1, 5], "texture": "#front"},
				"up": {"uv": [0, 0, 1, 2], "texture": "#missing"},
				"down": {"uv": [0, 0, 1, 2], "texture": "#missing"}
			}
		}
	]
}