{
	"credit": "Made with Blockbench",
	"parent": "minecraft:block/door_top",
	"textures": {
		"top": "block/birch_door_top"
	},
	"elements": [
		{
			"from": [0, 0, 0],
			"to": [3, 16, 2],
			"faces": {
				"north": {"uv": [15, 0, 16, 16], "texture": "#top"},
				"east": {"uv": [14, 0, 16, 16], "texture": "#top"},
				"south": {"uv": [14, 0, 15, 16], "texture": "#top"},
				"west": {"uv": [16, 0, 14, 16], "texture": "#top"}
			}
		},
		{
			"from": [0, 0, 14],
			"to": [3, 16, 16],
			"faces": {
				"north": {"uv": [1, 0, 2, 16], "texture": "#top"},
				"east": {"uv": [0, 0, 2, 16], "texture": "#top"},
				"south": {"uv": [0, 0, 1, 16], "texture": "#top"},
				"west": {"uv": [2, 0, 0, 16], "texture": "#top"}
			}
		},
		{
			"from": [0.7, 0, 2],
			"to": [2.3, 16, 3],
			"faces": {
				"east": {"uv": [13, 0, 14, 16], "texture": "#top"},
				"south": {"uv": [14, 0, 13, 16], "texture": "#top"},
				"west": {"uv": [13, 0, 14, 16], "texture": "#top"}
			}
		},
		{
			"from": [0.7, 13, 2],
			"to": [2.3, 14, 14],
			"faces": {
				"east": {"uv": [2, 2, 14, 3], "texture": "#top"},
				"west": {"uv": [14, 2, 2, 3], "texture": "#top"},
				"down": {"uv": [2, 2, 14, 3], "rotation": 90, "texture": "#top"}
			}
		},
		{
			"from": [0.7, 0, 13],
			"to": [2.3, 16, 14],
			"faces": {
				"north": {"uv": [2, 0, 3, 16], "texture": "#top"},
				"east": {"uv": [2, 0, 3, 16], "texture": "#top"},
				"west": {"uv": [2, 0, 3, 16], "texture": "#top"}
			}
		},
		{
			"from": [0, 14, 0],
			"to": [3, 16, 16],
			"faces": {
				"east": {"uv": [0, 0, 16, 2], "texture": "#top"},
				"west": {"uv": [16, 0, 0, 2], "texture": "#top"},
				"up": {"uv": [0, 0, 16, 1], "rotation": 90, "texture": "#top"},
				"down": {"uv": [16, 1, 0, 2], "rotation": 90, "texture": "#top"}
			}
		},
		{
			"from": [1.3, 0, 3],
			"to": [1.7, 13, 13],
			"faces": {
				"east": {"uv": [3, 3, 13, 16], "texture": "#top"},
				"west": {"uv": [13, 3, 3, 16], "texture": "#top"}
			}
		},
		{
			"from": [-1, 0, 1],
			"to": [4, 2, 2],
			"faces": {
				"north": {"uv": [14, 14, 15, 16], "texture": "#top"},
				"east": {"uv": [14, 14, 15, 16], "texture": "#top"},
				"south": {"uv": [14, 14, 15, 16], "texture": "#top"},
				"west": {"uv": [14, 14, 15, 16], "texture": "#top"},
				"up": {"uv": [14, 14, 15, 15], "texture": "#top"},
				"down": {"uv": [14, 15, 15, 16], "texture": "#top"}
			}
		}
	]
}