{
	"credit": "Made with Blockbench",
	"parent": "minecraft:block/trapdoor_display",
	"textures": {
		"1": "block/birch_trapdoor_side",
		"particle": "block/birch_trapdoor_side",
		"texture": "block/birch_trapdoor"
	},
	"elements": [
		{
			"from": [14, 0, 0],
			"to": [16, 3, 16],
			"faces": {
				"east": {"uv": [0, 9, 16, 12], "texture": "#1"},
				"west": {"uv": [1, 0, 2, 16], "rotation": 90, "texture": "#texture"},
				"up": {"uv": [0, 0, 2, 16], "rotation": 180, "texture": "#texture"},
				"down": {"uv": [0, 16, 2, 0], "rotation": 180, "texture": "#texture"}
			}
		},
		{
			"from": [0, 0, 0],
			"to": [2, 3, 16],
			"faces": {
				"east": {"uv": [14, 16, 15, 0], "rotation": 90, "texture": "#texture"},
				"west": {"uv": [0, 3, 16, 6], "texture": "#1"},
				"up": {"uv": [14, 0, 16, 16], "rotation": 180, "texture": "#texture"},
				"down": {"uv": [14, 16, 16, 0], "rotation": 180, "texture": "#texture"}
			}
		},
		{
			"from": [0, 0, 14],
			"to": [16, 3, 16],
			"faces": {
				"north": {"uv": [0, 1, 16, 2], "texture": "#texture"},
				"south": {"uv": [0, 6, 16, 9], "texture": "#1"},
				"up": {"uv": [0, 0, 16, 2], "rotation": 180, "texture": "#texture"},
				"down": {"uv": [0, 2, 16, 0], "rotation": 180, "texture": "#texture"}
			}
		},
		{
			"from": [0, 0, 0],
			"to": [16, 3, 2],
			"faces": {
				"north": {"uv": [0, 0, 16, 3], "texture": "#1"},
				"south": {"uv": [16, 14, 0, 15], "texture": "#texture"},
				"up": {"uv": [0, 14, 16, 16], "rotation": 180, "texture": "#texture"},
				"down": {"uv": [0, 16, 16, 14], "rotation": 180, "texture": "#texture"}
			}
		},
		{
			"from": [13, 0.7, 2],
			"to": [14, 2.3, 14],
			"faces": {
				"west": {"uv": [2, 2, 3, 14], "rotation": 90, "texture": "#texture"},
				"up": {"uv": [2, 2, 3, 14], "rotation": 180, "texture": "#texture"},
				"down": {"uv": [2, 14, 3, 2], "rotation": 180, "texture": "#texture"}
			}
		},
		{
			"from": [2, 0.7, 2],
			"to": [3, 2.3, 14],
			"faces": {
				"east": {"uv": [13, 2, 14, 14], "rotation": 90, "texture": "#texture"},
				"up": {"uv": [13, 2, 14, 14], "rotation": 180, "texture": "#texture"},
				"down": {"uv": [13, 14, 14, 2], "rotation": 180, "texture": "#texture"}
			}
		},
		{
			"from": [3, 0.7, 13],
			"to": [13, 2.3, 14],
			"faces": {
				"north": {"uv": [3, 2, 13, 3], "texture": "#texture"},
				"up": {"uv": [3, 2, 13, 3], "rotation": 180, "texture": "#texture"},
				"down": {"uv": [3, 2, 13, 3], "rotation": 180, "texture": "#texture"}
			}
		},
		{
			"from": [3, 0.7, 2],
			"to": [13, 2.3, 3],
			"faces": {
				"south": {"uv": [13, 13, 3, 14], "texture": "#texture"},
				"up": {"uv": [3, 13, 13, 14], "rotation": 180, "texture": "#texture"},
				"down": {"uv": [3, 13, 13, 14], "rotation": 180, "texture": "#texture"}
			}
		},
		{
			"from": [3, 1.3, 3],
			"to": [13, 1.7, 13],
			"faces": {
				"up": {"uv": [3, 3, 13, 13], "rotation": 180, "texture": "#texture"},
				"down": {"uv": [3, 13, 13, 3], "rotation": 180, "texture": "#texture"}
			}
		},
		{
			"from": [5, 0.7, 3],
			"to": [11, 2.3, 4],
			"faces": {
				"east": {"uv": [5, 12, 6, 13], "texture": "#texture"},
				"south": {"uv": [11, 12, 5, 13], "texture": "#texture"},
				"west": {"uv": [10, 12, 11, 13], "texture": "#texture"},
				"up": {"uv": [5, 12, 11, 13], "rotation": 180, "texture": "#texture"},
				"down": {"uv": [5, 12, 11, 13], "rotation": 180, "texture": "#texture"}
			}
		},
		{
			"from": [6, -1, 1],
			"to": [10, 4, 2],
			"faces": {
				"north": {"uv": [6, 14, 10, 15], "texture": "#texture"},
				"east": {"uv": [7, 14, 6, 15], "texture": "#texture"},
				"south": {"uv": [6, 14, 10, 15], "texture": "#texture"},
				"west": {"uv": [9, 14, 10, 15], "texture": "#texture"},
				"up": {"uv": [6, 14, 10, 15], "rotation": 180, "texture": "#texture"},
				"down": {"uv": [6, 14, 10, 15], "rotation": 180, "texture": "#texture"}
			}
		}
	]
}