{
	"credit": "Made with Blockbench",
	"parent": "minecraft:block/trapdoor_display",
	"textures": {
		"1": "block/birch_trapdoor_side",
		"particle": "block/birch_trapdoor_side",
		"texture": "block/birch_trapdoor"
	},
	"elements": [
		{
			"from": [14, 0, 13],
			"to": [16, 16, 16],
			"rotation": {"angle": 0, "axis": "x", "origin": [0, 0, 16]},
			"faces": {
				"north": {"uv": [0, 16, 2, 0], "texture": "#texture"},
				"east": {"uv": [0, 9, 16, 12], "rotation": 270, "texture": "#1"},
				"south": {"uv": [0, 0, 2, 16], "rotation": 180, "texture": "#texture"},
				"west": {"uv": [1, 0, 2, 16], "rotation": 180, "texture": "#texture"}
			}
		},
		{
			"from": [0, 0, 13],
			"to": [2, 16, 16],
			"rotation": {"angle": 0, "axis": "x", "origin": [0, 0, 16]},
			"faces": {
				"north": {"uv": [14, 16, 16, 0], "texture": "#texture"},
				"east": {"uv": [14, 16, 15, 0], "texture": "#texture"},
				"south": {"uv": [14, 0, 16, 16], "rotation": 180, "texture": "#texture"},
				"west": {"uv": [0, 3, 16, 6], "rotation": 90, "texture": "#1"}
			}
		},
		{
			"from": [0, 0, 13],
			"to": [16, 2, 16],
			"rotation": {"angle": 0, "axis": "x", "origin": [0, 0, 16]},
			"faces": {
				"north": {"uv": [0, 2, 16, 0], "texture": "#texture"},
				"south": {"uv": [0, 0, 16, 2], "rotation": 180, "texture": "#texture"},
				"up": {"uv": [0, 1, 16, 2], "rotation": 180, "texture": "#texture"},
				"down": {"uv": [0, 6, 16, 9], "texture": "#1"}
			}
		},
		{
			"from": [0, 14, 13],
			"to": [16, 16, 16],
			"rotation": {"angle": 0, "axis": "x", "origin": [0, 0, 16]},
			"faces": {
				"north": {"uv": [0, 16, 16, 14], "texture": "#texture"},
				"south": {"uv": [0, 14, 16, 16], "rotation": 180, "texture": "#texture"},
				"up": {"uv": [0, 0, 16, 3], "rotation": 180, "texture": "#1"},
				"down": {"uv": [0, 14, 16, 15], "texture": "#texture"}
			}
		},
		{
			"from": [13, 2, 13.7],
			"to": [14, 14, 15.3],
			"rotation": {"angle": 0, "axis": "x", "origin": [0, 0, 16]},
			"faces": {
				"north": {"uv": [2, 14, 3, 2], "texture": "#texture"},
				"south": {"uv": [2, 2, 3, 14], "rotation": 180, "texture": "#texture"},
				"west": {"uv": [2, 2, 3, 14], "rotation": 180, "texture": "#texture"}
			}
		},
		{
			"from": [2, 2, 13.7],
			"to": [3, 14, 15.3],
			"rotation": {"angle": 0, "axis": "x", "origin": [0, 0, 16]},
			"faces": {
				"north": {"uv": [13, 14, 14, 2], "texture": "#texture"},
				"east": {"uv": [13, 2, 14, 14], "texture": "#texture"},
				"south": {"uv": [13, 2, 14, 14], "rotation": 180, "texture": "#texture"}
			}
		},
		{
			"from": [3, 2, 13.7],
			"to": [13, 3, 15.3],
			"rotation": {"angle": 0, "axis": "x", "origin": [0, 0, 16]},
			"faces": {
				"north": {"uv": [3, 2, 13, 3], "texture": "#texture"},
				"south": {"uv": [3, 2, 13, 3], "rotation": 180, "texture": "#texture"},
				"up": {"uv": [3, 2, 13, 3], "rotation": 180, "texture": "#texture"}
			}
		},
		{
			"from": [3, 13, 13.7],
			"to": [13, 14, 15.3],
			"rotation": {"angle": 0, "axis": "x", "origin": [0, 0, 16]},
			"faces": {
				"north": {"uv": [3, 13, 13, 14], "texture": "#texture"},
				"south": {"uv": [3, 13, 13, 14], "rotation": 180, "texture": "#texture"},
				"down": {"uv": [13, 13, 3, 14], "texture": "#texture"}
			}
		},
		{
			"from": [3, 3, 14.3],
			"to": [13, 13, 14.7],
			"rotation": {"angle": 0, "axis": "x", "origin": [0, 0, 16]},
			"faces": {
				"north": {"uv": [3, 13, 13, 3], "texture": "#texture"},
				"south": {"uv": [3, 3, 13, 13], "rotation": 180, "texture": "#texture"}
			}
		},
		{
			"from": [5, 12, 13.7],
			"to": [11, 13, 15.3],
			"rotation": {"angle": 0, "axis": "x", "origin": [0, 0, 16]},
			"faces": {
				"north": {"uv": [5, 12, 11, 13], "texture": "#texture"},
				"east": {"uv": [5, 12, 6, 13], "rotation": 270, "texture": "#texture"},
				"south": {"uv": [5, 12, 11, 13], "rotation": 180, "texture": "#texture"},
				"west": {"uv": [10, 12, 11, 13], "rotation": 90, "texture": "#texture"},
				"down": {"uv": [11, 12, 5, 13], "texture": "#texture"}
			}
		},
		{
			"from": [6, 14.001, 12],
			"to": [10, 15, 17],
			"rotation": {"angle": 0, "axis": "x", "origin": [0, 0, 16]},
			"faces": {
				"north": {"uv": [6, 14, 10, 15], "texture": "#texture"},
				"east": {"uv": [7, 14, 6, 15], "rotation": 270, "texture": "#texture"},
				"south": {"uv": [6, 14, 10, 15], "rotation": 180, "texture": "#texture"},
				"west": {"uv": [9, 14, 10, 15], "rotation": 90, "texture": "#texture"},
				"up": {"uv": [6, 14, 10, 15], "rotation": 180, "texture": "#texture"},
				"down": {"uv": [6, 14, 10, 15], "texture": "#texture"}
			}
		}
	]
}