{
	"credit": "Made with Blockbench",
	"parent": "minecraft:block/door_bottom",
	"textures": {
		"bottom": "block/birch_door_bottom"
	},
	"elements": [
		{
			"from": [0, 0, 0],
			"to": [3, 11, 16],
			"faces": {
				"east": {"uv": [16, 5, 0, 16], "texture": "#bottom"},
				"west": {"uv": [0, 5, 16, 16], "texture": "#bottom"},
				"up": {"uv": [0, 5, 16, 6], "rotation": 90, "texture": "#bottom"},
				"down": {"uv": [16, 15, 0, 16], "rotation": 90, "texture": "#bottom"}
			}
		},
		{
			"from": [0, 0, 0],
			"to": [3, 16, 2],
			"faces": {
				"north": {"uv": [0, 0, 1, 16], "texture": "#bottom"},
				"east": {"uv": [2, 0, 0, 16], "texture": "#bottom"},
				"south": {"uv": [1, 0, 2, 16], "texture": "#bottom"},
				"west": {"uv": [0, 0, 2, 16], "texture": "#bottom"}
			}
		},
		{
			"from": [0, 0, 14],
			"to": [3, 16, 16],
			"faces": {
				"north": {"uv": [14, 0, 15, 16], "texture": "#bottom"},
				"east": {"uv": [16, 0, 14, 16], "texture": "#bottom"},
				"south": {"uv": [15, 0, 16, 16], "texture": "#bottom"},
				"west": {"uv": [14, 0, 16, 16], "texture": "#bottom"}
			}
		},
		{
			"from": [0.7, 11, 2],
			"to": [2.3, 12, 14],
			"faces": {
				"east": {"uv": [14, 4, 2, 5], "texture": "#bottom"},
				"west": {"uv": [2, 4, 14, 5], "texture": "#bottom"},
				"up": {"uv": [2, 4, 14, 5], "rotation": 90, "texture": "#bottom"},
				"down": {"uv": [0, 0, 1, 12], "texture": "#missing"}
			}
		},
		{
			"from": [0.7, 11, 2],
			"to": [2.3, 16, 3],
			"faces": {
				"east": {"uv": [2, 0, 3, 5], "texture": "#bottom"},
				"south": {"uv": [2, 0, 3, 5], "texture": "#bottom"},
				"west": {"uv": [2, 0, 3, 5], "texture": "#bottom"},
				"down": {"uv": [0, 0, 1, 1], "texture": "#missing"}
			}
		},
		{
			"from": [0.7, 11, 13],
			"to": [2.3, 16, 14],
			"faces": {
				"north": {"uv": [13, 0, 14, 5], "texture": "#bottom"},
				"east": {"uv": [13, 0, 14, 5], "texture": "#bottom"},
				"west": {"uv": [13, 0, 14, 5], "texture": "#bottom"},
				"down": {"uv": [0, 0, 1, 1], "texture": "#missing"}
			}
		},
		{
			"from": [1.3, 12, 3],
			"to": [1.7, 16, 13],
			"faces": {
				"east": {"uv": [3, 0, 13, 4], "texture": "#bottom"},
				"west": {"uv": [3, 0, 13, 4], "texture": "#bottom"}
			}
		}
	]
}