{
	"credit": "Made with Blockbench",
	"parent": "minecraft:block/orientable",
	"ambientocclusion": false,
	"textures": {
		"top": "block/blast_furnace_top",
		"front": "block/blast_furnace_front",
		"side": "block/blast_furnace_side"
	},
	"elements": [
		{
			"from": [0, 0, 0],
			"to": [16, 16, 16],
			"faces": {
				"north": {"uv": [0, 0, 16, 16], "texture": "#front", "cullface": "north"},
				"east": {"uv": [0, 0, 16, 16], "texture": "#side", "cullface": "east"},
				"south": {"uv": [0, 0, 16, 16], "texture": "#side", "cullface": "south"},
				"west": {"uv": [0, 0, 16, 16], "texture": "#side", "cullface": "west"},
				"up": {"uv": [0, 0, 16, 16], "texture": "#top", "cullface": "up"},
				"down": {"uv": [0, 0, 16, 16], "texture": "#top", "cullface": "down"}
			}
		},
		{
			"from": [3, 9, -0.5],
			"to": [13, 9.999, 0],
			"faces": {
				"north": {"uv": [3, 6, 13, 7], "texture": "#front", "cullface": "north"},
				"east": {"uv": [3, 6, 3.5, 7], "texture": "#front", "cullface": "north"},
				"west": {"uv": [12, 6, 12.5, 7], "texture": "#front", "cullface": "north"},
				"up": {"uv": [3, 6, 13, 6.5], "texture": "#front", "cullface": "north"}
			}
		},
		{
			"from": [3, 2, -0.5],
			"to": [13, 3, 0],
			"faces": {
				"north": {"uv": [3, 13, 13, 14], "texture": "#front", "cullface": "north"},
				"east": {"uv": [3, 13, 3.5, 14], "texture": "#front", "cullface": "north"},
				"west": {"uv": [12, 13, 12.5, 14], "texture": "#front", "cullface": "north"},
				"down": {"uv": [3, 13, 13, 13.5], "texture": "#front", "cullface": "north"}
			}
		},
		{
			"from": [3, 3, -0.5],
			"to": [4, 9, 0],
			"faces": {
				"north": {"uv": [12, 7, 13, 13], "texture": "#front", "cullface": "north"},
				"west": {"uv": [12, 7, 12.5, 13], "texture": "#front", "cullface": "north"}
			}
		},
		{
			"from": [12, 3, -0.5],
			"to": [13, 9, 0],
			"faces": {
				"north": {"uv": [3, 7, 4, 13], "texture": "#front", "cullface": "north"},
				"east": {"uv": [3, 7, 3.5, 13], "texture": "#front", "cullface": "north"}
			}
		},
		{
			"from": [4, 4, -1],
			"to": [5, 8, 0],
			"rotation": {"angle": 0, "axis": "y", "origin": [4, 6, 0]},
			"faces": {
				"north": {"uv": [11, 8, 12, 12], "texture": "#front", "cullface": "north"},
				"east": {"uv": [11, 8, 12, 12], "texture": "#front", "cullface": "north"},
				"west": {"uv": [11, 8, 12, 12], "texture": "#front", "cullface": "north"}
			}
		},
		{
			"from": [6, 4, -1],
			"to": [7, 8, 0],
			"rotation": {"angle": 0, "axis": "y", "origin": [4, 6, 0]},
			"faces": {
				"north": {"uv": [9, 8, 10, 12], "texture": "#front", "cullface": "north"},
				"east": {"uv": [9, 8, 10, 12], "texture": "#front", "cullface": "north"},
				"west": {"uv": [9, 8, 10, 12], "texture": "#front", "cullface": "north"}
			}
		},
		{
			"from": [8, 4, -1],
			"to": [9, 8, 0],
			"rotation": {"angle": 0, "axis": "y", "origin": [4, 6, 0]},
			"faces": {
				"north": {"uv": [7, 8, 8, 12], "texture": "#front", "cullface": "north"},
				"east": {"uv": [7, 8, 8, 12], "texture": "#front", "cullface": "north"},
				"west": {"uv": [7, 8, 8, 12], "texture": "#front", "cullface": "north"}
			}
		},
		{
			"from": [10, 4, -1],
			"to": [11, 8, 0],
			"rotation": {"angle": 0, "axis": "y", "origin": [4, 6, 0]},
			"faces": {
				"north": {"uv": [5, 8, 6, 12], "texture": "#front", "cullface": "north"},
				"west": {"uv": [5, 8, 6, 12], "texture": "#front", "cullface": "north"}
			}
		},
		{
			"from": [11, 4, -1],
			"to": [12, 8, 0],
			"rotation": {"angle": 0, "axis": "y", "origin": [4, 6, 0]},
			"faces": {
				"north": {"uv": [4, 8, 5, 12], "texture": "#front", "cullface": "north"},
				"east": {"uv": [4, 8, 5, 12], "texture": "#front", "cullface": "north"}
			}
		},
		{
			"from": [11, 5, -1.3],
			"to": [12, 7, -1],
			"rotation": {"angle": 0, "axis": "y", "origin": [4, 6, 0]},
			"faces": {
				"north": {"uv": [4, 9, 5, 11], "texture": "#front", "cullface": "north"},
				"east": {"uv": [4, 9, 4.3, 11], "texture": "#front", "cullface": "north"},
				"west": {"uv": [4, 9, 4.3, 11], "texture": "#front", "cullface": "north"},
				"up": {"uv": [4, 9, 5, 9.3], "texture": "#front", "cullface": "north"},
				"down": {"uv": [4, 10, 5, 10.3], "texture": "#front", "cullface": "north"}
			}
		},
		{
			"from": [4, 8, -1],
			"to": [12, 8.999, 0],
			"rotation": {"angle": 0, "axis": "y", "origin": [4, 6, 0]},
			"faces": {
				"north": {"uv": [4, 7, 12, 8], "texture": "#front", "cullface": "north"},
				"east": {"uv": [4, 7, 5, 8], "texture": "#front", "cullface": "north"},
				"west": {"uv": [11, 7, 12, 8], "texture": "#front", "cullface": "north"},
				"up": {"uv": [4, 7, 12, 8], "texture": "#front", "cullface": "north"},
				"down": {"uv": [4, 7, 12, 8], "texture": "#front", "cullface": "north"}
			}
		},
		{
			"from": [4, 3, -1],
			"to": [12, 4, 0],
			"rotation": {"angle": 0, "axis": "y", "origin": [4, 6, 0]},
			"faces": {
				"north": {"uv": [4, 12, 12, 13], "texture": "#front", "cullface": "north"},
				"east": {"uv": [4, 12, 5, 13], "texture": "#front", "cullface": "north"},
				"west": {"uv": [11, 12, 12, 13], "texture": "#front", "cullface": "north"},
				"down": {"uv": [4, 12, 12, 13], "texture": "#front", "cullface": "north"}
			}
		}
	],
	"groups": [
		0,
		1,
		2,
		3,
		4,
		{
			"name": "group",
			"origin": [8, 8, 8],
			"color": 0,
			"children": [5, 6, 7, 8, 9, 10, 11, 12]
		}
	]
}