{
	"credit": "Made with Blockbench",
	"parent": "minecraft:block/block",
	"textures": {
		"conncet": "block/bookshelf_conncet",
		"end": "block/oak_planks",
		"side": "block/bookshelf",
		"book": "block/item",
		"particle": "block/bookshelf_inner"
	},
	"elements": [
		{
			"from": [15, 1, 15],
			"to": [16, 15, 16],
			"faces": {
				"north": {"uv": [0, 1, 1, 15], "texture": "#conncet", "cullface": "south"},
				"east": {"uv": [0, 1, 1, 15], "texture": "#conncet", "cullface": "east"},
				"south": {"uv": [15, 1, 16, 15], "texture": "#conncet", "cullface": "south"},
				"west": {"uv": [15, 1, 16, 15], "texture": "#conncet", "cullface": "east"}
			}
		},
		{
			"from": [0, 1, 15],
			"to": [1, 15, 16],
			"faces": {
				"north": {"uv": [15, 1, 16, 15], "texture": "#conncet", "cullface": "south"},
				"east": {"uv": [0, 1, 1, 15], "texture": "#conncet", "cullface": "west"},
				"south": {"uv": [0, 1, 1, 15], "texture": "#conncet", "cullface": "south"},
				"west": {"uv": [15, 1, 16, 15], "texture": "#conncet", "cullface": "west"}
			}
		},
		{
			"from": [0, 1, 0],
			"to": [1, 15, 1],
			"faces": {
				"north": {"uv": [15, 1, 16, 15], "texture": "#conncet", "cullface": "north"},
				"east": {"uv": [15, 1, 16, 15], "texture": "#conncet", "cullface": "west"},
				"south": {"uv": [0, 1, 1, 15], "texture": "#conncet", "cullface": "north"},
				"west": {"uv": [0, 1, 1, 15], "texture": "#conncet", "cullface": "west"}
			}
		},
		{
			"from": [15, 1, 0],
			"to": [16, 15, 1],
			"faces": {
				"north": {"uv": [0, 1, 1, 15], "texture": "#conncet", "cullface": "north"},
				"east": {"uv": [15, 1, 16, 15], "texture": "#conncet", "cullface": "east"},
				"south": {"uv": [15, 1, 16, 15], "texture": "#conncet", "cullface": "north"},
				"west": {"uv": [0, 1, 1, 15], "texture": "#conncet", "cullface": "east"}
			}
		},
		{
			"from": [0, 0, 0],
			"to": [16, 1, 16],
			"faces": {
				"north": {"uv": [0, 15, 16, 16], "texture": "#side", "cullface": "north"},
				"east": {"uv": [0, 15, 16, 16], "texture": "#side", "cullface": "east"},
				"south": {"uv": [0, 15, 16, 16], "texture": "#side", "cullface": "south"},
				"west": {"uv": [0, 15, 16, 16], "texture": "#side", "cullface": "west"},
				"up": {"uv": [0, 0, 16, 16], "texture": "#end"},
				"down": {"uv": [0, 0, 16, 16], "texture": "#end", "cullface": "down"}
			}
		},
		{
			"from": [0, 7, 0],
			"to": [16, 9, 16],
			"faces": {
				"north": {"uv": [0, 7, 16, 9], "texture": "#side", "cullface": "north"},
				"east": {"uv": [0, 7, 16, 9], "texture": "#side", "cullface": "east"},
				"south": {"uv": [0, 7, 16, 9], "texture": "#side", "cullface": "south"},
				"west": {"uv": [0, 7, 16, 9], "texture": "#side", "cullface": "west"},
				"up": {"uv": [0, 0, 16, 16], "texture": "#end"},
				"down": {"uv": [0, 0, 16, 16], "texture": "#end"}
			}
		},
		{
			"from": [0, 15, 0],
			"to": [16, 16, 16],
			"faces": {
				"north": {"uv": [0, 0, 16, 1], "texture": "#side", "cullface": "north"},
				"east": {"uv": [0, 0, 16, 1], "texture": "#side", "cullface": "east"},
				"south": {"uv": [0, 0, 16, 1], "texture": "#side", "cullface": "south"},
				"west": {"uv": [0, 0, 16, 1], "texture": "#side", "cullface": "west"},
				"up": {"uv": [0, 0, 16, 16], "texture": "#end", "cullface": "up"},
				"down": {"uv": [0, 0, 16, 16], "texture": "#end"}
			}
		},
		{
			"from": [5.1, 1.1, 0.501],
			"to": [6.6, 5.8, 1.501],
			"rotation": {"angle": -22.5, "axis": "z", "origin": [6, 1.8, 0.5]},
			"faces": {
				"north": {"uv": [0, 0, 2, 4], "texture": "#book", "cullface": "north"},
				"east": {"uv": [0, 0, 1, 4], "texture": "#book", "cullface": "north"},
				"west": {"uv": [1, 0, 2, 4], "texture": "#book", "cullface": "north"},
				"up": {"uv": [2, 0, 0, 1], "texture": "#book", "cullface": "north"},
				"down": {"uv": [0, 3, 2, 4], "texture": "#book", "cullface": "north"}
			}
		},
		{
			"from": [0.501, 1.1, 9.4],
			"to": [1.501, 5.8, 10.9],
			"rotation": {"angle": -22.5, "axis": "x", "origin": [0.5, 1.8, 10]},
			"faces": {
				"north": {"uv": [0, 0, 1, 4], "texture": "#book", "cullface": "west"},
				"south": {"uv": [1, 0, 2, 4], "texture": "#book", "cullface": "west"},
				"west": {"uv": [0, 0, 2, 4], "texture": "#book", "cullface": "west"},
				"up": {"uv": [2, 0, 0, 1], "rotation": 270, "texture": "#book", "cullface": "west"},
				"down": {"uv": [0, 3, 2, 4], "rotation": 90, "texture": "#book", "cullface": "west"}
			}
		},
		{
			"from": [9.4, 1.1, 14.499],
			"to": [10.9, 5.8, 15.499],
			"rotation": {"angle": 22.5, "axis": "z", "origin": [10, 1.8, 15.5]},
			"faces": {
				"east": {"uv": [1, 0, 2, 4], "texture": "#book", "cullface": "south"},
				"south": {"uv": [0, 0, 2, 4], "texture": "#book", "cullface": "south"},
				"west": {"uv": [0, 0, 1, 4], "texture": "#book", "cullface": "south"},
				"up": {"uv": [2, 0, 0, 1], "rotation": 180, "texture": "#book", "cullface": "south"},
				"down": {"uv": [0, 3, 2, 4], "rotation": 180, "texture": "#book", "cullface": "south"}
			}
		},
		{
			"from": [14.499, 1.1, 5.1],
			"to": [15.499, 5.8, 6.6],
			"rotation": {"angle": 22.5, "axis": "x", "origin": [14.5, 1.8, 6]},
			"faces": {
				"north": {"uv": [1, 0, 2, 4], "texture": "#book", "cullface": "east"},
				"east": {"uv": [0, 0, 2, 4], "texture": "#book", "cullface": "east"},
				"south": {"uv": [0, 0, 1, 4], "texture": "#book", "cullface": "east"},
				"up": {"uv": [2, 0, 0, 1], "rotation": 90, "texture": "#book", "cullface": "east"},
				"down": {"uv": [0, 3, 2, 4], "rotation": 270, "texture": "#book", "cullface": "east"}
			}
		},
		{
			"from": [7.42738, 8.87328, 0.501],
			"to": [8.62738, 12.57328, 1.501],
			"rotation": {"angle": 22.5, "axis": "z", "origin": [8.02738, 10.72328, 1.001]},
			"faces": {
				"north": {"uv": [2, 0, 4, 4], "texture": "#book"},
				"east": {"uv": [2, 0, 3, 4], "texture": "#book"},
				"west": {"uv": [3, 0, 4, 4], "texture": "#book"},
				"up": {"uv": [4, 0, 2, 1], "texture": "#book"},
				"down": {"uv": [2, 3, 3.4, 4], "texture": "#book"}
			}
		},
		{
			"from": [0.501, 9.2, 7.9],
			"to": [1.501, 12.9, 9.1],
			"rotation": {"angle": 22.5, "axis": "x", "origin": [1.001, 12.15, 7.7]},
			"faces": {
				"north": {"uv": [2, 0, 3, 4], "texture": "#book"},
				"south": {"uv": [3, 0, 4, 4], "texture": "#book"},
				"west": {"uv": [2, 0, 4, 4], "texture": "#book"},
				"up": {"uv": [4, 0, 2, 1], "rotation": 270, "texture": "#book"},
				"down": {"uv": [2, 3, 3.4, 4], "rotation": 90, "texture": "#book"}
			}
		},
		{
			"from": [7.42738, 8.87328, 14.499],
			"to": [8.62738, 12.57328, 15.499],
			"rotation": {"angle": -22.5, "axis": "z", "origin": [8.02738, 10.72328, 15.001]},
			"faces": {
				"east": {"uv": [3, 0, 4, 4], "texture": "#book"},
				"south": {"uv": [2, 0, 4, 4], "texture": "#book"},
				"west": {"uv": [2, 0, 3, 4], "texture": "#book"},
				"up": {"uv": [4, 0, 2, 1], "rotation": 180, "texture": "#book"},
				"down": {"uv": [2, 3, 3.4, 4], "rotation": 180, "texture": "#book"}
			}
		},
		{
			"from": [14.499, 8.84816, 7.501],
			"to": [15.499, 12.54816, 8.701],
			"rotation": {"angle": -22.5, "axis": "x", "origin": [15.03782, 10.69816, 8.001]},
			"faces": {
				"north": {"uv": [3, 0, 4, 4], "texture": "#book"},
				"east": {"uv": [2, 0, 4, 4], "texture": "#book"},
				"south": {"uv": [2, 0, 3, 4], "texture": "#book"},
				"up": {"uv": [4, 0, 2, 1], "rotation": 90, "texture": "#book"},
				"down": {"uv": [2, 3, 3.4, 4], "rotation": 270, "texture": "#book"}
			}
		},
		{
			"from": [2, 13, 0.5],
			"to": [4, 15, 1.5],
			"rotation": {"angle": 0, "axis": "y", "origin": [0, 0, -0.5]},
			"faces": {
				"north": {"uv": [12, 1, 14, 3], "texture": "#side", "cullface": "north"},
				"east": {"uv": [12, 1, 13, 3], "texture": "#side", "cullface": "north"},
				"west": {"uv": [13, 1, 14, 3], "texture": "#side", "cullface": "north"}
			}
		},
		{
			"from": [5, 13, 0.5],
			"to": [7, 14, 1.5],
			"rotation": {"angle": 0, "axis": "y", "origin": [0, 0, -0.5]},
			"faces": {
				"north": {"uv": [9, 2, 11, 3], "texture": "#side", "cullface": "north"},
				"east": {"uv": [9, 2, 10, 3], "texture": "#side", "cullface": "north"},
				"west": {"uv": [10, 2, 11, 3], "texture": "#side", "cullface": "north"},
				"up": {"uv": [11, 2, 9, 3], "texture": "#side", "cullface": "north"}
			}
		},
		{
			"from": [1, 9, 0.5],
			"to": [7, 13, 1.5],
			"rotation": {"angle": 0, "axis": "y", "origin": [0, 0, -0.5]},
			"faces": {
				"north": {"uv": [9, 3, 15, 7], "texture": "#side", "cullface": "north"},
				"east": {"uv": [10, 3, 9, 7], "texture": "#side"},
				"up": {"uv": [15, 3, 9, 4], "texture": "#side", "cullface": "north"}
			}
		},
		{
			"from": [9, 9, 0.5],
			"to": [10, 12, 1.5],
			"rotation": {"angle": 0, "axis": "y", "origin": [0, 0, -0.5]},
			"faces": {
				"north": {"uv": [6, 4, 7, 7], "texture": "#side", "cullface": "north"},
				"west": {"uv": [6, 4, 7, 5], "texture": "#side", "cullface": "north"},
				"up": {"uv": [6, 4, 7, 5], "texture": "#side", "cullface": "north"}
			}
		},
		{
			"from": [10, 9, 0.2],
			"to": [12, 14, 1.2],
			"rotation": {"angle": 0, "axis": "y", "origin": [0, 0, -0.5]},
			"faces": {
				"north": {"uv": [4, 2, 6, 7], "texture": "#side", "cullface": "north"},
				"east": {"uv": [4, 2, 5, 7], "texture": "#side", "cullface": "north"},
				"west": {"uv": [5, 2, 6, 7], "texture": "#side", "cullface": "north"},
				"up": {"uv": [4, 2, 6, 3], "texture": "#side", "cullface": "north"}
			}
		},
		{
			"from": [12, 9, 0.5],
			"to": [15, 13.001, 1.5],
			"rotation": {"angle": 0, "axis": "y", "origin": [0, 0, -0.5]},
			"faces": {
				"north": {"uv": [1, 3, 4, 7], "texture": "#side", "cullface": "north"},
				"up": {"uv": [4, 3, 1, 4], "texture": "#side", "cullface": "north"}
			}
		},
		{
			"from": [3, 5, 0.5],
			"to": [5, 6, 1.5],
			"rotation": {"angle": 0, "axis": "y", "origin": [0, 0, -0.5]},
			"faces": {
				"north": {"uv": [11, 10, 13, 11], "texture": "#side", "cullface": "north"},
				"east": {"uv": [11, 10, 12, 11], "texture": "#side", "cullface": "north"},
				"west": {"uv": [12, 10, 13, 11], "texture": "#side", "cullface": "north"},
				"up": {"uv": [11, 10, 13, 11], "texture": "#side", "cullface": "north"}
			}
		},
		{
			"from": [1, 1, 0.5],
			"to": [5, 5, 1.5],
			"rotation": {"angle": 0, "axis": "y", "origin": [0, 0, -0.5]},
			"faces": {
				"north": {"uv": [11, 11, 15, 15], "texture": "#side", "cullface": "north"},
				"east": {"uv": [11, 11, 12, 15], "texture": "#side", "cullface": "north"},
				"up": {"uv": [15, 11, 11, 12], "texture": "#side", "cullface": "north"}
			}
		},
		{
			"from": [8, 6, 0.5],
			"to": [10, 7, 1.5],
			"rotation": {"angle": 0, "axis": "y", "origin": [0, 0, -0.5]},
			"faces": {
				"north": {"uv": [6, 9, 8, 10], "texture": "#side", "cullface": "north"},
				"east": {"uv": [6, 9, 7, 10], "texture": "#side", "cullface": "north"},
				"west": {"uv": [7, 9, 8, 10], "texture": "#side", "cullface": "north"}
			}
		},
		{
			"from": [8, 5, 0.5],
			"to": [12, 6, 1.5],
			"rotation": {"angle": 0, "axis": "y", "origin": [0, 0, -0.5]},
			"faces": {
				"north": {"uv": [4, 10, 8, 11], "texture": "#side", "cullface": "north"},
				"east": {"uv": [4, 10, 5, 11], "texture": "#side", "cullface": "north"},
				"west": {"uv": [7, 10, 8, 11], "texture": "#side", "cullface": "north"},
				"up": {"uv": [8, 10, 4, 11], "texture": "#side", "cullface": "north"}
			}
		},
		{
			"from": [8, 1, 0.5],
			"to": [13, 5, 1.5],
			"rotation": {"angle": 0, "axis": "y", "origin": [0, 0, -0.5]},
			"faces": {
				"north": {"uv": [3, 11, 8, 15], "texture": "#side", "cullface": "north"},
				"west": {"uv": [7, 11, 8, 15], "texture": "#side", "cullface": "north"},
				"up": {"uv": [8, 11, 3, 12], "texture": "#side", "cullface": "north"}
			}
		},
		{
			"from": [13, 1, 0.3],
			"to": [14.999, 6, 1.3],
			"rotation": {"angle": 0, "axis": "y", "origin": [0, 0, -0.5]},
			"faces": {
				"north": {"uv": [1, 10, 3, 15], "texture": "#side", "cullface": "north"},
				"east": {"uv": [1, 10, 2, 15], "texture": "#side"},
				"west": {"uv": [2, 10, 3, 15], "texture": "#side", "cullface": "north"},
				"up": {"uv": [3, 10, 1, 11], "texture": "#side", "cullface": "north"}
			}
		},
		{
			"from": [0.5, 13, 12],
			"to": [1.5, 15, 14],
			"rotation": {"angle": 0, "axis": "y", "origin": [7.5, 8, 8]},
			"faces": {
				"north": {"uv": [12, 1, 13, 3], "texture": "#side", "cullface": "west"},
				"south": {"uv": [13, 1, 14, 3], "texture": "#side", "cullface": "west"},
				"west": {"uv": [12, 1, 14, 3], "texture": "#side", "cullface": "west"}
			}
		},
		{
			"from": [0.5, 13, 9],
			"to": [1.5, 14, 11],
			"rotation": {"angle": 0, "axis": "y", "origin": [7.5, 8, 8]},
			"faces": {
				"north": {"uv": [9, 2, 10, 3], "texture": "#side", "cullface": "west"},
				"south": {"uv": [10, 2, 11, 3], "texture": "#side", "cullface": "west"},
				"west": {"uv": [9, 2, 11, 3], "texture": "#side", "cullface": "west"},
				"up": {"uv": [11, 2, 9, 3], "rotation": 270, "texture": "#side", "cullface": "west"}
			}
		},
		{
			"from": [0.5, 9, 9],
			"to": [1.5, 13, 15],
			"rotation": {"angle": 0, "axis": "y", "origin": [7.5, 8, 8]},
			"faces": {
				"north": {"uv": [9, 3, 10, 7], "texture": "#side"},
				"west": {"uv": [9, 3, 15, 7], "texture": "#side", "cullface": "west"},
				"up": {"uv": [15, 3, 9, 4], "rotation": 270, "texture": "#side", "cullface": "west"}
			}
		},
		{
			"from": [0.5, 9, 6],
			"to": [1.5, 12, 7],
			"rotation": {"angle": 0, "axis": "y", "origin": [7.5, 8, 8]},
			"faces": {
				"south": {"uv": [6, 4, 7, 5], "texture": "#side", "cullface": "west"},
				"west": {"uv": [6, 4, 7, 5], "texture": "#side", "cullface": "west"},
				"up": {"uv": [6, 4, 7, 5], "rotation": 270, "texture": "#side", "cullface": "west"}
			}
		},
		{
			"from": [0.5, 9, 4],
			"to": [1.5, 14, 6],
			"rotation": {"angle": 0, "axis": "y", "origin": [7.5, 8, 8]},
			"faces": {
				"north": {"uv": [4, 2, 5, 7], "texture": "#side", "cullface": "west"},
				"south": {"uv": [5, 2, 6, 7], "texture": "#side", "cullface": "west"},
				"west": {"uv": [4, 2, 6, 7], "texture": "#side", "cullface": "west"},
				"up": {"uv": [4, 2, 6, 3], "rotation": 270, "texture": "#side", "cullface": "west"}
			}
		},
		{
			"from": [0.5, 9, 1],
			"to": [1.5, 13.001, 4],
			"rotation": {"angle": 0, "axis": "y", "origin": [7.5, 8, 8]},
			"faces": {
				"west": {"uv": [1, 3, 4, 7], "texture": "#side", "cullface": "west"},
				"up": {"uv": [4, 3, 1, 4], "rotation": 270, "texture": "#side", "cullface": "west"}
			}
		},
		{
			"from": [0.5, 5, 11],
			"to": [1.5, 6, 13],
			"rotation": {"angle": 0, "axis": "y", "origin": [7.5, 8, 8]},
			"faces": {
				"north": {"uv": [11, 10, 12, 11], "texture": "#side", "cullface": "west"},
				"south": {"uv": [12, 10, 13, 11], "texture": "#side", "cullface": "west"},
				"west": {"uv": [11, 10, 13, 11], "texture": "#side", "cullface": "west"},
				"up": {"uv": [11, 10, 13, 11], "rotation": 270, "texture": "#side", "cullface": "west"}
			}
		},
		{
			"from": [0.5, 1, 11],
			"to": [1.5, 5, 15],
			"rotation": {"angle": 0, "axis": "y", "origin": [7.5, 8, 8]},
			"faces": {
				"north": {"uv": [11, 11, 12, 15], "texture": "#side", "cullface": "west"},
				"west": {"uv": [11, 11, 15, 15], "texture": "#side", "cullface": "west"},
				"up": {"uv": [15, 11, 11, 12], "rotation": 270, "texture": "#side", "cullface": "west"}
			}
		},
		{
			"from": [0.5, 6, 6],
			"to": [1.5, 7, 8],
			"rotation": {"angle": 0, "axis": "y", "origin": [7.5, 8, 8]},
			"faces": {
				"north": {"uv": [6, 9, 7, 10], "texture": "#side", "cullface": "west"},
				"south": {"uv": [7, 9, 8, 10], "texture": "#side", "cullface": "west"},
				"west": {"uv": [6, 9, 8, 10], "texture": "#side", "cullface": "west"}
			}
		},
		{
			"from": [0.5, 5, 4],
			"to": [1.5, 6, 8],
			"rotation": {"angle": 0, "axis": "y", "origin": [7.5, 8, 8]},
			"faces": {
				"north": {"uv": [4, 10, 5, 11], "texture": "#side", "cullface": "west"},
				"south": {"uv": [7, 10, 8, 11], "texture": "#side", "cullface": "west"},
				"west": {"uv": [4, 10, 8, 11], "texture": "#side", "cullface": "west"},
				"up": {"uv": [8, 10, 4, 11], "rotation": 270, "texture": "#side", "cullface": "west"}
			}
		},
		{
			"from": [0.5, 1, 3],
			"to": [1.5, 5, 8],
			"rotation": {"angle": 0, "axis": "y", "origin": [7.5, 8, 8]},
			"faces": {
				"south": {"uv": [7, 11, 8, 15], "texture": "#side", "cullface": "west"},
				"west": {"uv": [3, 11, 8, 15], "texture": "#side", "cullface": "west"},
				"up": {"uv": [8, 11, 3, 12], "rotation": 270, "texture": "#side", "cullface": "west"}
			}
		},
		{
			"from": [0.3, 1, 1.001],
			"to": [1.3, 6, 3.001],
			"rotation": {"angle": 0, "axis": "y", "origin": [7.5, 8, 8]},
			"faces": {
				"north": {"uv": [1, 10, 2, 15], "texture": "#side"},
				"south": {"uv": [2, 10, 3, 15], "texture": "#side", "cullface": "west"},
				"west": {"uv": [1, 10, 3, 15], "texture": "#side", "cullface": "west"},
				"up": {"uv": [3, 10, 1, 11], "rotation": 270, "texture": "#side", "cullface": "west"}
			}
		},
		{
			"from": [12, 13, 14.5],
			"to": [14, 15, 15.5],
			"rotation": {"angle": 0, "axis": "y", "origin": [8, 8, 8.5]},
			"faces": {
				"east": {"uv": [13, 1, 14, 3], "texture": "#side", "cullface": "south"},
				"south": {"uv": [12, 1, 14, 3], "texture": "#side", "cullface": "south"},
				"west": {"uv": [12, 1, 13, 3], "texture": "#side", "cullface": "south"}
			}
		},
		{
			"from": [9, 13, 14.5],
			"to": [11, 14, 15.5],
			"rotation": {"angle": 0, "axis": "y", "origin": [8, 8, 8.5]},
			"faces": {
				"east": {"uv": [10, 2, 11, 3], "texture": "#side", "cullface": "south"},
				"south": {"uv": [9, 2, 11, 3], "texture": "#side", "cullface": "south"},
				"west": {"uv": [9, 2, 10, 3], "texture": "#side", "cullface": "south"},
				"up": {"uv": [11, 2, 9, 3], "rotation": 180, "texture": "#side", "cullface": "south"}
			}
		},
		{
			"from": [9, 9, 14.5],
			"to": [15, 13, 15.5],
			"rotation": {"angle": 0, "axis": "y", "origin": [8, 8, 8.5]},
			"faces": {
				"south": {"uv": [9, 3, 15, 7], "texture": "#side", "cullface": "south"},
				"west": {"uv": [9, 3, 10, 7], "texture": "#side", "cullface": "south"},
				"up": {"uv": [15, 3, 9, 4], "rotation": 180, "texture": "#side", "cullface": "south"}
			}
		},
		{
			"from": [6, 9, 14.5],
			"to": [7, 12, 15.5],
			"rotation": {"angle": 0, "axis": "y", "origin": [8, 8, 8.5]},
			"faces": {
				"east": {"uv": [6, 4, 7, 5], "texture": "#side", "cullface": "south"},
				"south": {"uv": [6, 4, 7, 5], "texture": "#side", "cullface": "south"},
				"up": {"uv": [6, 4, 7, 5], "rotation": 180, "texture": "#side", "cullface": "south"}
			}
		},
		{
			"from": [4, 9, 14.8],
			"to": [6, 14, 15.8],
			"rotation": {"angle": 0, "axis": "y", "origin": [8, 8, 8.5]},
			"faces": {
				"east": {"uv": [5, 2, 6, 7], "texture": "#side", "cullface": "south"},
				"south": {"uv": [4, 2, 6, 7], "texture": "#side", "cullface": "south"},
				"west": {"uv": [4, 2, 5, 7], "texture": "#side", "cullface": "south"},
				"up": {"uv": [4, 2, 6, 3], "rotation": 180, "texture": "#side", "cullface": "south"}
			}
		},
		{
			"from": [1, 9, 14.5],
			"to": [4, 13.001, 15.5],
			"rotation": {"angle": 0, "axis": "y", "origin": [8, 8, 8.5]},
			"faces": {
				"south": {"uv": [1, 3, 4, 7], "texture": "#side", "cullface": "south"},
				"up": {"uv": [4, 3, 1, 4], "rotation": 180, "texture": "#side", "cullface": "south"}
			}
		},
		{
			"from": [11, 5, 14.5],
			"to": [13, 6, 15.5],
			"rotation": {"angle": 0, "axis": "y", "origin": [8, 8, 8.5]},
			"faces": {
				"east": {"uv": [12, 10, 13, 11], "texture": "#side", "cullface": "south"},
				"south": {"uv": [11, 10, 13, 11], "texture": "#side", "cullface": "south"},
				"west": {"uv": [11, 10, 12, 11], "texture": "#side", "cullface": "south"},
				"up": {"uv": [11, 10, 13, 11], "rotation": 180, "texture": "#side", "cullface": "south"}
			}
		},
		{
			"from": [11, 1, 14.5],
			"to": [15, 5, 15.5],
			"rotation": {"angle": 0, "axis": "y", "origin": [8, 8, 8.5]},
			"faces": {
				"south": {"uv": [11, 11, 15, 15], "texture": "#side", "cullface": "south"},
				"west": {"uv": [11, 11, 12, 15], "texture": "#side", "cullface": "south"},
				"up": {"uv": [15, 11, 11, 12], "rotation": 180, "texture": "#side", "cullface": "south"}
			}
		},
		{
			"from": [6, 6, 14.5],
			"to": [8, 7, 15.5],
			"rotation": {"angle": 0, "axis": "y", "origin": [8, 8, 8.5]},
			"faces": {
				"east": {"uv": [7, 9, 8, 10], "texture": "#side", "cullface": "south"},
				"south": {"uv": [6, 9, 8, 10], "texture": "#side", "cullface": "south"},
				"west": {"uv": [6, 9, 7, 10], "texture": "#side", "cullface": "south"}
			}
		},
		{
			"from": [4, 5, 14.5],
			"to": [8, 6, 15.5],
			"rotation": {"angle": 0, "axis": "y", "origin": [8, 8, 8.5]},
			"faces": {
				"east": {"uv": [7, 10, 8, 11], "texture": "#side", "cullface": "south"},
				"south": {"uv": [4, 10, 8, 11], "texture": "#side", "cullface": "south"},
				"west": {"uv": [4, 10, 5, 11], "texture": "#side", "cullface": "south"},
				"up": {"uv": [8, 10, 4, 11], "rotation": 180, "texture": "#side", "cullface": "south"}
			}
		},
		{
			"from": [3, 1, 14.5],
			"to": [8, 5, 15.5],
			"rotation": {"angle": 0, "axis": "y", "origin": [8, 8, 8.5]},
			"faces": {
				"east": {"uv": [7, 11, 8, 15], "texture": "#side", "cullface": "south"},
				"south": {"uv": [3, 11, 8, 15], "texture": "#side", "cullface": "south"},
				"up": {"uv": [8, 11, 3, 12], "rotation": 180, "texture": "#side", "cullface": "south"}
			}
		},
		{
			"from": [1.001, 1, 14.7],
			"to": [3.001, 6, 15.7],
			"rotation": {"angle": 0, "axis": "y", "origin": [8, 8, 8.5]},
			"faces": {
				"east": {"uv": [2, 10, 3, 15], "texture": "#side", "cullface": "south"},
				"south": {"uv": [1, 10, 3, 15], "texture": "#side", "cullface": "south"},
				"west": {"uv": [1, 10, 2, 15], "texture": "#side"},
				"up": {"uv": [3, 10, 1, 11], "rotation": 180, "texture": "#side", "cullface": "south"}
			}
		},
		{
			"from": [14.5, 13, 2],
			"to": [15.5, 15, 4],
			"rotation": {"angle": 0, "axis": "y", "origin": [8.5, 8, 8]},
			"faces": {
				"north": {"uv": [13, 1, 14, 3], "texture": "#side", "cullface": "east"},
				"east": {"uv": [12, 1, 14, 3], "texture": "#side", "cullface": "east"},
				"south": {"uv": [12, 1, 13, 3], "texture": "#side", "cullface": "east"}
			}
		},
		{
			"from": [14.5, 13, 5],
			"to": [15.5, 14, 7],
			"rotation": {"angle": 0, "axis": "y", "origin": [8.5, 8, 8]},
			"faces": {
				"north": {"uv": [10, 2, 11, 3], "texture": "#side", "cullface": "east"},
				"east": {"uv": [9, 2, 11, 3], "texture": "#side", "cullface": "east"},
				"south": {"uv": [9, 2, 10, 3], "texture": "#side", "cullface": "east"},
				"up": {"uv": [11, 2, 9, 3], "rotation": 90, "texture": "#side", "cullface": "east"}
			}
		},
		{
			"from": [14.5, 9, 1],
			"to": [15.5, 13, 7],
			"rotation": {"angle": 0, "axis": "y", "origin": [8.5, 8, 8]},
			"faces": {
				"east": {"uv": [9, 3, 15, 7], "texture": "#side", "cullface": "east"},
				"south": {"uv": [9, 3, 10, 7], "texture": "#side"},
				"up": {"uv": [15, 3, 9, 4], "rotation": 90, "texture": "#side", "cullface": "east"}
			}
		},
		{
			"from": [14.5, 9, 9],
			"to": [15.5, 12, 10],
			"rotation": {"angle": 0, "axis": "y", "origin": [8.5, 8, 8]},
			"faces": {
				"north": {"uv": [6, 4, 7, 5], "texture": "#side", "cullface": "east"},
				"east": {"uv": [6, 4, 7, 7], "texture": "#side", "cullface": "east"},
				"up": {"uv": [6, 4, 7, 5], "rotation": 90, "texture": "#side", "cullface": "east"}
			}
		},
		{
			"from": [14.8, 9, 10],
			"to": [15.8, 14, 12],
			"rotation": {"angle": 0, "axis": "y", "origin": [8.5, 8, 8]},
			"faces": {
				"north": {"uv": [5, 2, 6, 7], "texture": "#side", "cullface": "east"},
				"east": {"uv": [4, 2, 6, 7], "texture": "#side", "cullface": "east"},
				"south": {"uv": [4, 2, 5, 7], "texture": "#side", "cullface": "east"},
				"up": {"uv": [4, 2, 6, 3], "rotation": 90, "texture": "#side", "cullface": "east"}
			}
		},
		{
			"from": [14.5, 9, 12],
			"to": [15.5, 13.001, 15],
			"rotation": {"angle": 0, "axis": "y", "origin": [8.5, 8, 8]},
			"faces": {
				"east": {"uv": [1, 3, 4, 7], "texture": "#side", "cullface": "east"},
				"up": {"uv": [4, 3, 1, 4], "rotation": 90, "texture": "#side", "cullface": "east"}
			}
		},
		{
			"from": [14.5, 5, 3],
			"to": [15.5, 6, 5],
			"rotation": {"angle": 0, "axis": "y", "origin": [8.5, 8, 8]},
			"faces": {
				"north": {"uv": [12, 10, 13, 11], "texture": "#side", "cullface": "east"},
				"east": {"uv": [11, 10, 13, 11], "texture": "#side", "cullface": "east"},
				"south": {"uv": [11, 10, 12, 11], "texture": "#side", "cullface": "east"},
				"up": {"uv": [11, 10, 13, 11], "rotation": 90, "texture": "#side", "cullface": "east"}
			}
		},
		{
			"from": [14.5, 1, 1],
			"to": [15.5, 5, 5],
			"rotation": {"angle": 0, "axis": "y", "origin": [8.5, 8, 8]},
			"faces": {
				"east": {"uv": [11, 11, 15, 15], "texture": "#side", "cullface": "east"},
				"south": {"uv": [11, 11, 12, 15], "texture": "#side", "cullface": "east"},
				"up": {"uv": [15, 11, 11, 12], "rotation": 90, "texture": "#side", "cullface": "east"}
			}
		},
		{
			"from": [14.5, 6, 8],
			"to": [15.5, 7, 10],
			"rotation": {"angle": 0, "axis": "y", "origin": [8.5, 8, 8]},
			"faces": {
				"north": {"uv": [7, 9, 8, 10], "texture": "#side", "cullface": "east"},
				"east": {"uv": [6, 9, 8, 10], "texture": "#side", "cullface": "east"},
				"south": {"uv": [6, 9, 7, 10], "texture": "#side", "cullface": "east"}
			}
		},
		{
			"from": [14.5, 5, 8],
			"to": [15.5, 6, 12],
			"rotation": {"angle": 0, "axis": "y", "origin": [8.5, 8, 8]},
			"faces": {
				"north": {"uv": [7, 10, 8, 11], "texture": "#side", "cullface": "east"},
				"east": {"uv": [4, 10, 8, 11], "texture": "#side", "cullface": "east"},
				"south": {"uv": [4, 10, 5, 11], "texture": "#side", "cullface": "east"},
				"up": {"uv": [8, 10, 4, 11], "rotation": 90, "texture": "#side", "cullface": "east"}
			}
		},
		{
			"from": [14.5, 1, 8],
			"to": [15.5, 5, 13],
			"rotation": {"angle": 0, "axis": "y", "origin": [8.5, 8, 8]},
			"faces": {
				"north": {"uv": [7, 11, 8, 15], "texture": "#side", "cullface": "east"},
				"east": {"uv": [3, 11, 8, 15], "texture": "#side", "cullface": "east"},
				"up": {"uv": [8, 11, 3, 12], "rotation": 90, "texture": "#side", "cullface": "east"}
			}
		},
		{
			"from": [14.7, 1, 13],
			"to": [15.7, 6, 14.999],
			"rotation": {"angle": 0, "axis": "y", "origin": [8.5, 8, 8]},
			"faces": {
				"north": {"uv": [2, 10, 3, 15], "texture": "#side", "cullface": "east"},
				"east": {"uv": [1, 10, 3, 15], "texture": "#side", "cullface": "east"},
				"south": {"uv": [1, 10, 2, 15], "texture": "#side"},
				"up": {"uv": [3, 10, 1, 11], "rotation": 90, "texture": "#side", "cullface": "east"}
			}
		},
		{
			"from": [15, 1, 0.001],
			"to": [15.998, 5, 1.001],
			"faces": {
				"north": {"uv": [1, 5, 2, 9], "texture": "#conncet", "cullface": "north"},
				"east": {"uv": [2, 5, 3, 9], "texture": "#conncet"},
				"south": {"uv": [2, 5, 3, 9], "texture": "#conncet", "cullface": "east"},
				"west": {"uv": [1, 5, 2, 9], "texture": "#conncet", "cullface": "north"},
				"up": {"uv": [0, 11, 1, 12], "texture": "#side"}
			}
		},
		{
			"from": [15, 9, 0.001],
			"to": [15.998, 13, 1.001],
			"faces": {
				"north": {"uv": [1, 1, 2, 5], "texture": "#conncet", "cullface": "north"},
				"east": {"uv": [2, 1, 3, 5], "texture": "#conncet"},
				"south": {"uv": [2, 1, 3, 5], "texture": "#conncet", "cullface": "east"},
				"west": {"uv": [1, 1, 2, 5], "texture": "#conncet", "cullface": "north"},
				"up": {"uv": [0, 3, 1, 4], "texture": "#side"}
			}
		},
		{
			"from": [0.001, 9, 0.001],
			"to": [0.999, 13, 1.001],
			"faces": {
				"north": {"uv": [2, 1, 3, 5], "texture": "#conncet", "cullface": "north"},
				"east": {"uv": [2, 1, 3, 5], "texture": "#conncet", "cullface": "north"},
				"south": {"uv": [1, 1, 2, 5], "texture": "#conncet", "cullface": "west"},
				"west": {"uv": [1, 1, 2, 5], "texture": "#conncet"},
				"up": {"uv": [15, 3, 16, 4], "texture": "#side"}
			}
		},
		{
			"from": [0.001, 1, 0.001],
			"to": [0.999, 5, 1.001],
			"faces": {
				"north": {"uv": [2, 5, 3, 9], "texture": "#conncet", "cullface": "north"},
				"east": {"uv": [2, 5, 3, 9], "texture": "#conncet", "cullface": "north"},
				"south": {"uv": [1, 5, 2, 9], "texture": "#conncet", "cullface": "west"},
				"west": {"uv": [1, 5, 2, 9], "texture": "#conncet"},
				"up": {"uv": [15, 11, 16, 12], "texture": "#side"}
			}
		},
		{
			"from": [14.999, 9, 14.999],
			"to": [15.999, 13, 15.999],
			"faces": {
				"north": {"uv": [1, 1, 2, 5], "texture": "#conncet", "cullface": "east"},
				"east": {"uv": [1, 1, 2, 5], "texture": "#conncet"},
				"south": {"uv": [2, 1, 3, 5], "texture": "#conncet", "cullface": "south"},
				"west": {"uv": [2, 1, 3, 5], "texture": "#conncet", "cullface": "south"},
				"up": {"uv": [15, 3, 16, 4], "texture": "#side"}
			}
		},
		{
			"from": [14.999, 1, 14.999],
			"to": [15.999, 5, 15.999],
			"faces": {
				"north": {"uv": [1, 5, 2, 9], "texture": "#conncet", "cullface": "east"},
				"east": {"uv": [1, 5, 2, 9], "texture": "#conncet"},
				"south": {"uv": [2, 5, 3, 9], "texture": "#conncet", "cullface": "south"},
				"west": {"uv": [2, 5, 3, 9], "texture": "#conncet", "cullface": "south"},
				"up": {"uv": [15, 11, 16, 12], "texture": "#side"}
			}
		},
		{
			"from": [0.001, 9, 14.999],
			"to": [1.001, 13, 15.999],
			"faces": {
				"north": {"uv": [2, 1, 3, 5], "texture": "#conncet", "cullface": "west"},
				"east": {"uv": [1, 1, 2, 5], "texture": "#conncet", "cullface": "south"},
				"south": {"uv": [1, 1, 2, 5], "texture": "#conncet", "cullface": "south"},
				"west": {"uv": [2, 1, 3, 5], "texture": "#conncet"},
				"up": {"uv": [0, 3, 1, 4], "texture": "#side"}
			}
		},
		{
			"from": [0.001, 1, 14.999],
			"to": [1.001, 5, 15.999],
			"faces": {
				"north": {"uv": [2, 5, 3, 9], "texture": "#conncet", "cullface": "west"},
				"east": {"uv": [1, 5, 2, 9], "texture": "#conncet", "cullface": "south"},
				"south": {"uv": [1, 5, 2, 9], "texture": "#conncet", "cullface": "south"},
				"west": {"uv": [2, 5, 3, 9], "texture": "#conncet"},
				"up": {"uv": [0, 11, 1, 12], "texture": "#side"}
			}
		},
		{
			"from": [0, 1, 1],
			"to": [16, 15, 15],
			"faces": {
				"north": {"uv": [0, 1, 16, 15], "texture": "#particle"},
				"south": {"uv": [0, 1, 16, 15], "texture": "#particle"}
			}
		},
		{
			"from": [1, 1, 0],
			"to": [15, 15, 16],
			"faces": {
				"east": {"uv": [0, 1, 16, 15], "texture": "#particle"},
				"west": {"uv": [0, 1, 16, 15], "texture": "#particle"}
			}
		}
	]
}