{
	"credit": "Made with Blockbench",
	"textures": {
		"base": "block/brewing_stand_base",
		"particle": "block/brewing_stand",
		"stand": "block/brewing_stand"
	},
	"elements": [
		{
			"from": [7, 0, 7],
			"to": [9, 14, 9],
			"faces": {
				"north": {"uv": [7, 2, 9, 16], "texture": "#stand"},
				"east": {"uv": [7, 2, 9, 16], "texture": "#stand"},
				"south": {"uv": [7, 2, 9, 16], "texture": "#stand"},
				"west": {"uv": [7, 2, 9, 16], "texture": "#stand"},
				"up": {"uv": [7, 7, 9, 9], "texture": "#stand"},
				"down": {"uv": [7, 7, 9, 9], "texture": "#stand"}
			}
		},
		{
			"from": [10, 0, 5],
			"to": [16, 2, 11],
			"faces": {
				"north": {"uv": [9, 14, 15, 16], "texture": "#base"},
				"east": {"uv": [5, 14, 11, 16], "texture": "#base"},
				"south": {"uv": [9, 14, 15, 16], "texture": "#base"},
				"west": {"uv": [5, 14, 11, 16], "texture": "#base"},
				"up": {"uv": [9, 5, 15, 11], "texture": "#base"},
				"down": {"uv": [9, 5, 15, 11], "texture": "#base", "cullface": "down"}
			}
		},
		{
			"from": [1, 0, 1],
			"to": [7, 2, 7],
			"faces": {
				"north": {"uv": [2, 14, 8, 16], "texture": "#base"},
				"east": {"uv": [1, 14, 7, 16], "texture": "#base"},
				"south": {"uv": [2, 14, 8, 16], "texture": "#base"},
				"west": {"uv": [1, 14, 7, 16], "texture": "#base"},
				"up": {"uv": [2, 1, 8, 7], "texture": "#base"},
				"down": {"uv": [2, 1, 8, 7], "texture": "#base", "cullface": "down"}
			}
		},
		{
			"from": [1, 0, 9],
			"to": [7, 2, 15],
			"faces": {
				"north": {"uv": [2, 14, 8, 16], "texture": "#base"},
				"east": {"uv": [9, 14, 15, 16], "texture": "#base"},
				"south": {"uv": [2, 14, 8, 16], "texture": "#base"},
				"west": {"uv": [9, 14, 15, 16], "texture": "#base"},
				"up": {"uv": [2, 9, 8, 15], "texture": "#base"},
				"down": {"uv": [2, 9, 8, 15], "texture": "#base", "cullface": "down"}
			}
		},
		{
			"from": [7, 11, 6.7],
			"to": [9, 13, 9.3],
			"faces": {
				"north": {"uv": [7, 3, 9, 5], "texture": "#stand"},
				"east": {"uv": [7, 3, 9, 5], "texture": "#stand"},
				"south": {"uv": [7, 3, 9, 5], "texture": "#stand"},
				"west": {"uv": [7, 3, 9, 5], "texture": "#stand"},
				"up": {"uv": [7, 3, 9, 4], "texture": "#stand"},
				"down": {"uv": [7, 4, 9, 5], "texture": "#stand"}
			}
		},
		{
			"from": [6.7, 11, 7],
			"to": [9.3, 13, 9],
			"faces": {
				"north": {"uv": [7, 3, 9, 5], "texture": "#stand"},
				"east": {"uv": [7, 3, 9, 5], "texture": "#stand"},
				"south": {"uv": [7, 3, 9, 5], "texture": "#stand"},
				"west": {"uv": [7, 3, 9, 5], "texture": "#stand"},
				"up": {"uv": [7, 3, 9, 4], "texture": "#stand"},
				"down": {"uv": [7, 4, 9, 5], "texture": "#stand"}
			}
		},
		{
			"from": [5.2, 0.01, 5.1],
			"to": [7.7, 0.7, 7.6],
			"faces": {
				"north": {"uv": [2, 14, 4, 14.7], "texture": "#base"},
				"east": {"uv": [2, 14, 4, 14.7], "texture": "#base"},
				"south": {"uv": [2, 15, 4, 15.7], "texture": "#base"},
				"west": {"uv": [2, 15, 4, 15.7], "texture": "#base"},
				"up": {"uv": [2, 14, 4, 16], "texture": "#base"},
				"down": {"uv": [2, 14, 4, 16], "texture": "#base"}
			}
		},
		{
			"from": [5.2, 0.01, 8.6],
			"to": [7.7, 0.7, 11],
			"faces": {
				"north": {"uv": [2, 15, 4, 15.7], "texture": "#base"},
				"east": {"uv": [2, 15, 4, 15.7], "texture": "#base"},
				"south": {"uv": [2, 14, 4, 14.7], "texture": "#base"},
				"west": {"uv": [2, 14, 4, 14.7], "texture": "#base"},
				"up": {"uv": [2, 14, 4, 16], "texture": "#base"},
				"down": {"uv": [2, 14, 4, 16], "texture": "#base"}
			}
		},
		{
			"from": [9, 0.01, 7],
			"to": [10.7, 0.71, 9],
			"faces": {
				"north": {"uv": [0, 14, 2, 14.7], "texture": "#base"},
				"east": {"uv": [0, 0, 2, 0.7], "texture": "#missing"},
				"south": {"uv": [0, 14, 2, 14.7], "texture": "#base"},
				"west": {"uv": [0, 0, 2, 0.7], "texture": "#missing"},
				"up": {"uv": [0, 14, 2, 16], "texture": "#base"},
				"down": {"uv": [0, 14, 2, 16], "texture": "#base"}
			}
		},
		{
			"from": [6, 0, 7.6],
			"to": [7, 0.7, 8.6],
			"faces": {
				"west": {"uv": [7, 15.3, 8, 16], "texture": "#base"},
				"up": {"uv": [7, 15, 8, 16], "texture": "#base"},
				"down": {"uv": [7, 15, 8, 16], "texture": "#base"}
			}
		}
	],
	"display": {
		"thirdperson_righthand": {
			"rotation": [75, 45, 0],
			"translation": [0, 2.5, 0],
			"scale": [0.375, 0.375, 0.375]
		},
		"thirdperson_lefthand": {
			"rotation": [75, 45, 0],
			"translation": [0, 2.5, 0],
			"scale": [0.375, 0.375, 0.375]
		},
		"firstperson_righthand": {
			"rotation": [0, 45, 0],
			"scale": [0.4, 0.4, 0.4]
		},
		"firstperson_lefthand": {
			"rotation": [0, 225, 0],
			"scale": [0.4, 0.4, 0.4]
		},
		"ground": {
			"translation": [0, 3, 0],
			"scale": [0.25, 0.25, 0.25]
		},
		"gui": {
			"rotation": [30, 225, 0],
			"scale": [0.625, 0.625, 0.625]
		},
		"fixed": {
			"scale": [0.5, 0.5, 0.5]
		}
	}
}