{
	"credit": "Made with Blockbench",
	"parent": "block/block",
	"ambientocclusion": false,
	"textures": {
		"bottom": "block/cactus_bottom",
		"top": "block/cactus_top",
		"particle": "block/cactus_side",
		"side": "block/cactus_side"
	},
	"elements": [
		{
			"from": [0, 1, 10],
			"to": [1, 2, 11],
			"faces": {
				"north": {"uv": [7, 6, 8, 7], "texture": "#side"},
				"south": {"uv": [7, 6, 8, 7], "texture": "#side"},
				"west": {"uv": [7, 6, 8, 7], "texture": "#side", "cullface": "west"},
				"up": {"uv": [7, 6, 8, 7], "texture": "#side"},
				"down": {"uv": [7, 6, 8, 7], "texture": "#side"}
			}
		},
		{
			"from": [0, 10, 14],
			"to": [1, 11, 15],
			"faces": {
				"north": {"uv": [14, 5, 15, 6], "texture": "#side"},
				"south": {"uv": [14, 5, 15, 6], "texture": "#side"},
				"west": {"uv": [14, 5, 15, 6], "texture": "#side", "cullface": "west"},
				"up": {"uv": [14, 5, 15, 6], "texture": "#side"},
				"down": {"uv": [14, 5, 15, 6], "texture": "#side"}
			}
		},
		{
			"from": [0, 14, 14],
			"to": [1, 15, 15],
			"faces": {
				"north": {"uv": [14, 1, 15, 2], "texture": "#side"},
				"south": {"uv": [14, 1, 15, 2], "texture": "#side"},
				"west": {"uv": [14, 1, 15, 2], "texture": "#side", "cullface": "west"},
				"up": {"uv": [14, 1, 15, 2], "texture": "#side"},
				"down": {"uv": [14, 1, 15, 2], "texture": "#side"}
			}
		},
		{
			"from": [0, 9, 7],
			"to": [1, 10, 8],
			"faces": {
				"north": {"uv": [7, 6, 8, 7], "texture": "#side"},
				"south": {"uv": [7, 6, 8, 7], "texture": "#side"},
				"west": {"uv": [7, 6, 8, 7], "texture": "#side", "cullface": "west"},
				"up": {"uv": [7, 6, 8, 7], "texture": "#side"},
				"down": {"uv": [7, 6, 8, 7], "texture": "#side"}
			}
		},
		{
			"from": [0, 3, 1],
			"to": [1, 4, 2],
			"faces": {
				"north": {"uv": [1, 12, 2, 13], "texture": "#side"},
				"south": {"uv": [1, 12, 2, 13], "texture": "#side"},
				"west": {"uv": [1, 12, 2, 13], "texture": "#side", "cullface": "west"},
				"up": {"uv": [1, 12, 2, 13], "texture": "#side"},
				"down": {"uv": [1, 12, 2, 13], "texture": "#side"}
			}
		},
		{
			"from": [0, 14, 5],
			"to": [1, 15, 6],
			"faces": {
				"north": {"uv": [5, 1, 6, 2], "texture": "#side"},
				"south": {"uv": [5, 1, 6, 2], "texture": "#side"},
				"west": {"uv": [5, 1, 6, 2], "texture": "#side", "cullface": "west"},
				"up": {"uv": [5, 1, 6, 2], "texture": "#side"},
				"down": {"uv": [5, 1, 6, 2], "texture": "#side"}
			}
		},
		{
			"from": [0, 12, 10],
			"to": [1, 13, 11],
			"faces": {
				"north": {"uv": [10, 3, 11, 4], "texture": "#side"},
				"south": {"uv": [10, 3, 11, 4], "texture": "#side"},
				"west": {"uv": [10, 3, 11, 4], "texture": "#side", "cullface": "west"},
				"up": {"uv": [10, 3, 11, 4], "texture": "#side"},
				"down": {"uv": [10, 3, 11, 4], "texture": "#side"}
			}
		},
		{
			"from": [0, 5, 14],
			"to": [1, 6, 15],
			"faces": {
				"north": {"uv": [14, 10, 15, 11], "texture": "#side"},
				"south": {"uv": [14, 10, 15, 11], "texture": "#side"},
				"west": {"uv": [14, 10, 15, 11], "texture": "#side", "cullface": "west"},
				"up": {"uv": [14, 10, 15, 11], "texture": "#side"},
				"down": {"uv": [14, 10, 15, 11], "texture": "#side"}
			}
		},
		{
			"from": [0, 5, 5],
			"to": [1, 6, 6],
			"faces": {
				"north": {"uv": [5, 10, 6, 11], "texture": "#side"},
				"south": {"uv": [5, 10, 6, 11], "texture": "#side"},
				"west": {"uv": [5, 10, 6, 11], "texture": "#side", "cullface": "west"},
				"up": {"uv": [5, 10, 6, 11], "texture": "#side"},
				"down": {"uv": [5, 10, 6, 11], "texture": "#side"}
			}
		},
		{
			"from": [0, 13, 1],
			"to": [1, 14, 2],
			"faces": {
				"north": {"uv": [1, 2, 2, 3], "texture": "#side"},
				"south": {"uv": [1, 2, 2, 3], "texture": "#side"},
				"west": {"uv": [1, 2, 2, 3], "texture": "#side", "cullface": "west"},
				"up": {"uv": [1, 2, 2, 3], "texture": "#side"},
				"down": {"uv": [1, 2, 2, 3], "texture": "#side"}
			}
		},
		{
			"from": [15, 1, 5],
			"to": [16, 2, 6],
			"rotation": {"angle": 0, "axis": "y", "origin": [15.5, 9, 8.5]},
			"faces": {
				"north": {"uv": [10, 14, 11, 15], "texture": "#side"},
				"east": {"uv": [10, 14, 11, 15], "texture": "#side", "cullface": "east"},
				"south": {"uv": [10, 14, 11, 15], "texture": "#side"},
				"up": {"uv": [10, 14, 11, 15], "texture": "#side"},
				"down": {"uv": [10, 14, 11, 15], "texture": "#side"}
			}
		},
		{
			"from": [15, 10, 1],
			"to": [16, 11, 2],
			"rotation": {"angle": 0, "axis": "y", "origin": [15.5, 9, 8.5]},
			"faces": {
				"north": {"uv": [7, 6, 8, 7], "texture": "#side"},
				"east": {"uv": [7, 6, 8, 7], "texture": "#side", "cullface": "east"},
				"south": {"uv": [7, 6, 8, 7], "texture": "#side"},
				"up": {"uv": [7, 6, 8, 7], "rotation": 180, "texture": "#side"},
				"down": {"uv": [7, 6, 8, 7], "rotation": 180, "texture": "#side"}
			}
		},
		{
			"from": [15, 14, 1],
			"to": [16, 15, 2],
			"rotation": {"angle": 0, "axis": "y", "origin": [15.5, 9, 8.5]},
			"faces": {
				"north": {"uv": [14, 1, 15, 2], "texture": "#side"},
				"east": {"uv": [14, 1, 15, 2], "texture": "#side", "cullface": "east"},
				"south": {"uv": [14, 1, 15, 2], "texture": "#side"},
				"up": {"uv": [14, 1, 15, 2], "texture": "#side"},
				"down": {"uv": [14, 1, 15, 2], "texture": "#side"}
			}
		},
		{
			"from": [15, 9, 8],
			"to": [16, 10, 9],
			"rotation": {"angle": 0, "axis": "y", "origin": [15.5, 9, 8.5]},
			"faces": {
				"north": {"uv": [7, 6, 8, 7], "texture": "#side"},
				"east": {"uv": [7, 6, 8, 7], "texture": "#side", "cullface": "east"},
				"south": {"uv": [7, 6, 8, 7], "texture": "#side"},
				"up": {"uv": [7, 6, 8, 7], "rotation": 180, "texture": "#side"},
				"down": {"uv": [7, 6, 8, 7], "rotation": 180, "texture": "#side"}
			}
		},
		{
			"from": [15, 3, 14],
			"to": [16, 4, 15],
			"rotation": {"angle": 0, "axis": "y", "origin": [15.5, 9, 8.5]},
			"faces": {
				"north": {"uv": [1, 12, 2, 13], "texture": "#side"},
				"east": {"uv": [1, 12, 2, 13], "texture": "#side", "cullface": "east"},
				"south": {"uv": [1, 12, 2, 13], "texture": "#side"},
				"up": {"uv": [1, 12, 2, 13], "texture": "#side"},
				"down": {"uv": [1, 12, 2, 13], "texture": "#side"}
			}
		},
		{
			"from": [15, 14, 10],
			"to": [16, 15, 11],
			"rotation": {"angle": 0, "axis": "y", "origin": [15.5, 9, 8.5]},
			"faces": {
				"north": {"uv": [2, 6, 3, 7], "texture": "#top"},
				"east": {"uv": [2, 6, 3, 7], "texture": "#top", "cullface": "east"},
				"south": {"uv": [2, 6, 3, 7], "texture": "#top"},
				"up": {"uv": [2, 6, 3, 7], "rotation": 180, "texture": "#top"},
				"down": {"uv": [2, 6, 3, 7], "rotation": 180, "texture": "#top"}
			}
		},
		{
			"from": [15, 12, 5],
			"to": [16, 13, 6],
			"rotation": {"angle": 0, "axis": "y", "origin": [15.5, 9, 8.5]},
			"faces": {
				"north": {"uv": [10, 3, 11, 4], "texture": "#side"},
				"east": {"uv": [10, 3, 11, 4], "texture": "#side", "cullface": "east"},
				"south": {"uv": [10, 3, 11, 4], "texture": "#side"},
				"up": {"uv": [10, 3, 11, 4], "texture": "#side"},
				"down": {"uv": [10, 3, 11, 4], "texture": "#side"}
			}
		},
		{
			"from": [15, 5, 1],
			"to": [16, 6, 2],
			"rotation": {"angle": 0, "axis": "y", "origin": [15.5, 9, 8.5]},
			"faces": {
				"north": {"uv": [14, 10, 15, 11], "texture": "#side"},
				"east": {"uv": [14, 10, 15, 11], "texture": "#side", "cullface": "east"},
				"south": {"uv": [14, 10, 15, 11], "texture": "#side"},
				"up": {"uv": [14, 10, 15, 11], "texture": "#side"},
				"down": {"uv": [14, 10, 15, 11], "texture": "#side"}
			}
		},
		{
			"from": [15, 5, 10],
			"to": [16, 6, 11],
			"rotation": {"angle": 0, "axis": "y", "origin": [15.5, 9, 8.5]},
			"faces": {
				"north": {"uv": [5, 10, 6, 11], "texture": "#side"},
				"east": {"uv": [5, 10, 6, 11], "texture": "#side", "cullface": "east"},
				"south": {"uv": [5, 10, 6, 11], "texture": "#side"},
				"up": {"uv": [5, 10, 6, 11], "texture": "#side"},
				"down": {"uv": [5, 10, 6, 11], "texture": "#side"}
			}
		},
		{
			"from": [15, 13, 14],
			"to": [16, 14, 15],
			"rotation": {"angle": 0, "axis": "y", "origin": [15.5, 9, 8.5]},
			"faces": {
				"north": {"uv": [1, 2, 2, 3], "texture": "#side"},
				"east": {"uv": [1, 2, 2, 3], "texture": "#side", "cullface": "east"},
				"south": {"uv": [1, 2, 2, 3], "texture": "#side"},
				"up": {"uv": [1, 2, 2, 3], "texture": "#side"},
				"down": {"uv": [1, 2, 2, 3], "texture": "#side"}
			}
		},
		{
			"from": [10, 1, 15],
			"to": [11, 2, 16],
			"faces": {
				"east": {"uv": [10, 14, 11, 15], "texture": "#side"},
				"south": {"uv": [10, 14, 11, 15], "texture": "#side", "cullface": "south"},
				"west": {"uv": [10, 14, 11, 15], "texture": "#side"},
				"up": {"uv": [10, 14, 11, 15], "texture": "#side"},
				"down": {"uv": [10, 14, 11, 15], "texture": "#side"}
			}
		},
		{
			"from": [14, 10, 15],
			"to": [15, 11, 16],
			"faces": {
				"east": {"uv": [14, 5, 15, 6], "texture": "#side"},
				"south": {"uv": [14, 5, 15, 6], "texture": "#side", "cullface": "south"},
				"west": {"uv": [14, 5, 15, 6], "texture": "#side"},
				"up": {"uv": [14, 5, 15, 6], "texture": "#side"},
				"down": {"uv": [14, 5, 15, 6], "texture": "#side"}
			}
		},
		{
			"from": [14, 14, 15],
			"to": [15, 15, 16],
			"faces": {
				"east": {"uv": [14, 1, 15, 2], "texture": "#side"},
				"south": {"uv": [14, 1, 15, 2], "texture": "#side", "cullface": "south"},
				"west": {"uv": [14, 1, 15, 2], "texture": "#side"},
				"up": {"uv": [14, 1, 15, 2], "texture": "#side"},
				"down": {"uv": [14, 1, 15, 2], "texture": "#side"}
			}
		},
		{
			"from": [7, 9, 15],
			"to": [8, 10, 16],
			"faces": {
				"east": {"uv": [7, 6, 8, 7], "texture": "#side"},
				"south": {"uv": [7, 6, 8, 7], "texture": "#side", "cullface": "south"},
				"west": {"uv": [7, 6, 8, 7], "texture": "#side"},
				"up": {"uv": [7, 6, 8, 7], "rotation": 270, "texture": "#side"},
				"down": {"uv": [7, 6, 8, 7], "rotation": 90, "texture": "#side"}
			}
		},
		{
			"from": [1, 3, 15],
			"to": [2, 4, 16],
			"faces": {
				"east": {"uv": [1, 12, 2, 13], "texture": "#side"},
				"south": {"uv": [1, 12, 2, 13], "texture": "#side", "cullface": "south"},
				"west": {"uv": [1, 12, 2, 13], "texture": "#side"},
				"up": {"uv": [1, 12, 2, 13], "texture": "#side"},
				"down": {"uv": [1, 12, 2, 13], "texture": "#side"}
			}
		},
		{
			"from": [5, 14, 15],
			"to": [6, 15, 16],
			"faces": {
				"east": {"uv": [5, 1, 6, 2], "texture": "#side"},
				"south": {"uv": [5, 1, 6, 2], "texture": "#side", "cullface": "south"},
				"west": {"uv": [5, 1, 6, 2], "texture": "#side"},
				"up": {"uv": [5, 1, 6, 2], "texture": "#side"},
				"down": {"uv": [5, 1, 6, 2], "texture": "#side"}
			}
		},
		{
			"from": [10, 12, 15],
			"to": [11, 13, 16],
			"faces": {
				"east": {"uv": [10, 3, 11, 4], "texture": "#side"},
				"south": {"uv": [10, 3, 11, 4], "texture": "#side", "cullface": "south"},
				"west": {"uv": [10, 3, 11, 4], "texture": "#side"},
				"up": {"uv": [10, 3, 11, 4], "texture": "#side"},
				"down": {"uv": [10, 3, 11, 4], "texture": "#side"}
			}
		},
		{
			"from": [14, 5, 15],
			"to": [15, 6, 16],
			"faces": {
				"east": {"uv": [14, 10, 15, 11], "texture": "#side"},
				"south": {"uv": [14, 10, 15, 11], "texture": "#side", "cullface": "south"},
				"west": {"uv": [14, 10, 15, 11], "texture": "#side"},
				"up": {"uv": [14, 10, 15, 11], "texture": "#side"},
				"down": {"uv": [14, 10, 15, 11], "texture": "#side"}
			}
		},
		{
			"from": [5, 5, 15],
			"to": [6, 6, 16],
			"faces": {
				"east": {"uv": [5, 10, 6, 11], "texture": "#side"},
				"south": {"uv": [5, 10, 6, 11], "texture": "#side", "cullface": "south"},
				"west": {"uv": [5, 10, 6, 11], "texture": "#side"},
				"up": {"uv": [5, 10, 6, 11], "texture": "#side"},
				"down": {"uv": [5, 10, 6, 11], "texture": "#side"}
			}
		},
		{
			"from": [1, 13, 15],
			"to": [2, 14, 16],
			"faces": {
				"east": {"uv": [1, 2, 2, 3], "texture": "#side"},
				"south": {"uv": [1, 2, 2, 3], "texture": "#side", "cullface": "south"},
				"west": {"uv": [1, 2, 2, 3], "texture": "#side"},
				"up": {"uv": [1, 2, 2, 3], "texture": "#side"},
				"down": {"uv": [1, 2, 2, 3], "texture": "#side"}
			}
		},
		{
			"from": [5, 1, 0],
			"to": [6, 2, 1],
			"faces": {
				"north": {"uv": [10, 14, 11, 15], "texture": "#side", "cullface": "north"},
				"east": {"uv": [10, 14, 11, 15], "texture": "#side"},
				"west": {"uv": [10, 14, 11, 15], "texture": "#side"},
				"up": {"uv": [10, 14, 11, 15], "texture": "#side"},
				"down": {"uv": [10, 14, 11, 15], "texture": "#side"}
			}
		},
		{
			"from": [1, 10, 0],
			"to": [2, 11, 1],
			"faces": {
				"north": {"uv": [7, 6, 8, 7], "texture": "#side", "cullface": "north"},
				"east": {"uv": [7, 6, 8, 7], "texture": "#side"},
				"west": {"uv": [7, 6, 8, 7], "texture": "#side"},
				"up": {"uv": [7, 6, 8, 7], "rotation": 90, "texture": "#side"},
				"down": {"uv": [7, 6, 8, 7], "rotation": 270, "texture": "#side"}
			}
		},
		{
			"from": [1, 14, 0],
			"to": [2, 15, 1],
			"faces": {
				"north": {"uv": [7, 6, 8, 7], "texture": "#side", "cullface": "north"},
				"east": {"uv": [7, 6, 8, 7], "texture": "#side"},
				"west": {"uv": [7, 6, 8, 7], "texture": "#side"},
				"up": {"uv": [7, 6, 8, 7], "rotation": 90, "texture": "#side"},
				"down": {"uv": [7, 6, 8, 7], "rotation": 270, "texture": "#side"}
			}
		},
		{
			"from": [8, 9, 0],
			"to": [9, 10, 1],
			"faces": {
				"north": {"uv": [7, 6, 8, 7], "texture": "#side", "cullface": "north"},
				"east": {"uv": [7, 6, 8, 7], "texture": "#side"},
				"west": {"uv": [7, 6, 8, 7], "texture": "#side"},
				"up": {"uv": [7, 6, 8, 7], "rotation": 90, "texture": "#side"},
				"down": {"uv": [7, 6, 8, 7], "rotation": 270, "texture": "#side"}
			}
		},
		{
			"from": [14, 3, 0],
			"to": [15, 4, 1],
			"faces": {
				"north": {"uv": [1, 12, 2, 13], "texture": "#side", "cullface": "north"},
				"east": {"uv": [1, 12, 2, 13], "texture": "#side"},
				"west": {"uv": [1, 12, 2, 13], "texture": "#side"},
				"up": {"uv": [1, 12, 2, 13], "texture": "#side"},
				"down": {"uv": [1, 12, 2, 13], "texture": "#side"}
			}
		},
		{
			"from": [10, 14, 0],
			"to": [11, 15, 1],
			"faces": {
				"north": {"uv": [5, 1, 6, 2], "texture": "#side", "cullface": "north"},
				"east": {"uv": [5, 1, 6, 2], "texture": "#side"},
				"west": {"uv": [5, 1, 6, 2], "texture": "#side"},
				"up": {"uv": [5, 1, 6, 2], "texture": "#side"},
				"down": {"uv": [5, 1, 6, 2], "texture": "#side"}
			}
		},
		{
			"from": [5, 12, 0],
			"to": [6, 13, 1],
			"faces": {
				"north": {"uv": [10, 3, 11, 4], "texture": "#side", "cullface": "north"},
				"east": {"uv": [10, 3, 11, 4], "texture": "#side"},
				"west": {"uv": [10, 3, 11, 4], "texture": "#side"},
				"up": {"uv": [10, 3, 11, 4], "texture": "#side"},
				"down": {"uv": [10, 3, 11, 4], "texture": "#side"}
			}
		},
		{
			"from": [1, 5, 0],
			"to": [2, 6, 1],
			"faces": {
				"north": {"uv": [14, 10, 15, 11], "texture": "#side", "cullface": "north"},
				"east": {"uv": [14, 10, 15, 11], "texture": "#side"},
				"west": {"uv": [14, 10, 15, 11], "texture": "#side"},
				"up": {"uv": [14, 10, 15, 11], "texture": "#side"},
				"down": {"uv": [14, 10, 15, 11], "texture": "#side"}
			}
		},
		{
			"from": [10, 5, 0],
			"to": [11, 6, 1],
			"faces": {
				"north": {"uv": [5, 10, 6, 11], "texture": "#side", "cullface": "north"},
				"east": {"uv": [5, 10, 6, 11], "texture": "#side"},
				"west": {"uv": [5, 10, 6, 11], "texture": "#side"},
				"up": {"uv": [5, 10, 6, 11], "texture": "#side"},
				"down": {"uv": [5, 10, 6, 11], "texture": "#side"}
			}
		},
		{
			"from": [14, 13, 0],
			"to": [15, 14, 1],
			"faces": {
				"north": {"uv": [1, 2, 2, 3], "texture": "#side", "cullface": "north"},
				"east": {"uv": [1, 2, 2, 3], "texture": "#side"},
				"west": {"uv": [1, 2, 2, 3], "texture": "#side"},
				"up": {"uv": [1, 2, 2, 3], "texture": "#side"},
				"down": {"uv": [1, 2, 2, 3], "texture": "#side"}
			}
		},
		{
			"from": [12, 16, 9],
			"to": [13, 17, 10],
			"faces": {
				"north": {"uv": [2, 6, 3, 7], "texture": "#top", "cullface": "up"},
				"east": {"uv": [2, 6, 3, 7], "texture": "#top", "cullface": "up"},
				"south": {"uv": [2, 6, 3, 7], "texture": "#top", "cullface": "up"},
				"west": {"uv": [2, 6, 3, 7], "texture": "#top", "cullface": "up"},
				"up": {"uv": [2, 6, 3, 7], "texture": "#top", "cullface": "up"}
			}
		},
		{
			"from": [12, 16, 12],
			"to": [13, 17, 13],
			"faces": {
				"north": {"uv": [2, 6, 3, 7], "texture": "#top", "cullface": "up"},
				"east": {"uv": [2, 6, 3, 7], "texture": "#top", "cullface": "up"},
				"south": {"uv": [2, 6, 3, 7], "texture": "#top", "cullface": "up"},
				"west": {"uv": [2, 6, 3, 7], "texture": "#top", "cullface": "up"},
				"up": {"uv": [2, 6, 3, 7], "texture": "#top", "cullface": "up"}
			}
		},
		{
			"from": [2, 16, 6],
			"to": [3, 17, 7],
			"faces": {
				"north": {"uv": [2, 6, 3, 7], "texture": "#top", "cullface": "up"},
				"east": {"uv": [2, 6, 3, 7], "texture": "#top", "cullface": "up"},
				"south": {"uv": [2, 6, 3, 7], "texture": "#top", "cullface": "up"},
				"west": {"uv": [2, 6, 3, 7], "texture": "#top", "cullface": "up"},
				"up": {"uv": [2, 6, 3, 7], "texture": "#top", "cullface": "up"}
			}
		},
		{
			"from": [6, 16, 12],
			"to": [7, 17, 13],
			"faces": {
				"north": {"uv": [2, 6, 3, 7], "texture": "#top", "cullface": "up"},
				"east": {"uv": [2, 6, 3, 7], "texture": "#top", "cullface": "up"},
				"south": {"uv": [2, 6, 3, 7], "texture": "#top", "cullface": "up"},
				"west": {"uv": [2, 6, 3, 7], "texture": "#top", "cullface": "up"},
				"up": {"uv": [2, 6, 3, 7], "texture": "#top", "cullface": "up"}
			}
		},
		{
			"from": [8, 16, 1.025],
			"to": [9, 17, 2],
			"faces": {
				"north": {"uv": [2, 6, 3, 7], "texture": "#top", "cullface": "up"},
				"east": {"uv": [2, 6, 3, 7], "texture": "#top", "cullface": "up"},
				"south": {"uv": [2, 6, 3, 7], "texture": "#top", "cullface": "up"},
				"west": {"uv": [2, 6, 3, 7], "texture": "#top", "cullface": "up"},
				"up": {"uv": [2, 6, 3, 7], "texture": "#top", "cullface": "up"}
			}
		},
		{
			"from": [4, 16, 3],
			"to": [5, 17, 4],
			"faces": {
				"north": {"uv": [2, 6, 3, 7], "texture": "#top", "cullface": "up"},
				"east": {"uv": [2, 6, 3, 7], "texture": "#top", "cullface": "up"},
				"south": {"uv": [2, 6, 3, 7], "texture": "#top", "cullface": "up"},
				"west": {"uv": [2, 6, 3, 7], "texture": "#top", "cullface": "up"},
				"up": {"uv": [2, 6, 3, 7], "texture": "#top", "cullface": "up"}
			}
		},
		{
			"from": [7, 16, 4],
			"to": [8, 17, 5],
			"faces": {
				"north": {"uv": [7, 4, 8, 5], "texture": "#top", "cullface": "up"},
				"east": {"uv": [7, 4, 8, 5], "texture": "#top", "cullface": "up"},
				"south": {"uv": [7, 4, 8, 5], "texture": "#top", "cullface": "up"},
				"west": {"uv": [7, 4, 8, 5], "texture": "#top", "cullface": "up"},
				"up": {"uv": [7, 4, 8, 5], "texture": "#top", "cullface": "up"}
			}
		},
		{
			"from": [5, 16, 8],
			"to": [6, 17, 9],
			"faces": {
				"north": {"uv": [5, 8, 6, 9], "texture": "#top", "cullface": "up"},
				"east": {"uv": [5, 8, 6, 9], "texture": "#top", "cullface": "up"},
				"south": {"uv": [5, 8, 6, 9], "texture": "#top", "cullface": "up"},
				"west": {"uv": [5, 8, 6, 9], "texture": "#top", "cullface": "up"},
				"up": {"uv": [5, 8, 6, 9], "texture": "#top", "cullface": "up"}
			}
		},
		{
			"from": [9, 16, 9],
			"to": [10, 17, 10],
			"faces": {
				"north": {"uv": [9, 9, 10, 10], "texture": "#top", "cullface": "up"},
				"east": {"uv": [9, 9, 10, 10], "texture": "#top", "cullface": "up"},
				"south": {"uv": [9, 9, 10, 10], "texture": "#top", "cullface": "up"},
				"west": {"uv": [9, 9, 10, 10], "texture": "#top", "cullface": "up"},
				"up": {"uv": [9, 9, 10, 10], "texture": "#top", "cullface": "up"}
			}
		},
		{
			"from": [10, 16, 5],
			"to": [11, 17, 6],
			"faces": {
				"north": {"uv": [7, 4, 8, 5], "texture": "#top", "cullface": "up"},
				"east": {"uv": [7, 4, 8, 5], "texture": "#top", "cullface": "up"},
				"south": {"uv": [7, 4, 8, 5], "texture": "#top", "cullface": "up"},
				"west": {"uv": [7, 4, 8, 5], "texture": "#top", "cullface": "up"},
				"up": {"uv": [7, 4, 8, 5], "texture": "#top", "cullface": "up"}
			}
		},
		{
			"from": [1, 0, 1],
			"to": [15, 16, 15],
			"faces": {
				"north": {"uv": [1, 0, 15, 16], "texture": "#side"},
				"east": {"uv": [1, 0, 15, 16], "texture": "#side"},
				"south": {"uv": [1, 0, 15, 16], "texture": "#side"},
				"west": {"uv": [1, 0, 15, 16], "texture": "#side"},
				"up": {"uv": [1, 1, 15, 15], "texture": "#top", "cullface": "up"},
				"down": {"uv": [1, 1, 15, 15], "texture": "#bottom", "cullface": "down"}
			}
		}
	],
	"groups": [
		{
			"name": "group",
			"origin": [8, 8, 8],
			"color": 0,
			"children": [0, 1, 2, 3, 4, 5, 6, 7, 8, 9]
		},
		{
			"name": "group",
			"origin": [8, 8, 8],
			"color": 0,
			"children": [10, 11, 12, 13, 14, 15, 16, 17, 18, 19]
		},
		{
			"name": "group",
			"origin": [8, 8, 8],
			"color": 0,
			"children": [20, 21, 22, 23, 24, 25, 26, 27, 28, 29]
		},
		{
			"name": "group",
			"origin": [8, 8, 8],
			"color": 0,
			"children": [30, 31, 32, 33, 34, 35, 36, 37, 38, 39]
		},
		{
			"name": "group",
			"origin": [0, 0, 0],
			"color": 0,
			"children": [40, 41, 42, 43, 44, 45, 46, 47, 48, 49]
		},
		50
	]
}