{
	"credit": "Made with Blockbench",
	"parent": "minecraft:block/block",
	"textures": {
		"particle": "block/cartography_table_side3",
		"north": "block/cartography_table_side3",
		"south": "block/cartography_table_side1",
		"west": "block/cartography_table_side2",
		"up": "block/cartography_table_top",
		"down": "block/dark_oak_planks"
	},
	"elements": [
		{
			"from": [0, 0, 0],
			"to": [16, 2, 16],
			"faces": {
				"north": {"uv": [0, 14, 16, 16], "texture": "#north"},
				"east": {"uv": [0, 14, 16, 16], "texture": "#north"},
				"south": {"uv": [0, 14, 16, 16], "texture": "#south"},
				"west": {"uv": [0, 14, 16, 16], "texture": "#west"},
				"up": {"uv": [0, 0, 16, 16], "texture": "#down"},
				"down": {"uv": [0, 0, 16, 16], "texture": "#down"}
			}
		},
		{
			"from": [0, 2, 0],
			"to": [16, 16, 4],
			"faces": {
				"north": {"uv": [0, 0, 16, 14], "texture": "#north"},
				"east": {"uv": [12, 0, 16, 14], "texture": "#north"},
				"south": {"uv": [0, 0, 16, 14], "texture": "#north"},
				"west": {"uv": [0, 0, 4, 14], "texture": "#west"},
				"up": {"uv": [0, 0, 16, 4], "texture": "#up"}
			}
		},
		{
			"from": [0, 2, 11],
			"to": [16, 16, 16],
			"faces": {
				"north": {"uv": [0, 0, 16, 14], "texture": "#north"},
				"east": {"uv": [0, 0, 5, 14], "texture": "#north"},
				"south": {"uv": [0, 0, 16, 14], "texture": "#south"},
				"west": {"uv": [11, 0, 16, 14], "texture": "#west"},
				"up": {"uv": [0, 11, 16, 16], "texture": "#up"}
			}
		},
		{
			"from": [0, 9, 4],
			"to": [16, 16, 11],
			"faces": {
				"east": {"uv": [5, 0, 12, 7], "texture": "#north"},
				"west": {"uv": [4, 0, 11, 7], "texture": "#west"},
				"up": {"uv": [0, 4, 16, 11], "texture": "#up"},
				"down": {"uv": [0, 5, 16, 12], "texture": "#down"}
			}
		},
		{
			"from": [2.001, 16, 2.001],
			"to": [5.999, 16.99, 5.999],
			"faces": {
				"north": {"uv": [6, 2, 2, 3], "texture": "#up"},
				"east": {"uv": [5, 2, 6, 6], "rotation": 90, "texture": "#up"},
				"south": {"uv": [2, 5, 6, 6], "texture": "#up"},
				"west": {"uv": [2, 6, 3, 2], "rotation": 90, "texture": "#up"},
				"up": {"uv": [2, 2, 6, 6], "texture": "#up"},
				"down": {"uv": [0, 0, 4, 4], "texture": "#missing"}
			}
		},
		{
			"from": [5, 2, 4],
			"to": [16, 9, 11],
			"faces": {
				"east": {"uv": [5, 7, 12, 14], "texture": "#north"},
				"west": {"uv": [5, 7, 12, 14], "texture": "#north"},
				"up": {"uv": [0, 0, 10, 7], "texture": "#missing"},
				"down": {"uv": [0, 0, 10, 7], "texture": "#missing"}
			}
		},
		{
			"from": [2, 2, 4],
			"to": [6, 5, 7],
			"faces": {
				"south": {"uv": [6, 11, 7, 14], "texture": "#west"},
				"west": {"uv": [4, 11, 7, 14], "texture": "#west"},
				"up": {"uv": [4, 11, 7, 12], "rotation": 90, "texture": "#west"}
			}
		},
		{
			"from": [1, 2, 8],
			"to": [6, 5, 11],
			"faces": {
				"north": {"uv": [8, 11, 9, 14], "texture": "#west"},
				"west": {"uv": [8, 11, 11, 14], "texture": "#west"},
				"up": {"uv": [8, 11, 11, 12], "rotation": 90, "texture": "#west"}
			}
		},
		{
			"from": [1, 5, 4.6],
			"to": [4, 8, 10.6],
			"rotation": {"angle": -22.5, "axis": "y", "origin": [3, 7, 8]},
			"faces": {
				"south": {"uv": [8, 11, 11, 14], "texture": "#west"},
				"west": {"uv": [4, 8, 10, 11], "texture": "#west"},
				"up": {"uv": [4, 8, 10, 11], "rotation": 90, "texture": "#west"},
				"down": {"uv": [4, 8, 10, 11], "rotation": 90, "texture": "#west"}
			}
		},
		{
			"from": [4, 4, 16],
			"to": [6, 6, 16.7],
			"faces": {
				"north": {"uv": [0, 0, 2, 2], "texture": "#missing"},
				"east": {"uv": [5, 10, 5.7, 12], "texture": "#south"},
				"south": {"uv": [4, 10, 6, 12], "texture": "#south"},
				"west": {"uv": [4, 10, 4.7, 12], "texture": "#south"},
				"up": {"uv": [4, 11, 6, 10.7], "texture": "#south"},
				"down": {"uv": [4, 11, 6, 11.7], "texture": "#south"}
			}
		}
	]
}