{
	"credit": "Made with Blockbench",
	"parent": "block/block",
	"textures": {
		"particle": "block/chain",
		"all": "block/chain"
	},
	"elements": [
		{
			"from": [8.7, 1, 7.2],
			"to": [9.7, 4, 8.2],
			"rotation": {"angle": 45, "axis": "y", "origin": [8.5, 0.5, 8]},
			"faces": {
				"north": {"uv": [0, 12, 1, 15], "texture": "#all"},
				"east": {"uv": [0, 12, 1, 15], "texture": "#all"},
				"south": {"uv": [0, 12, 1, 15], "texture": "#all"},
				"west": {"uv": [0, 12, 1, 15], "texture": "#all"},
				"up": {"uv": [0, 12, 1, 13], "rotation": 270, "texture": "#all"},
				"down": {"uv": [0, 14, 1, 15], "rotation": 90, "texture": "#all"}
			}
		},
		{
			"from": [6.7, 1, 7.2],
			"to": [7.7, 4, 8.2],
			"rotation": {"angle": 45, "axis": "y", "origin": [8.5, 0.5, 8]},
			"faces": {
				"north": {"uv": [2, 12, 3, 15], "texture": "#all"},
				"east": {"uv": [2, 12, 3, 15], "texture": "#all"},
				"south": {"uv": [2, 12, 3, 15], "texture": "#all"},
				"west": {"uv": [2, 12, 3, 15], "texture": "#all"},
				"up": {"uv": [2, 12, 3, 13], "rotation": 270, "texture": "#all"},
				"down": {"uv": [2, 14, 3, 15], "rotation": 90, "texture": "#all"}
			}
		},
		{
			"from": [8.7, 6, 7.2],
			"to": [9.7, 10, 8.2],
			"rotation": {"angle": 45, "axis": "y", "origin": [8.5, 0.5, 8]},
			"faces": {
				"north": {"uv": [0, 6, 1, 10], "texture": "#all"},
				"east": {"uv": [0, 6, 1, 10], "texture": "#all"},
				"south": {"uv": [0, 6, 1, 10], "texture": "#all"},
				"west": {"uv": [0, 6, 1, 10], "texture": "#all"},
				"up": {"uv": [0, 6, 1, 7], "rotation": 270, "texture": "#all"},
				"down": {"uv": [0, 9, 1, 10], "rotation": 90, "texture": "#all"}
			}
		},
		{
			"from": [8.7, 12, 7.2],
			"to": [9.7, 15, 8.2],
			"rotation": {"angle": 45, "axis": "y", "origin": [8.5, 0.5, 8]},
			"faces": {
				"north": {"uv": [0, 1, 1, 4], "texture": "#all"},
				"east": {"uv": [0, 1, 1, 4], "texture": "#all"},
				"south": {"uv": [0, 1, 1, 4], "texture": "#all"},
				"west": {"uv": [0, 1, 1, 4], "texture": "#all"},
				"up": {"uv": [0, 1, 1, 2], "rotation": 270, "texture": "#all"},
				"down": {"uv": [0, 3, 1, 4], "rotation": 90, "texture": "#all"}
			}
		},
		{
			"from": [7.7, 14, 7.2],
			"to": [8.7, 15, 8.2],
			"rotation": {"angle": 45, "axis": "y", "origin": [8.5, 0.5, 8]},
			"faces": {
				"north": {"uv": [1, 1, 2, 2], "texture": "#all"},
				"east": {"uv": [1, 1, 2, 2], "texture": "#all"},
				"south": {"uv": [1, 1, 2, 2], "texture": "#all"},
				"west": {"uv": [1, 1, 2, 2], "texture": "#all"},
				"up": {"uv": [1, 1, 2, 2], "texture": "#all"},
				"down": {"uv": [1, 1, 2, 2], "texture": "#all"}
			}
		},
		{
			"from": [7.7, 12, 7.2],
			"to": [8.7, 13, 8.2],
			"rotation": {"angle": 45, "axis": "y", "origin": [8.5, 0.5, 8]},
			"faces": {
				"up": {"uv": [1, 3, 2, 4], "rotation": 90, "texture": "#all"},
				"down": {"uv": [1, 3, 2, 4], "rotation": 90, "texture": "#all"}
			}
		},
		{
			"from": [7.7, 9, 7.2],
			"to": [8.7, 10, 8.2],
			"rotation": {"angle": 45, "axis": "y", "origin": [8.5, 0.5, 8]},
			"faces": {
				"up": {"uv": [1, 6, 2, 7], "texture": "#all"},
				"down": {"uv": [1, 6, 2, 7], "texture": "#all"}
			}
		},
		{
			"from": [7.7, 6, 7.2],
			"to": [8.7, 7, 8.2],
			"rotation": {"angle": 45, "axis": "y", "origin": [8.5, 0.5, 8]},
			"faces": {
				"up": {"uv": [1, 9, 2, 10], "texture": "#all"},
				"down": {"uv": [1, 9, 2, 10], "texture": "#all"}
			}
		},
		{
			"from": [7.7, 3, 7.2],
			"to": [8.7, 4, 8.2],
			"rotation": {"angle": 45, "axis": "y", "origin": [8.5, 0.5, 8]},
			"faces": {
				"up": {"uv": [1, 12, 2, 13], "texture": "#all"},
				"down": {"uv": [1, 12, 2, 13], "texture": "#all"}
			}
		},
		{
			"from": [7.7, 1, 7.2],
			"to": [8.7, 2, 8.2],
			"rotation": {"angle": 45, "axis": "y", "origin": [8.5, 0.5, 8]},
			"faces": {
				"up": {"uv": [1, 14, 2, 15], "texture": "#all"},
				"down": {"uv": [1, 14, 2, 15], "texture": "#all"}
			}
		},
		{
			"from": [6.7, 12, 7.2],
			"to": [7.7, 15, 8.2],
			"rotation": {"angle": 45, "axis": "y", "origin": [8.5, 0.5, 8]},
			"faces": {
				"north": {"uv": [2, 1, 3, 4], "texture": "#all"},
				"east": {"uv": [2, 1, 3, 4], "texture": "#all"},
				"south": {"uv": [2, 1, 3, 4], "texture": "#all"},
				"west": {"uv": [2, 1, 3, 4], "texture": "#all"},
				"up": {"uv": [2, 1, 3, 2], "rotation": 270, "texture": "#all"},
				"down": {"uv": [2, 3, 3, 4], "rotation": 90, "texture": "#all"}
			}
		},
		{
			"from": [6.7, 6, 7.2],
			"to": [7.7, 10, 8.2],
			"rotation": {"angle": 45, "axis": "y", "origin": [8.5, 0.5, 8]},
			"faces": {
				"north": {"uv": [2, 6, 3, 10], "texture": "#all"},
				"east": {"uv": [2, 6, 3, 10], "texture": "#all"},
				"south": {"uv": [2, 6, 3, 10], "texture": "#all"},
				"west": {"uv": [2, 6, 3, 10], "texture": "#all"},
				"up": {"uv": [2, 6, 3, 7], "rotation": 270, "texture": "#all"},
				"down": {"uv": [2, 9, 3, 10], "rotation": 90, "texture": "#all"}
			}
		},
		{
			"from": [0.05, 0, 9.675],
			"to": [1.05, 2, 10.675],
			"rotation": {"angle": 45, "axis": "y", "origin": [0.5, 0.5, 0.5]},
			"faces": {
				"north": {"uv": [5, 14, 6, 16], "texture": "#all"},
				"east": {"uv": [5, 14, 6, 16], "texture": "#all"},
				"south": {"uv": [5, 14, 6, 16], "texture": "#all"},
				"west": {"uv": [5, 14, 6, 16], "texture": "#all"},
				"up": {"uv": [5, 14, 6, 15], "texture": "#all"},
				"down": {"uv": [5, 15, 6, 16], "texture": "#all"}
			}
		},
		{
			"from": [0.05, 0, 11.65],
			"to": [1.05, 2, 12.65],
			"rotation": {"angle": 45, "axis": "y", "origin": [0.5, 0.5, 0.5]},
			"faces": {
				"north": {"uv": [3, 14, 4, 16], "texture": "#all"},
				"east": {"uv": [3, 14, 4, 16], "texture": "#all"},
				"south": {"uv": [3, 14, 4, 16], "texture": "#all"},
				"west": {"uv": [3, 14, 4, 16], "texture": "#all"},
				"up": {"uv": [4, 14, 3, 15], "texture": "#all"},
				"down": {"uv": [3, 15, 4, 16], "texture": "#all"}
			}
		},
		{
			"from": [0.05, 3, 9.675],
			"to": [1.05, 7, 10.675],
			"rotation": {"angle": 45, "axis": "y", "origin": [0.5, 0.5, 0.5]},
			"faces": {
				"north": {"uv": [5, 9, 6, 13], "texture": "#all"},
				"east": {"uv": [5, 9, 6, 13], "texture": "#all"},
				"south": {"uv": [5, 9, 6, 13], "texture": "#all"},
				"west": {"uv": [5, 9, 6, 13], "texture": "#all"},
				"up": {"uv": [5, 9, 6, 10], "texture": "#all"},
				"down": {"uv": [5, 12, 6, 13], "texture": "#all"}
			}
		},
		{
			"from": [0.05, 3, 11.65],
			"to": [1.05, 7, 12.65],
			"rotation": {"angle": 45, "axis": "y", "origin": [0.5, 0.5, 0.5]},
			"faces": {
				"north": {"uv": [3, 9, 4, 13], "texture": "#all"},
				"east": {"uv": [3, 9, 4, 13], "texture": "#all"},
				"south": {"uv": [3, 9, 4, 13], "texture": "#all"},
				"west": {"uv": [3, 9, 4, 13], "texture": "#all"},
				"up": {"uv": [3, 9, 4, 10], "texture": "#all"},
				"down": {"uv": [3, 12, 4, 13], "texture": "#all"}
			}
		},
		{
			"from": [0.05, 9, 11.65],
			"to": [1.05, 13, 12.65],
			"rotation": {"angle": 45, "axis": "y", "origin": [0.5, 0.5, 0.5]},
			"faces": {
				"north": {"uv": [3, 3, 4, 7], "texture": "#all"},
				"east": {"uv": [3, 3, 4, 7], "texture": "#all"},
				"south": {"uv": [3, 3, 4, 7], "texture": "#all"},
				"west": {"uv": [3, 3, 4, 7], "texture": "#all"},
				"up": {"uv": [3, 3, 4, 4], "texture": "#all"},
				"down": {"uv": [3, 6, 4, 7], "texture": "#all"}
			}
		},
		{
			"from": [0.05, 9, 9.675],
			"to": [1.05, 13, 10.675],
			"rotation": {"angle": 45, "axis": "y", "origin": [0.5, 0.5, 0.5]},
			"faces": {
				"north": {"uv": [5, 3, 6, 7], "texture": "#all"},
				"east": {"uv": [5, 3, 6, 7], "texture": "#all"},
				"south": {"uv": [5, 3, 6, 7], "texture": "#all"},
				"west": {"uv": [5, 3, 6, 7], "texture": "#all"},
				"up": {"uv": [5, 3, 6, 4], "texture": "#all"},
				"down": {"uv": [5, 6, 6, 7], "texture": "#all"}
			}
		},
		{
			"from": [0.05, 14, 11.65],
			"to": [1.05, 16, 12.65],
			"rotation": {"angle": 45, "axis": "y", "origin": [0.5, 0.5, 0.5]},
			"faces": {
				"north": {"uv": [3, 0, 4, 2], "texture": "#all"},
				"east": {"uv": [3, 0, 4, 2], "texture": "#all"},
				"south": {"uv": [3, 0, 4, 2], "texture": "#all"},
				"west": {"uv": [3, 0, 4, 2], "texture": "#all"},
				"up": {"uv": [3, 0, 4, 1], "texture": "#all"},
				"down": {"uv": [3, 1, 4, 2], "texture": "#all"}
			}
		},
		{
			"from": [0.05, 14, 9.675],
			"to": [1.05, 16, 10.675],
			"rotation": {"angle": 45, "axis": "y", "origin": [0.5, 0.5, 0.5]},
			"faces": {
				"north": {"uv": [5, 0, 6, 2], "texture": "#all"},
				"east": {"uv": [5, 0, 6, 2], "texture": "#all"},
				"south": {"uv": [5, 0, 6, 2], "texture": "#all"},
				"west": {"uv": [5, 0, 6, 2], "texture": "#all"},
				"up": {"uv": [5, 0, 6, 1], "texture": "#all"},
				"down": {"uv": [5, 1, 6, 2], "texture": "#all"}
			}
		}
	],
	"display": {
		"thirdperson_righthand": {
			"rotation": [75, 45, 0],
			"translation": [0, 1, 1.75],
			"scale": [0.375, 0.375, 0.375]
		},
		"thirdperson_lefthand": {
			"rotation": [0, 90, -55],
			"translation": [0, 0.75, 0.5],
			"scale": [0.375, 0.375, 0.375]
		},
		"firstperson_righthand": {
			"rotation": [0, -90, 25],
			"translation": [1.13, 3.2, 1.13],
			"scale": [0.68, 0.68, 0.68]
		},
		"firstperson_lefthand": {
			"rotation": [0, 90, -25],
			"translation": [1.13, 3.2, 1.13],
			"scale": [0.68, 0.68, 0.68]
		},
		"ground": {
			"rotation": [-90, 0, 0],
			"scale": [0.6, 0.6, 0.6]
		},
		"gui": {
			"rotation": [0, -45, 0],
			"scale": [0.95, 0.95, 0.95]
		},
		"head": {
			"rotation": [-94.96, 0.43, -90.91],
			"translation": [-0.25, 4.75, -7.25]
		},
		"fixed": {
			"translation": [0, 0, -0.75]
		}
	}
}