{
	"credit": "Made with Blockbench",
	"parent": "minecraft:block/template_chorus_flower",
	"textures": {
		"1": "block/chorus_plant",
		"texture": "block/chorus_flower",
		"particle": "block/chorus_plant"
	},
	"elements": [
		{
			"from": [2, 14, 2],
			"to": [14, 15, 14],
			"faces": {
				"north": {"uv": [2, 1, 14, 2], "texture": "#1"},
				"east": {"uv": [2, 1, 14, 2], "texture": "#1"},
				"south": {"uv": [2, 1, 14, 2], "texture": "#1"},
				"west": {"uv": [2, 1, 14, 2], "texture": "#1"},
				"up": {"uv": [2, 2, 14, 14], "texture": "#texture"},
				"down": {"uv": [0, 0, 0, 0], "texture": "#1"}
			}
		},
		{
			"from": [1, 2, 2],
			"to": [2, 14, 14],
			"faces": {
				"north": {"uv": [14, 2, 15, 14], "texture": "#1"},
				"east": {"uv": [0, 0, 0, 0], "texture": "#1"},
				"south": {"uv": [1, 2, 2, 14], "texture": "#1"},
				"west": {"uv": [2, 2, 14, 14], "texture": "#texture"},
				"up": {"uv": [1, 2, 2, 14], "texture": "#1"},
				"down": {"uv": [15, 14, 14, 2], "texture": "#1"}
			}
		},
		{
			"from": [2, 2, 1],
			"to": [14, 14, 2],
			"faces": {
				"north": {"uv": [2, 2, 14, 14], "texture": "#texture"},
				"east": {"uv": [14, 2, 15, 14], "texture": "#1"},
				"south": {"uv": [0, 0, 0, 0], "texture": "#1"},
				"west": {"uv": [1, 2, 2, 14], "texture": "#1"},
				"up": {"uv": [2, 1, 14, 2], "texture": "#1"},
				"down": {"uv": [14, 2, 2, 1], "texture": "#1"}
			}
		},
		{
			"from": [2, 2, 14],
			"to": [14, 14, 15],
			"faces": {
				"north": {"uv": [0, 0, 0, 0], "texture": "#1"},
				"east": {"uv": [1, 2, 2, 14], "texture": "#1"},
				"south": {"uv": [2, 2, 14, 14], "texture": "#texture"},
				"west": {"uv": [14, 2, 16, 14], "texture": "#1"},
				"up": {"uv": [2, 14, 14, 15], "texture": "#1"},
				"down": {"uv": [14, 15, 2, 14], "texture": "#1"}
			}
		},
		{
			"from": [14, 2, 2],
			"to": [15, 14, 14],
			"faces": {
				"north": {"uv": [1, 2, 2, 14], "texture": "#1"},
				"east": {"uv": [2, 2, 14, 14], "texture": "#texture"},
				"south": {"uv": [14, 2, 15, 14], "texture": "#1"},
				"west": {"uv": [0, 0, 0, 0], "texture": "#1"},
				"up": {"uv": [14, 2, 15, 14], "texture": "#1"},
				"down": {"uv": [2, 14, 1, 2], "texture": "#1"}
			}
		},
		{
			"from": [2, 0, 2],
			"to": [14, 14, 14],
			"faces": {
				"north": {"uv": [2, 2, 14, 16], "texture": "#1"},
				"east": {"uv": [2, 2, 14, 16], "texture": "#1"},
				"south": {"uv": [2, 2, 14, 16], "texture": "#1"},
				"west": {"uv": [2, 2, 14, 16], "texture": "#1"},
				"up": {"uv": [2, 2, 14, 14], "texture": "#1"},
				"down": {"uv": [14, 14, 2, 2], "texture": "#1"}
			}
		},
		{
			"from": [2.01, 9, 0],
			"to": [13.99, 11, 16],
			"faces": {
				"north": {"uv": [2, 5, 14, 7], "texture": "#texture"},
				"east": {"uv": [2, 5, 3, 7], "texture": "#texture"},
				"south": {"uv": [2, 5, 14, 7], "texture": "#texture"},
				"west": {"uv": [13, 5, 14, 7], "texture": "#texture"},
				"up": {"uv": [14, 5, 2, 6], "texture": "#texture"},
				"down": {"uv": [2, 6, 14, 7], "texture": "#texture"}
			}
		},
		{
			"from": [7, 13, 0],
			"to": [9, 13.99, 16],
			"faces": {
				"north": {"uv": [7, 2, 9, 3], "texture": "#texture"},
				"east": {"uv": [7, 2, 8, 3], "texture": "#texture"},
				"south": {"uv": [7, 2, 9, 3], "texture": "#texture"},
				"west": {"uv": [8, 2, 9, 3], "texture": "#texture"},
				"up": {"uv": [7, 2, 9, 3], "texture": "#texture"}
			}
		},
		{
			"from": [2.01, 5, 0],
			"to": [13.99, 7, 16],
			"faces": {
				"north": {"uv": [2, 9, 14, 11], "texture": "#texture"},
				"east": {"uv": [2, 9, 3, 11], "texture": "#texture"},
				"south": {"uv": [2, 9, 14, 11], "texture": "#texture"},
				"west": {"uv": [13, 9, 14, 11], "texture": "#texture"},
				"up": {"uv": [2, 9, 14, 10], "texture": "#texture"},
				"down": {"uv": [2, 10, 14, 11], "texture": "#texture"}
			}
		},
		{
			"from": [3, 3, 0],
			"to": [13, 12, 16],
			"faces": {
				"north": {"uv": [3, 4, 13, 13], "texture": "#texture"},
				"east": {"uv": [3, 4, 4, 13], "texture": "#texture"},
				"south": {"uv": [3, 4, 13, 13], "texture": "#texture"},
				"west": {"uv": [12, 4, 13, 13], "texture": "#texture"},
				"up": {"uv": [3, 4, 13, 5], "texture": "#texture"},
				"down": {"uv": [3, 12, 13, 13], "texture": "#texture"}
			}
		},
		{
			"from": [6, 2.001, 0],
			"to": [10, 13.001, 16],
			"faces": {
				"north": {"uv": [6, 3, 10, 14], "texture": "#texture"},
				"east": {"uv": [6, 3, 7, 14], "texture": "#texture"},
				"south": {"uv": [6, 3, 10, 14], "texture": "#texture"},
				"west": {"uv": [9, 3, 10, 14], "texture": "#texture"},
				"up": {"uv": [6, 3, 10, 4], "texture": "#texture"},
				"down": {"uv": [6, 13, 10, 14], "texture": "#texture"}
			}
		},
		{
			"from": [10, 12, 0],
			"to": [11, 13, 16],
			"faces": {
				"north": {"uv": [5, 3, 6, 4], "texture": "#texture"},
				"east": {"uv": [5, 3, 6, 4], "texture": "#texture"},
				"south": {"uv": [5, 3, 6, 4], "texture": "#texture"},
				"up": {"uv": [5, 3, 6, 4], "texture": "#texture"}
			}
		},
		{
			"from": [0, 9, 2.01],
			"to": [16, 11, 13.99],
			"rotation": {"angle": 0, "axis": "y", "origin": [8, 8, 8]},
			"faces": {
				"north": {"uv": [2, 5, 3, 7], "texture": "#texture"},
				"east": {"uv": [2, 5, 14, 7], "texture": "#texture"},
				"south": {"uv": [13, 5, 14, 7], "texture": "#texture"},
				"west": {"uv": [2, 5, 14, 7], "texture": "#texture"},
				"up": {"uv": [14, 5, 2, 6], "rotation": 270, "texture": "#texture"},
				"down": {"uv": [2, 6, 14, 7], "rotation": 90, "texture": "#texture"}
			}
		},
		{
			"from": [0, 13, 7],
			"to": [16, 13.99, 9],
			"rotation": {"angle": 0, "axis": "y", "origin": [8, 8, 8]},
			"faces": {
				"north": {"uv": [7, 2, 8, 3], "texture": "#texture"},
				"east": {"uv": [7, 2, 9, 3], "texture": "#texture"},
				"south": {"uv": [8, 2, 9, 3], "texture": "#texture"},
				"west": {"uv": [7, 2, 9, 3], "texture": "#texture"},
				"up": {"uv": [7, 2, 9, 3], "rotation": 270, "texture": "#texture"}
			}
		},
		{
			"from": [0, 5, 2.01],
			"to": [16, 7, 13.99],
			"rotation": {"angle": 0, "axis": "y", "origin": [8, 8, 8]},
			"faces": {
				"north": {"uv": [2, 9, 3, 11], "texture": "#texture"},
				"east": {"uv": [2, 9, 14, 11], "texture": "#texture"},
				"south": {"uv": [13, 9, 14, 11], "texture": "#texture"},
				"west": {"uv": [2, 9, 14, 11], "texture": "#texture"},
				"up": {"uv": [2, 9, 14, 10], "rotation": 270, "texture": "#texture"},
				"down": {"uv": [2, 10, 14, 11], "rotation": 90, "texture": "#texture"}
			}
		},
		{
			"from": [0, 3, 3],
			"to": [16, 12, 13],
			"rotation": {"angle": 0, "axis": "y", "origin": [8, 8, 8]},
			"faces": {
				"north": {"uv": [3, 4, 4, 13], "texture": "#texture"},
				"east": {"uv": [3, 4, 13, 13], "texture": "#texture"},
				"south": {"uv": [12, 4, 13, 13], "texture": "#texture"},
				"west": {"uv": [3, 4, 13, 13], "texture": "#texture"},
				"up": {"uv": [3, 4, 13, 5], "rotation": 270, "texture": "#texture"},
				"down": {"uv": [3, 12, 13, 13], "rotation": 90, "texture": "#texture"}
			}
		},
		{
			"from": [0, 2.001, 6],
			"to": [16, 13.001, 10],
			"rotation": {"angle": 0, "axis": "y", "origin": [8, 8, 8]},
			"faces": {
				"north": {"uv": [6, 3, 7, 14], "texture": "#texture"},
				"east": {"uv": [6, 3, 10, 14], "texture": "#texture"},
				"south": {"uv": [9, 3, 10, 14], "texture": "#texture"},
				"west": {"uv": [6, 3, 10, 14], "texture": "#texture"},
				"up": {"uv": [6, 3, 10, 4], "rotation": 270, "texture": "#texture"},
				"down": {"uv": [6, 13, 10, 14], "rotation": 90, "texture": "#texture"}
			}
		},
		{
			"from": [0, 12, 5],
			"to": [16, 13, 6],
			"rotation": {"angle": 0, "axis": "y", "origin": [8, 8, 8]},
			"faces": {
				"north": {"uv": [5, 3, 6, 4], "texture": "#texture"},
				"east": {"uv": [5, 3, 6, 4], "texture": "#texture"},
				"west": {"uv": [5, 3, 6, 4], "texture": "#texture"},
				"up": {"uv": [5, 3, 6, 4], "rotation": 270, "texture": "#texture"}
			}
		},
		{
			"from": [3, 15, 4],
			"to": [13, 16, 13],
			"faces": {
				"north": {"uv": [3, 4, 13, 5], "texture": "#texture"},
				"east": {"uv": [12, 4, 13, 13], "rotation": 90, "texture": "#texture"},
				"south": {"uv": [3, 12, 13, 13], "texture": "#texture"},
				"west": {"uv": [3, 13, 4, 4], "rotation": 90, "texture": "#texture"},
				"up": {"uv": [3, 4, 13, 13], "texture": "#texture"}
			}
		},
		{
			"from": [6, 15, 3],
			"to": [10, 16, 14],
			"faces": {
				"north": {"uv": [6, 3, 10, 4], "texture": "#texture"},
				"east": {"uv": [10, 3, 9, 14], "rotation": 90, "texture": "#texture"},
				"south": {"uv": [6, 13, 10, 14], "texture": "#texture"},
				"west": {"uv": [6, 3, 7, 14], "rotation": 90, "texture": "#texture"},
				"up": {"uv": [6, 3, 10, 14], "texture": "#texture"}
			}
		},
		{
			"from": [5, 15, 3],
			"to": [6, 16, 4],
			"faces": {
				"north": {"uv": [5, 3, 6, 4], "texture": "#texture"},
				"west": {"uv": [5, 3, 6, 4], "texture": "#texture"},
				"up": {"uv": [5, 3, 6, 4], "texture": "#texture"}
			}
		},
		{
			"from": [7, 15, 2],
			"to": [9, 16, 3],
			"faces": {
				"north": {"uv": [7, 2, 9, 3], "texture": "#texture"},
				"east": {"uv": [8, 2, 9, 3], "texture": "#texture"},
				"south": {"uv": [0, 0, 2, 1], "texture": "#missing"},
				"west": {"uv": [7, 2, 8, 3], "texture": "#texture"},
				"up": {"uv": [7, 2, 9, 3], "texture": "#texture"}
			}
		},
		{
			"from": [2, 15, 5],
			"to": [14, 16, 7],
			"faces": {
				"north": {"uv": [2, 5, 14, 6], "texture": "#texture"},
				"east": {"uv": [13, 5, 14, 7], "rotation": 90, "texture": "#texture"},
				"south": {"uv": [2, 6, 14, 7], "texture": "#texture"},
				"west": {"uv": [2, 5, 3, 7], "rotation": 270, "texture": "#texture"},
				"up": {"uv": [2, 5, 14, 7], "texture": "#texture"}
			}
		},
		{
			"from": [2, 15, 9],
			"to": [14, 16, 11],
			"faces": {
				"north": {"uv": [2, 9, 14, 10], "texture": "#texture"},
				"east": {"uv": [13, 9, 14, 11], "rotation": 90, "texture": "#texture"},
				"south": {"uv": [2, 10, 14, 11], "texture": "#texture"},
				"west": {"uv": [2, 9, 3, 11], "rotation": 270, "texture": "#texture"},
				"up": {"uv": [2, 9, 14, 11], "texture": "#texture"}
			}
		}
	]
}