{
	"credit": "Made with Blockbench",
	"textures": {
		"1": "block/composter_side",
		"particle": "block/composter_compost",
		"inside": "block/composter_compost"
	},
	"elements": [
		{
			"from": [2, 0, 2],
			"to": [14, 7, 14],
			"faces": {
				"north": {"uv": [2, 9, 14, 16], "texture": "#1"},
				"east": {"uv": [2, 9, 14, 16], "texture": "#1"},
				"south": {"uv": [2, 9, 14, 16], "texture": "#1"},
				"west": {"uv": [2, 9, 14, 16], "texture": "#1"},
				"up": {"uv": [2, 2, 14, 14], "texture": "#inside"}
			}
		}
	]
}