{
	"credit": "Made with Blockbench",
	"parent": "block/block",
	"textures": {
		"top": "block/composter_top",
		"bottom": "block/composter_bottom",
		"particle": "block/composter_side",
		"side": "block/composter_side"
	},
	"elements": [
		{
			"from": [0, 2, 14],
			"to": [2, 16, 16],
			"faces": {
				"north": {"uv": [14, 0, 15, 14], "texture": "#side"},
				"east": {"uv": [1, 0, 2, 14], "texture": "#side"},
				"south": {"uv": [0, 0, 2, 14], "texture": "#side"},
				"west": {"uv": [14, 0, 16, 14], "texture": "#side"}
			}
		},
		{
			"from": [0, 2, 0],
			"to": [2, 16, 2],
			"faces": {
				"north": {"uv": [14, 0, 16, 14], "texture": "#side"},
				"east": {"uv": [14, 0, 15, 14], "texture": "#side"},
				"south": {"uv": [1, 0, 2, 14], "texture": "#side"},
				"west": {"uv": [0, 0, 2, 14], "texture": "#side"}
			}
		},
		{
			"from": [14, 2, 14],
			"to": [16, 16, 16],
			"faces": {
				"north": {"uv": [1, 0, 2, 14], "texture": "#side"},
				"east": {"uv": [0, 0, 2, 14], "texture": "#side"},
				"south": {"uv": [14, 0, 16, 14], "texture": "#side"},
				"west": {"uv": [14, 0, 15, 14], "texture": "#side"}
			}
		},
		{
			"from": [14, 2, 0],
			"to": [16, 16, 2],
			"faces": {
				"north": {"uv": [0, 0, 2, 14], "texture": "#side"},
				"east": {"uv": [14, 0, 16, 14], "texture": "#side"},
				"south": {"uv": [14, 0, 15, 14], "texture": "#side"},
				"west": {"uv": [1, 0, 2, 14], "texture": "#side"}
			}
		},
		{
			"from": [1, 4, 14],
			"to": [15, 7, 16],
			"faces": {
				"north": {"uv": [15, 9, 1, 12], "texture": "#side"},
				"south": {"uv": [1, 9, 15, 12], "texture": "#side"},
				"up": {"uv": [1, 9, 15, 10], "texture": "#side"},
				"down": {"uv": [1, 11, 15, 12], "texture": "#side"}
			}
		},
		{
			"from": [1, 8, 14],
			"to": [15, 11, 16],
			"faces": {
				"north": {"uv": [15, 5, 1, 8], "texture": "#side"},
				"south": {"uv": [1, 5, 15, 8], "texture": "#side"},
				"up": {"uv": [1, 5, 15, 6], "texture": "#side"},
				"down": {"uv": [1, 7, 15, 8], "texture": "#side"}
			}
		},
		{
			"from": [0, 12, 14],
			"to": [16, 16, 16],
			"faces": {
				"north": {"uv": [0, 0, 16, 4], "texture": "#side"},
				"south": {"uv": [0, 0, 16, 4], "texture": "#side"},
				"up": {"uv": [0, 14, 16, 16], "texture": "#top"},
				"down": {"uv": [0, 3, 16, 4], "texture": "#side"}
			}
		},
		{
			"from": [0, 12, 0],
			"to": [16, 16, 2],
			"faces": {
				"north": {"uv": [0, 0, 16, 4], "texture": "#side"},
				"south": {"uv": [0, 0, 16, 4], "texture": "#side"},
				"up": {"uv": [0, 0, 16, 2], "texture": "#top"},
				"down": {"uv": [16, 3, 0, 4], "texture": "#side"}
			}
		},
		{
			"from": [1, 8, 0],
			"to": [15, 11, 2],
			"faces": {
				"north": {"uv": [1, 5, 15, 8], "texture": "#side"},
				"south": {"uv": [1, 5, 15, 8], "texture": "#side"},
				"up": {"uv": [15, 5, 1, 6], "texture": "#side"},
				"down": {"uv": [1, 7, 15, 8], "texture": "#side"}
			}
		},
		{
			"from": [1, 4, 0],
			"to": [15, 7, 2],
			"faces": {
				"north": {"uv": [1, 9, 15, 12], "texture": "#side"},
				"south": {"uv": [1, 9, 15, 12], "texture": "#side"},
				"up": {"uv": [15, 9, 1, 10], "texture": "#side"},
				"down": {"uv": [1, 11, 15, 12], "texture": "#side"}
			}
		},
		{
			"from": [0, 4, 1],
			"to": [2, 7, 15],
			"faces": {
				"east": {"uv": [15, 9, 1, 12], "texture": "#side"},
				"west": {"uv": [1, 9, 15, 12], "texture": "#side"},
				"up": {"uv": [1, 9, 15, 10], "rotation": 90, "texture": "#side"},
				"down": {"uv": [1, 11, 15, 12], "rotation": 90, "texture": "#side"}
			}
		},
		{
			"from": [0, 8, 1],
			"to": [2, 11, 15],
			"faces": {
				"east": {"uv": [15, 5, 1, 8], "texture": "#side"},
				"west": {"uv": [1, 5, 15, 8], "texture": "#side"},
				"up": {"uv": [1, 5, 15, 6], "rotation": 90, "texture": "#side"},
				"down": {"uv": [1, 7, 15, 8], "texture": "#side"}
			}
		},
		{
			"from": [0, 12, 0],
			"to": [2, 16, 16],
			"faces": {
				"east": {"uv": [0, 0, 16, 4], "texture": "#side"},
				"west": {"uv": [0, 0, 16, 4], "texture": "#side"},
				"up": {"uv": [0, 0, 2, 16], "texture": "#top"},
				"down": {"uv": [0, 3, 16, 4], "rotation": 90, "texture": "#side"}
			}
		},
		{
			"from": [14, 4, 1],
			"to": [16, 7, 15],
			"faces": {
				"east": {"uv": [1, 9, 15, 12], "texture": "#side"},
				"west": {"uv": [1, 9, 15, 12], "texture": "#side"},
				"up": {"uv": [1, 9, 15, 10], "rotation": 90, "texture": "#side"},
				"down": {"uv": [1, 11, 15, 12], "rotation": 90, "texture": "#side"}
			}
		},
		{
			"from": [14, 8, 1],
			"to": [16, 11, 15],
			"faces": {
				"east": {"uv": [1, 5, 15, 8], "texture": "#side"},
				"west": {"uv": [1, 5, 15, 8], "texture": "#side"},
				"up": {"uv": [1, 5, 15, 6], "rotation": 90, "texture": "#side"},
				"down": {"uv": [1, 7, 15, 8], "rotation": 90, "texture": "#side"}
			}
		},
		{
			"from": [14, 12, 0],
			"to": [16, 16, 16],
			"faces": {
				"east": {"uv": [0, 0, 16, 4], "texture": "#side"},
				"west": {"uv": [0, 0, 16, 4], "texture": "#side"},
				"up": {"uv": [14, 0, 16, 16], "texture": "#top"},
				"down": {"uv": [0, 3, 16, 4], "rotation": 90, "texture": "#side"}
			}
		},
		{
			"from": [0, 0, 0],
			"to": [2, 3, 16],
			"faces": {
				"north": {"uv": [14, 13, 16, 16], "texture": "#side"},
				"east": {"uv": [16, 13, 0, 16], "texture": "#side"},
				"south": {"uv": [0, 13, 2, 16], "texture": "#side"},
				"west": {"uv": [0, 13, 16, 16], "texture": "#side"},
				"up": {"uv": [0, 13, 16, 14], "rotation": 90, "texture": "#side"},
				"down": {"uv": [16, 0, 14, 16], "texture": "#bottom"}
			}
		},
		{
			"from": [14, 0, 0],
			"to": [16, 3, 16],
			"faces": {
				"north": {"uv": [0, 13, 2, 16], "texture": "#side"},
				"east": {"uv": [0, 13, 16, 16], "texture": "#side"},
				"south": {"uv": [14, 13, 16, 16], "texture": "#side"},
				"west": {"uv": [16, 13, 0, 16], "texture": "#side"},
				"up": {"uv": [0, 13, 16, 14], "rotation": 270, "texture": "#side"},
				"down": {"uv": [2, 0, 0, 16], "texture": "#bottom"}
			}
		},
		{
			"from": [2, 0, 0],
			"to": [14, 3, 2],
			"faces": {
				"north": {"uv": [2, 13, 14, 16], "texture": "#side"},
				"south": {"uv": [2, 13, 14, 16], "texture": "#side"},
				"up": {"uv": [2, 13, 14, 14], "rotation": 180, "texture": "#side"},
				"down": {"uv": [2, 14, 14, 16], "texture": "#bottom"}
			}
		},
		{
			"from": [2, 0, 14],
			"to": [14, 3, 16],
			"faces": {
				"north": {"uv": [14, 13, 2, 16], "texture": "#side"},
				"south": {"uv": [2, 13, 14, 16], "texture": "#side"},
				"up": {"uv": [14, 13, 2, 14], "rotation": 180, "texture": "#side"},
				"down": {"uv": [2, 0, 14, 2], "texture": "#bottom"}
			}
		},
		{
			"from": [2, 0, 2],
			"to": [14, 2, 14],
			"faces": {
				"up": {"uv": [2, 2, 14, 14], "texture": "#bottom"},
				"down": {"uv": [2, 2, 14, 14], "texture": "#bottom"}
			}
		}
	]
}