{
	"credit": "Made with Blockbench",
	"parent": "minecraft:block/block_display",
	"textures": {
		"4": "block/Tools1",
		"5": "block/Tools2",
		"particle": "block/crafting_table_front",
		"north": "block/crafting_table_front",
		"south": "block/crafting_table_side",
		"up": "block/crafting_table_top",
		"down": "block/oak_planks"
	},
	"elements": [
		{
			"from": [0, 0, 0],
			"to": [16, 15.5, 16],
			"faces": {
				"north": {"uv": [0, 0.25, 16, 16], "texture": "#north", "cullface": "north"},
				"east": {"uv": [0, 0.25, 16, 16], "texture": "#south", "cullface": "east"},
				"south": {"uv": [0, 0.25, 16, 16], "texture": "#north", "cullface": "south"},
				"west": {"uv": [0, 0.25, 16, 16], "texture": "#south", "cullface": "west"},
				"up": {"uv": [16, 16, 0, 0], "texture": "#up"},
				"down": {"uv": [0, 0, 16, 16], "texture": "#down", "cullface": "down"}
			}
		},
		{
			"from": [2, 3, -0.8],
			"to": [3, 5, 0],
			"faces": {
				"north": {"uv": [12, 10, 13, 12], "texture": "#4", "cullface": "north"},
				"east": {"uv": [12, 10, 12.8, 12], "texture": "#4", "cullface": "north"},
				"west": {"uv": [12, 11, 12.8, 13], "texture": "#4", "cullface": "north"},
				"down": {"uv": [12, 12, 13, 12.8], "texture": "#4", "cullface": "north"}
			}
		},
		{
			"from": [2, 5, -0.8],
			"to": [4, 7, 0],
			"faces": {
				"north": {"uv": [11, 9, 13, 11], "texture": "#4", "cullface": "north"},
				"east": {"uv": [11, 9, 11.8, 11], "texture": "#4", "cullface": "north"},
				"west": {"uv": [12, 9, 12.8, 11], "texture": "#4", "cullface": "north"},
				"down": {"uv": [11, 10, 13, 10.8], "texture": "#4", "cullface": "north"}
			}
		},
		{
			"from": [2, 12, -0.8],
			"to": [5, 13, 0],
			"faces": {
				"north": {"uv": [10, 3, 13, 4], "texture": "#4", "cullface": "north"},
				"east": {"uv": [10, 3, 11, 4], "texture": "#4", "cullface": "north"},
				"west": {"uv": [12, 3, 13, 4], "texture": "#4", "cullface": "north"},
				"up": {"uv": [10, 3, 13, 4], "texture": "#4", "cullface": "north"},
				"down": {"uv": [10, 3, 13, 4], "texture": "#4", "cullface": "north"}
			}
		},
		{
			"from": [2, 7, -0.8],
			"to": [5, 10, 0],
			"faces": {
				"north": {"uv": [10, 6, 13, 9], "texture": "#4", "cullface": "north"},
				"east": {"uv": [10, 6, 10.8, 9], "texture": "#4", "cullface": "north"},
				"west": {"uv": [12, 6, 12.8, 9], "texture": "#4", "cullface": "north"},
				"down": {"uv": [10, 8, 13, 8.8], "texture": "#4", "cullface": "north"}
			}
		},
		{
			"from": [2, 10, -0.8],
			"to": [5, 11, 0],
			"faces": {
				"north": {"uv": [10, 5, 13, 6], "texture": "#4", "cullface": "north"},
				"east": {"uv": [10, 5, 11, 6], "texture": "#4", "cullface": "north"},
				"west": {"uv": [12, 5, 13, 6], "texture": "#4", "cullface": "north"},
				"up": {"uv": [10, 5, 13, 6], "texture": "#4", "cullface": "north"}
			}
		},
		{
			"from": [4, 11, -0.8],
			"to": [5, 12, 0],
			"faces": {
				"north": {"uv": [10, 4, 11, 5], "texture": "#4", "cullface": "north"},
				"east": {"uv": [10, 4, 11, 5], "texture": "#4", "cullface": "north"},
				"west": {"uv": [10, 4, 11, 5], "texture": "#4", "cullface": "north"}
			}
		},
		{
			"from": [2, 11, -0.8],
			"to": [3, 12, 0],
			"faces": {
				"north": {"uv": [10, 4, 11, 5], "texture": "#4", "cullface": "north"},
				"east": {"uv": [10, 4, 11, 5], "texture": "#4", "cullface": "north"},
				"west": {"uv": [10, 4, 11, 5], "texture": "#4", "cullface": "north"}
			}
		},
		{
			"from": [12, 7, -0.8],
			"to": [13, 11, 0],
			"faces": {
				"north": {"uv": [3, 5, 4, 9], "texture": "#4", "cullface": "north"},
				"east": {"uv": [3, 5, 3.8, 9], "texture": "#4", "cullface": "north"},
				"west": {"uv": [3, 5, 3.8, 9], "texture": "#4", "cullface": "north"},
				"up": {"uv": [3, 5, 4, 5.8], "texture": "#4", "cullface": "north"}
			}
		},
		{
			"from": [11, 5, -0.8],
			"to": [14, 7, 0],
			"faces": {
				"north": {"uv": [2, 9, 5, 11], "texture": "#4", "cullface": "north"},
				"east": {"uv": [2, 9, 2.8, 11], "texture": "#4", "cullface": "north"},
				"west": {"uv": [4, 9, 4.8, 11], "texture": "#4", "cullface": "north"},
				"up": {"uv": [2, 9, 5, 9.8], "texture": "#4", "cullface": "north"},
				"down": {"uv": [2, 10, 5, 10.8], "texture": "#4", "cullface": "north"}
			}
		},
		{
			"from": [16, 7.925, 11],
			"to": [16.8, 8.925, 12],
			"faces": {
				"north": {"uv": [4, 7, 4.8, 8], "texture": "#5", "cullface": "east"},
				"east": {"uv": [4, 7, 5, 8], "texture": "#5", "cullface": "east"},
				"south": {"uv": [4, 7, 4.8, 8], "texture": "#5", "cullface": "east"},
				"up": {"uv": [4, 7, 4.8, 8], "texture": "#5", "cullface": "east"},
				"down": {"uv": [4, 7, 4.8, 8], "texture": "#5", "cullface": "east"}
			}
		},
		{
			"from": [16, 5.925, 10],
			"to": [16.8, 7.925, 11],
			"faces": {
				"north": {"uv": [5, 8, 5.8, 10], "texture": "#5", "cullface": "east"},
				"east": {"uv": [5, 8, 6, 10], "texture": "#5", "cullface": "east"},
				"south": {"uv": [5, 8, 5.8, 10], "texture": "#5", "cullface": "east"},
				"up": {"uv": [5, 8, 5.8, 9], "texture": "#5", "cullface": "east"},
				"down": {"uv": [5, 9, 5.8, 10], "texture": "#5", "cullface": "east"}
			}
		},
		{
			"from": [16, 5.925, 12],
			"to": [16.8, 7.925, 13],
			"faces": {
				"north": {"uv": [3, 8, 3.8, 10], "texture": "#5", "cullface": "east"},
				"east": {"uv": [3, 8, 4, 10], "texture": "#5", "cullface": "east"},
				"south": {"uv": [3, 8, 3.8, 10], "texture": "#5", "cullface": "east"},
				"up": {"uv": [3, 8, 3.8, 9], "texture": "#5", "cullface": "east"},
				"down": {"uv": [3, 9, 3.8, 10], "texture": "#5", "cullface": "east"}
			}
		},
		{
			"from": [16, 8.925, 10],
			"to": [16.8, 10.925, 11],
			"faces": {
				"north": {"uv": [3.6, 5, 2.8, 7], "texture": "#5", "cullface": "east"},
				"east": {"uv": [5, 5, 6, 7], "texture": "#5", "cullface": "east"},
				"south": {"uv": [3, 5, 3.8, 7], "texture": "#5", "cullface": "east"},
				"up": {"uv": [3, 5, 3.8, 6], "texture": "#5", "cullface": "east"},
				"down": {"uv": [5, 6, 5.8, 7], "texture": "#5", "cullface": "east"}
			}
		},
		{
			"from": [16, 8.925, 12],
			"to": [16.8, 10.925, 13],
			"faces": {
				"north": {"uv": [3, 5, 3.8, 7], "texture": "#5", "cullface": "east"},
				"east": {"uv": [3, 5, 4, 7], "texture": "#5", "cullface": "east"},
				"south": {"uv": [3, 5, 3.8, 7], "texture": "#5", "cullface": "east"},
				"up": {"uv": [5, 5, 5.8, 6], "texture": "#5", "cullface": "east"},
				"down": {"uv": [3, 6, 3.8, 7], "texture": "#5", "cullface": "east"}
			}
		},
		{
			"from": [13, 2.8, 16],
			"to": [14, 4.8, 16.8],
			"rotation": {"angle": 0, "axis": "y", "origin": [5.33333, 8.83333, 21.6]},
			"faces": {
				"east": {"uv": [12, 11, 12.8, 13], "texture": "#4", "cullface": "south"},
				"south": {"uv": [12, 10, 13, 12], "texture": "#4", "cullface": "south"},
				"west": {"uv": [12, 10, 12.8, 12], "texture": "#4", "cullface": "south"},
				"down": {"uv": [12, 12, 13, 12.8], "rotation": 180, "texture": "#4", "cullface": "south"}
			}
		},
		{
			"from": [12, 4.8, 16],
			"to": [14, 6.8, 16.8],
			"rotation": {"angle": 0, "axis": "y", "origin": [5.33333, 8.83333, 21.6]},
			"faces": {
				"east": {"uv": [12, 9, 12.8, 11], "texture": "#4", "cullface": "south"},
				"south": {"uv": [11, 9, 13, 11], "texture": "#4", "cullface": "south"},
				"west": {"uv": [11, 9, 11.8, 11], "texture": "#4", "cullface": "south"},
				"down": {"uv": [11, 10, 13, 10.8], "rotation": 180, "texture": "#4", "cullface": "south"}
			}
		},
		{
			"from": [11, 11.8, 16],
			"to": [14, 12.8, 16.8],
			"rotation": {"angle": 0, "axis": "y", "origin": [5.33333, 8.83333, 21.6]},
			"faces": {
				"east": {"uv": [12, 3, 13, 4], "texture": "#4", "cullface": "south"},
				"south": {"uv": [10, 3, 13, 4], "texture": "#4", "cullface": "south"},
				"west": {"uv": [10, 3, 11, 4], "texture": "#4", "cullface": "south"},
				"up": {"uv": [10, 3, 13, 4], "rotation": 180, "texture": "#4", "cullface": "south"},
				"down": {"uv": [10, 3, 13, 4], "rotation": 180, "texture": "#4", "cullface": "south"}
			}
		},
		{
			"from": [11, 6.8, 16],
			"to": [14, 9.8, 16.8],
			"rotation": {"angle": 0, "axis": "y", "origin": [5.33333, 8.83333, 21.6]},
			"faces": {
				"east": {"uv": [12, 6, 12.8, 9], "texture": "#4", "cullface": "south"},
				"south": {"uv": [10, 6, 13, 9], "texture": "#4", "cullface": "south"},
				"west": {"uv": [10, 6, 10.8, 9], "texture": "#4", "cullface": "south"},
				"down": {"uv": [10, 8, 13, 8.8], "rotation": 180, "texture": "#4", "cullface": "south"}
			}
		},
		{
			"from": [11, 9.8, 16],
			"to": [14, 10.8, 16.8],
			"rotation": {"angle": 0, "axis": "y", "origin": [5.33333, 8.83333, 21.6]},
			"faces": {
				"east": {"uv": [12, 5, 13, 6], "texture": "#4", "cullface": "south"},
				"south": {"uv": [10, 5, 13, 6], "texture": "#4", "cullface": "south"},
				"west": {"uv": [10, 5, 11, 6], "texture": "#4", "cullface": "south"},
				"up": {"uv": [10, 5, 13, 6], "rotation": 180, "texture": "#4", "cullface": "south"}
			}
		},
		{
			"from": [13, 10.8, 16],
			"to": [14, 11.8, 16.8],
			"rotation": {"angle": 0, "axis": "y", "origin": [5.33333, 8.83333, 21.6]},
			"faces": {
				"east": {"uv": [10, 4, 11, 5], "texture": "#4", "cullface": "south"},
				"south": {"uv": [10, 4, 11, 5], "texture": "#4", "cullface": "south"},
				"west": {"uv": [10, 4, 11, 5], "texture": "#4", "cullface": "south"}
			}
		},
		{
			"from": [11, 10.8, 16],
			"to": [12, 11.8, 16.8],
			"rotation": {"angle": 0, "axis": "y", "origin": [5.33333, 8.83333, 21.6]},
			"faces": {
				"east": {"uv": [10, 4, 11, 5], "texture": "#4", "cullface": "south"},
				"south": {"uv": [10, 4, 11, 5], "texture": "#4", "cullface": "south"},
				"west": {"uv": [10, 4, 11, 5], "texture": "#4", "cullface": "south"}
			}
		},
		{
			"from": [3, 6.8, 16],
			"to": [4, 10.8, 16.8],
			"rotation": {"angle": 0, "axis": "y", "origin": [5.33333, 8.83333, 21.6]},
			"faces": {
				"east": {"uv": [3, 5, 3.8, 9], "texture": "#4", "cullface": "south"},
				"south": {"uv": [3, 5, 4, 9], "texture": "#4", "cullface": "south"},
				"west": {"uv": [3, 5, 3.8, 9], "texture": "#4", "cullface": "south"},
				"up": {"uv": [3, 5, 4, 5.8], "rotation": 180, "texture": "#4", "cullface": "south"}
			}
		},
		{
			"from": [2, 4.8, 16],
			"to": [5, 6.8, 16.8],
			"rotation": {"angle": 0, "axis": "y", "origin": [5.33333, 8.83333, 21.6]},
			"faces": {
				"east": {"uv": [4, 9, 4.8, 11], "texture": "#4", "cullface": "south"},
				"south": {"uv": [2, 9, 5, 11], "texture": "#4", "cullface": "south"},
				"west": {"uv": [2, 9, 2.8, 11], "texture": "#4", "cullface": "south"},
				"up": {"uv": [2, 9, 5, 9.8], "rotation": 180, "texture": "#4", "cullface": "south"},
				"down": {"uv": [2, 10, 5, 10.8], "rotation": 180, "texture": "#4", "cullface": "south"}
			}
		},
		{
			"from": [-0.8, 7.825, 4],
			"to": [0, 8.825, 5],
			"rotation": {"angle": 0, "axis": "y", "origin": [-0.6, 8.5, 4.5]},
			"faces": {
				"north": {"uv": [4, 7, 4.8, 8], "texture": "#5", "cullface": "west"},
				"south": {"uv": [4, 7, 4.8, 8], "texture": "#5", "cullface": "west"},
				"west": {"uv": [4, 7, 5, 8], "texture": "#5", "cullface": "west"},
				"up": {"uv": [4, 7, 4.8, 8], "rotation": 180, "texture": "#5", "cullface": "west"},
				"down": {"uv": [4, 7, 4.8, 8], "rotation": 180, "texture": "#5", "cullface": "west"}
			}
		},
		{
			"from": [-0.8, 5.825, 5],
			"to": [0, 7.825, 6],
			"rotation": {"angle": 0, "axis": "y", "origin": [-0.6, 8.5, 4.5]},
			"faces": {
				"north": {"uv": [5, 8, 5.8, 10], "texture": "#5", "cullface": "west"},
				"south": {"uv": [5, 8, 5.8, 10], "texture": "#5", "cullface": "west"},
				"west": {"uv": [5, 8, 6, 10], "texture": "#5", "cullface": "west"},
				"up": {"uv": [5, 8, 5.8, 9], "rotation": 180, "texture": "#5", "cullface": "west"},
				"down": {"uv": [5, 9, 5.8, 10], "rotation": 180, "texture": "#5", "cullface": "west"}
			}
		},
		{
			"from": [-0.8, 5.825, 3],
			"to": [0, 7.825, 4],
			"rotation": {"angle": 0, "axis": "y", "origin": [-0.6, 8.5, 4.5]},
			"faces": {
				"north": {"uv": [3, 8, 3.8, 10], "texture": "#5", "cullface": "west"},
				"south": {"uv": [3, 8, 3.8, 10], "texture": "#5", "cullface": "west"},
				"west": {"uv": [3, 8, 4, 10], "texture": "#5", "cullface": "west"},
				"up": {"uv": [3, 8, 3.8, 9], "rotation": 180, "texture": "#5", "cullface": "west"},
				"down": {"uv": [3, 9, 3.8, 10], "rotation": 180, "texture": "#5", "cullface": "west"}
			}
		},
		{
			"from": [-0.8, 8.825, 5],
			"to": [0, 10.825, 6],
			"rotation": {"angle": 0, "axis": "y", "origin": [-0.6, 8.5, 4.5]},
			"faces": {
				"north": {"uv": [3, 5, 3.8, 7], "texture": "#5", "cullface": "west"},
				"south": {"uv": [3.6, 5, 2.8, 7], "texture": "#5", "cullface": "west"},
				"west": {"uv": [5, 5, 6, 7], "texture": "#5", "cullface": "west"},
				"up": {"uv": [3, 5, 3.8, 6], "rotation": 180, "texture": "#5", "cullface": "west"},
				"down": {"uv": [5, 6, 5.8, 7], "rotation": 180, "texture": "#5", "cullface": "west"}
			}
		},
		{
			"from": [-0.8, 8.825, 3],
			"to": [0, 10.825, 4],
			"rotation": {"angle": 0, "axis": "y", "origin": [-0.6, 8.5, 4.5]},
			"faces": {
				"north": {"uv": [3, 5, 3.8, 7], "texture": "#5", "cullface": "west"},
				"south": {"uv": [3, 5, 3.8, 7], "texture": "#5", "cullface": "west"},
				"west": {"uv": [3, 5, 4, 7], "texture": "#5", "cullface": "west"},
				"up": {"uv": [5, 5, 5.8, 6], "rotation": 180, "texture": "#5", "cullface": "west"},
				"down": {"uv": [3, 6, 3.8, 7], "rotation": 180, "texture": "#5", "cullface": "west"}
			}
		},
		{
			"from": [4, 15.5, 9],
			"to": [12, 16, 10],
			"faces": {
				"north": {"uv": [12, 9, 4, 9.5], "texture": "#up"},
				"south": {"uv": [4, 9, 12, 9.5], "texture": "#up"},
				"up": {"uv": [4, 9, 12, 10], "texture": "#up", "cullface": "up"}
			}
		},
		{
			"from": [4, 15.5, 6],
			"to": [12, 16, 7],
			"faces": {
				"north": {"uv": [12, 6, 4, 6.5], "texture": "#up"},
				"south": {"uv": [4, 6, 12, 6.5], "texture": "#up"},
				"up": {"uv": [4, 6, 12, 7], "texture": "#up", "cullface": "up"}
			}
		},
		{
			"from": [9, 15.5, 3],
			"to": [10, 16, 13],
			"faces": {
				"east": {"uv": [9, 3, 9.5, 13], "rotation": 90, "texture": "#up"},
				"west": {"uv": [9.5, 13, 9, 3], "rotation": 90, "texture": "#up"},
				"up": {"uv": [9, 3, 10, 13], "texture": "#up", "cullface": "up"}
			}
		},
		{
			"from": [6, 15.5, 3],
			"to": [7, 16, 13],
			"faces": {
				"east": {"uv": [6, 3, 6.5, 13], "rotation": 90, "texture": "#up"},
				"west": {"uv": [6, 13, 6.5, 3], "rotation": 90, "texture": "#up"},
				"up": {"uv": [6, 3, 7, 13], "texture": "#up", "cullface": "up"}
			}
		},
		{
			"from": [1, 15.5, 3],
			"to": [4, 16, 13],
			"faces": {
				"north": {"uv": [1, 3, 4, 3.5], "texture": "#up"},
				"east": {"uv": [3, 3, 3.5, 13], "rotation": 90, "texture": "#up"},
				"south": {"uv": [1, 12, 4, 12.5], "texture": "#up"},
				"up": {"uv": [1, 3, 4, 13], "texture": "#up", "cullface": "up"}
			}
		},
		{
			"from": [12, 15.5, 3],
			"to": [15, 16, 13],
			"faces": {
				"north": {"uv": [12, 12, 15, 12.5], "texture": "#up"},
				"south": {"uv": [12, 3, 15, 3.5], "texture": "#up"},
				"west": {"uv": [12, 3, 12.5, 13], "rotation": 90, "texture": "#up"},
				"up": {"uv": [12, 3, 15, 13], "texture": "#up", "cullface": "up"}
			}
		},
		{
			"from": [3, 15.5, 12],
			"to": [13, 16, 15],
			"faces": {
				"north": {"uv": [13, 12, 3, 12.5], "texture": "#up"},
				"east": {"uv": [3, 12, 3.5, 15], "rotation": 90, "texture": "#up"},
				"west": {"uv": [12, 12, 12.5, 15], "rotation": 90, "texture": "#up"},
				"up": {"uv": [3, 12, 13, 15], "texture": "#up", "cullface": "up"}
			}
		},
		{
			"from": [3, 15.5, 1],
			"to": [13, 16, 4],
			"faces": {
				"east": {"uv": [12, 1, 12.5, 4], "rotation": 90, "texture": "#up"},
				"south": {"uv": [3, 3, 13, 3.5], "texture": "#up"},
				"west": {"uv": [3, 1, 3.5, 4], "rotation": 90, "texture": "#up"},
				"up": {"uv": [3, 1, 13, 4], "texture": "#up", "cullface": "up"}
			}
		},
		{
			"from": [-0.5, 13.8, 6],
			"to": [16.5, 14.8, 10],
			"faces": {
				"north": {"uv": [6, 1, 6.5, 2], "texture": "#south", "cullface": "west"},
				"east": {"uv": [6, 1, 10, 2], "texture": "#south"},
				"south": {"uv": [9, 1, 9.5, 2], "texture": "#south", "cullface": "west"},
				"west": {"uv": [6, 1, 10, 2], "texture": "#south", "cullface": "west"},
				"down": {"uv": [8, 3, 8.5, 7], "texture": "#4", "cullface": "west"}
			}
		},
		{
			"from": [6, 13.8, -0.5],
			"to": [10, 14.8, 16.5],
			"faces": {
				"north": {"uv": [6, 1, 10, 2], "texture": "#north", "cullface": "north"},
				"east": {"uv": [6, 1, 6.5, 2], "texture": "#south", "cullface": "north"},
				"south": {"uv": [6, 1, 10, 2], "texture": "#north"},
				"west": {"uv": [9, 1, 9.5, 2], "texture": "#south", "cullface": "north"},
				"down": {"uv": [6, 1, 10, 1.5], "texture": "#north", "cullface": "north"}
			}
		},
		{
			"from": [-0.5, 14.8, 5],
			"to": [0, 15.975, 11],
			"faces": {
				"north": {"uv": [10, 0, 10.6, 0.5], "texture": "#north", "cullface": "west"},
				"south": {"uv": [5, 0, 5.6, 0.5], "texture": "#north", "cullface": "west"},
				"west": {"uv": [5, 0, 11, 1], "texture": "#north", "cullface": "west"},
				"up": {"uv": [6, 2, 6.6, 8], "texture": "#4", "cullface": "west"},
				"down": {"uv": [5, 0, 11, 0.5], "rotation": 90, "texture": "#south", "cullface": "west"}
			}
		},
		{
			"from": [5, 14.8, 16],
			"to": [11, 15.999, 16.5],
			"faces": {
				"east": {"uv": [5, 0, 5.6, 0.5], "texture": "#north", "cullface": "south"},
				"south": {"uv": [5, 0, 11, 1], "texture": "#north", "cullface": "south"},
				"west": {"uv": [10, 0, 10.6, 0.5], "texture": "#north", "cullface": "south"},
				"up": {"uv": [5, 0, 11, 0.5], "texture": "#north", "cullface": "south"},
				"down": {"uv": [5, 0, 11, 0.5], "texture": "#north", "cullface": "south"}
			}
		},
		{
			"from": [16, 14.8, 5],
			"to": [16.5, 15.999, 11],
			"faces": {
				"north": {"uv": [5, 0, 5.6, 0.5], "texture": "#north", "cullface": "east"},
				"east": {"uv": [5, 0, 11, 1], "texture": "#north", "cullface": "east"},
				"south": {"uv": [10, 0, 10.6, 0.5], "texture": "#north", "cullface": "east"},
				"up": {"uv": [6, 2, 6.5, 8], "texture": "#4", "cullface": "east"},
				"down": {"uv": [5, 0, 11, 0.5], "rotation": 90, "texture": "#south", "cullface": "east"}
			}
		},
		{
			"from": [5, 14.8, -0.5],
			"to": [11, 15.999, 0],
			"faces": {
				"north": {"uv": [5, 0, 11, 1], "texture": "#north", "cullface": "north"},
				"east": {"uv": [10, 0, 10.6, 0.5], "texture": "#north", "cullface": "north"},
				"west": {"uv": [5, 0, 5.6, 0.5], "texture": "#north", "cullface": "north"},
				"up": {"uv": [5, 0, 11, 0.5], "texture": "#north", "cullface": "north"},
				"down": {"uv": [5, 0, 11, 0.5], "texture": "#north", "cullface": "north"}
			}
		},
		{
			"from": [0, 15.5, 0],
			"to": [16, 16, 1],
			"faces": {
				"north": {"uv": [0, 0, 16, 0.5], "texture": "#north", "cullface": "north"},
				"south": {"uv": [0, 0, 16, 0.5], "texture": "#up"},
				"up": {"uv": [0, 0, 16, 1], "texture": "#up", "cullface": "up"}
			}
		},
		{
			"from": [0, 15.5, 15],
			"to": [16, 16, 16],
			"faces": {
				"north": {"uv": [0, 15, 16, 15.5], "texture": "#up"},
				"south": {"uv": [0, 0, 16, 0.5], "texture": "#north", "cullface": "south"},
				"up": {"uv": [0, 15, 16, 16], "texture": "#up", "cullface": "up"}
			}
		},
		{
			"from": [0, 15.5, 0],
			"to": [1, 16, 16],
			"faces": {
				"east": {"uv": [0, 0, 0.5, 16], "rotation": 90, "texture": "#up"},
				"west": {"uv": [0, 0, 16, 0.5], "texture": "#south", "cullface": "west"},
				"up": {"uv": [0, 0, 1, 16], "texture": "#up", "cullface": "up"}
			}
		},
		{
			"from": [15, 15.5, 0],
			"to": [16, 16, 16],
			"faces": {
				"east": {"uv": [0, 0, 16, 0.5], "texture": "#south", "cullface": "east"},
				"west": {"uv": [15, 0, 15.5, 16], "rotation": 90, "texture": "#up"},
				"up": {"uv": [15, 0, 16, 16], "texture": "#up", "cullface": "up"}
			}
		},
		{
			"from": [2, 15.5, 2],
			"to": [14, 16, 3],
			"faces": {
				"north": {"uv": [2, 2, 14, 2.5], "texture": "#up"},
				"east": {"uv": [13, 2, 14, 2.5], "texture": "#up"},
				"west": {"uv": [2, 2, 3, 2.5], "texture": "#up"},
				"up": {"uv": [2, 2, 14, 3], "texture": "#up", "cullface": "up"}
			}
		},
		{
			"from": [2, 15.5, 13],
			"to": [14, 16, 14],
			"faces": {
				"east": {"uv": [2, 13, 3, 13.5], "texture": "#up"},
				"south": {"uv": [2, 13, 14, 13.5], "texture": "#up"},
				"west": {"uv": [13, 13, 14, 13.5], "texture": "#up"},
				"up": {"uv": [2, 13, 14, 14], "texture": "#up", "cullface": "up"}
			}
		}
	]
}