{
	"credit": "Made with Blockbench",
	"parent": "minecraft:block/trapdoor_display",
	"textures": {
		"1": "block/crimson_trapdoor_side",
		"texture": "block/crimson_trapdoor",
		"particle": "block/crimson_trapdoor_side"
	},
	"elements": [
		{
			"from": [0, 0, 13],
			"to": [2, 16, 16],
			"rotation": {"angle": 0, "axis": "x", "origin": [0, 0, 16]},
			"faces": {
				"north": {"uv": [16, 0, 14, 16], "rotation": 180, "texture": "#texture"},
				"east": {"uv": [14, 16, 15, 0], "texture": "#texture"},
				"south": {"uv": [16, 16, 14, 0], "texture": "#texture"},
				"west": {"uv": [0, 3, 16, 6], "rotation": 90, "texture": "#1"}
			}
		},
		{
			"from": [14, 0, 13],
			"to": [16, 16, 16],
			"rotation": {"angle": 0, "axis": "x", "origin": [0, 0, 16]},
			"faces": {
				"north": {"uv": [2, 0, 0, 16], "rotation": 180, "texture": "#texture"},
				"east": {"uv": [0, 9, 16, 12], "rotation": 270, "texture": "#1"},
				"south": {"uv": [2, 16, 0, 0], "texture": "#texture"},
				"west": {"uv": [1, 0, 2, 16], "rotation": 180, "texture": "#texture"}
			}
		},
		{
			"from": [0, 14, 13],
			"to": [16, 16, 16],
			"rotation": {"angle": 0, "axis": "x", "origin": [0, 0, 16]},
			"faces": {
				"north": {"uv": [16, 14, 0, 16], "rotation": 180, "texture": "#texture"},
				"south": {"uv": [16, 16, 0, 14], "texture": "#texture"},
				"up": {"uv": [0, 0, 16, 3], "rotation": 180, "texture": "#1"},
				"down": {"uv": [16, 14, 0, 15], "texture": "#texture"}
			}
		},
		{
			"from": [0, 0, 13],
			"to": [16, 2, 16],
			"rotation": {"angle": 0, "axis": "x", "origin": [0, 0, 16]},
			"faces": {
				"north": {"uv": [16, 0, 0, 2], "rotation": 180, "texture": "#texture"},
				"south": {"uv": [16, 2, 0, 0], "texture": "#texture"},
				"up": {"uv": [0, 1, 16, 2], "rotation": 180, "texture": "#texture"},
				"down": {"uv": [0, 6, 16, 9], "texture": "#1"}
			}
		},
		{
			"from": [2, 11, 13.7],
			"to": [3, 14, 15.3],
			"rotation": {"angle": 0, "axis": "x", "origin": [0, 0, 16]},
			"faces": {
				"north": {"uv": [13, 11, 14, 14], "rotation": 180, "texture": "#texture"},
				"east": {"uv": [13, 11, 14, 14], "texture": "#texture"},
				"south": {"uv": [13, 14, 14, 11], "texture": "#texture"},
				"down": {"uv": [13, 13, 14, 14], "texture": "#texture"}
			}
		},
		{
			"from": [2, 6, 13.7],
			"to": [3, 10, 15.3],
			"rotation": {"angle": 0, "axis": "x", "origin": [0, 0, 16]},
			"faces": {
				"north": {"uv": [13, 6, 14, 10], "rotation": 180, "texture": "#texture"},
				"east": {"uv": [13, 6, 14, 10], "texture": "#texture"},
				"south": {"uv": [13, 10, 14, 6], "texture": "#texture"},
				"up": {"uv": [13, 9, 14, 10], "rotation": 180, "texture": "#texture"},
				"down": {"uv": [13, 9, 14, 10], "texture": "#texture"}
			}
		},
		{
			"from": [13, 6, 13.7],
			"to": [14, 10, 15.3],
			"rotation": {"angle": 0, "axis": "x", "origin": [0, 0, 16]},
			"faces": {
				"north": {"uv": [2, 6, 3, 10], "rotation": 180, "texture": "#texture"},
				"south": {"uv": [2, 10, 3, 6], "texture": "#texture"},
				"west": {"uv": [2, 6, 3, 10], "rotation": 180, "texture": "#texture"},
				"up": {"uv": [2, 6, 3, 7], "rotation": 180, "texture": "#texture"},
				"down": {"uv": [2, 9, 3, 10], "texture": "#texture"}
			}
		},
		{
			"from": [13, 11, 13.7],
			"to": [14, 14, 15.3],
			"rotation": {"angle": 0, "axis": "x", "origin": [0, 0, 16]},
			"faces": {
				"north": {"uv": [2, 11, 3, 14], "rotation": 180, "texture": "#texture"},
				"south": {"uv": [3, 14, 2, 11], "texture": "#texture"},
				"west": {"uv": [2, 11, 3, 14], "rotation": 180, "texture": "#texture"},
				"down": {"uv": [2, 11, 3, 12], "texture": "#texture"}
			}
		},
		{
			"from": [2, 2, 13.7],
			"to": [3, 5, 15.3],
			"rotation": {"angle": 0, "axis": "x", "origin": [0, 0, 16]},
			"faces": {
				"north": {"uv": [14, 2, 13, 5], "rotation": 180, "texture": "#texture"},
				"east": {"uv": [13, 2, 14, 5], "texture": "#texture"},
				"south": {"uv": [13, 5, 14, 2], "texture": "#texture"},
				"up": {"uv": [13, 4, 14, 5], "rotation": 180, "texture": "#texture"}
			}
		},
		{
			"from": [13, 2, 13.7],
			"to": [14, 5, 15.3],
			"rotation": {"angle": 0, "axis": "x", "origin": [0, 0, 16]},
			"faces": {
				"north": {"uv": [2, 2, 3, 5], "rotation": 180, "texture": "#texture"},
				"south": {"uv": [2, 5, 3, 2], "texture": "#texture"},
				"west": {"uv": [2, 2, 3, 5], "rotation": 180, "texture": "#texture"},
				"up": {"uv": [2, 4, 3, 5], "rotation": 180, "texture": "#texture"}
			}
		},
		{
			"from": [3, 11, 13.7],
			"to": [13, 12, 15.3],
			"rotation": {"angle": 0, "axis": "x", "origin": [0, 0, 16]},
			"faces": {
				"north": {"uv": [13, 11, 3, 12], "rotation": 180, "texture": "#texture"},
				"south": {"uv": [13, 11, 3, 12], "texture": "#texture"},
				"up": {"uv": [3, 11, 13, 12], "rotation": 180, "texture": "#texture"},
				"down": {"uv": [13, 11, 3, 12], "texture": "#texture"}
			}
		},
		{
			"from": [3, 13, 13.7],
			"to": [13, 14, 15.3],
			"rotation": {"angle": 0, "axis": "x", "origin": [0, 0, 16]},
			"faces": {
				"north": {"uv": [13, 13, 3, 14], "rotation": 180, "texture": "#texture"},
				"south": {"uv": [13, 13, 3, 14], "texture": "#texture"},
				"down": {"uv": [13, 13, 3, 14], "texture": "#texture"}
			}
		},
		{
			"from": [3, 9, 13.7],
			"to": [13, 10, 15.3],
			"rotation": {"angle": 0, "axis": "x", "origin": [0, 0, 16]},
			"faces": {
				"north": {"uv": [13, 9, 3, 10], "rotation": 180, "texture": "#texture"},
				"south": {"uv": [13, 9, 3, 10], "texture": "#texture"},
				"up": {"uv": [3, 9, 13, 10], "rotation": 180, "texture": "#texture"},
				"down": {"uv": [13, 9, 3, 10], "texture": "#texture"}
			}
		},
		{
			"from": [3, 6, 13.7],
			"to": [13, 7, 15.3],
			"rotation": {"angle": 0, "axis": "x", "origin": [0, 0, 16]},
			"faces": {
				"north": {"uv": [13, 6, 3, 7], "rotation": 180, "texture": "#texture"},
				"south": {"uv": [13, 6, 3, 7], "texture": "#texture"},
				"up": {"uv": [3, 6, 13, 7], "rotation": 180, "texture": "#texture"},
				"down": {"uv": [13, 6, 3, 7], "texture": "#texture"}
			}
		},
		{
			"from": [3, 4, 13.7],
			"to": [13, 5, 15.3],
			"rotation": {"angle": 0, "axis": "x", "origin": [0, 0, 16]},
			"faces": {
				"north": {"uv": [13, 4, 3, 5], "rotation": 180, "texture": "#texture"},
				"south": {"uv": [13, 4, 3, 5], "texture": "#texture"},
				"up": {"uv": [3, 4, 13, 5], "rotation": 180, "texture": "#texture"},
				"down": {"uv": [13, 4, 3, 5], "texture": "#texture"}
			}
		},
		{
			"from": [3, 2, 13.7],
			"to": [13, 3, 15.3],
			"rotation": {"angle": 0, "axis": "x", "origin": [0, 0, 16]},
			"faces": {
				"north": {"uv": [13, 13, 3, 14], "rotation": 180, "texture": "#texture"},
				"south": {"uv": [13, 2, 3, 3], "texture": "#texture"},
				"up": {"uv": [3, 2, 13, 3], "rotation": 180, "texture": "#texture"}
			}
		},
		{
			"from": [2, 5, 14],
			"to": [14, 11, 15],
			"rotation": {"angle": 0, "axis": "x", "origin": [0, 0, 16]},
			"faces": {
				"north": {"uv": [14, 5, 2, 11], "rotation": 180, "texture": "#texture"},
				"south": {"uv": [14, 11, 2, 5], "texture": "#texture"}
			}
		}
	]
}