{
	"credit": "Made with Blockbench",
	"parent": "minecraft:block/door_top",
	"textures": {
		"top": "block/crimson_door_top"
	},
	"elements": [
		{
			"from": [0.7, 0, 0],
			"to": [2.3, 16, 16],
			"faces": {
				"east": {"uv": [16, 0, 0, 16], "texture": "#top"},
				"west": {"uv": [0, 0, 16, 16], "texture": "#top"},
				"up": {"uv": [0, 0, 16, 1], "rotation": 90, "texture": "#top"}
			}
		},
		{
			"from": [0, 0, 0],
			"to": [3, 16, 4],
			"faces": {
				"north": {"uv": [0, 0, 1, 16], "texture": "#top"},
				"east": {"uv": [4, 0, 0, 16], "texture": "#top"},
				"south": {"uv": [3, 0, 4, 16], "texture": "#top"},
				"west": {"uv": [0, 0, 4, 16], "texture": "#top"},
				"up": {"uv": [0, 0, 4, 1], "rotation": 90, "texture": "#top"}
			}
		},
		{
			"from": [0, 0, 12],
			"to": [3, 16, 16],
			"faces": {
				"north": {"uv": [12, 0, 13, 16], "texture": "#top"},
				"east": {"uv": [16, 0, 12, 16], "texture": "#top"},
				"south": {"uv": [15, 0, 16, 16], "texture": "#top"},
				"west": {"uv": [12, 0, 16, 16], "texture": "#top"},
				"up": {"uv": [12, 0, 16, 1], "rotation": 90, "texture": "#top"}
			}
		},
		{
			"from": [0, 0, 5],
			"to": [3, 16, 11],
			"faces": {
				"north": {"uv": [5, 0, 6, 16], "texture": "#top"},
				"east": {"uv": [11, 0, 5, 16], "texture": "#top"},
				"south": {"uv": [10, 0, 11, 16], "texture": "#top"},
				"west": {"uv": [5, 0, 11, 16], "texture": "#top"},
				"up": {"uv": [5, 0, 11, 1], "rotation": 90, "texture": "#top"}
			}
		},
		{
			"from": [-1, 0, 11],
			"to": [4, 2, 14],
			"faces": {
				"north": {"uv": [11, 14, 12, 16], "texture": "#top"},
				"east": {"uv": [14, 14, 11, 16], "texture": "#top"},
				"south": {"uv": [13, 14, 14, 16], "texture": "#top"},
				"west": {"uv": [11, 14, 14, 16], "texture": "#top"},
				"up": {"uv": [11, 14, 14, 15], "rotation": 90, "texture": "#top"},
				"down": {"uv": [14, 15, 11, 16], "rotation": 90, "texture": "#top"}
			}
		},
		{
			"from": [-0.69, 6, 0.01],
			"to": [3.69, 11, 15.99],
			"faces": {
				"north": {"uv": [0, 5, 1, 10], "texture": "#top"},
				"east": {"uv": [16, 5, 0, 10], "texture": "#top"},
				"south": {"uv": [15, 5, 16, 10], "texture": "#top"},
				"west": {"uv": [0, 5, 16, 10], "texture": "#top"},
				"up": {"uv": [0, 5, 16, 6], "rotation": 90, "texture": "#top"},
				"down": {"uv": [16, 9, 0, 10], "rotation": 90, "texture": "#top"}
			}
		},
		{
			"from": [0.01, 6, -0.7],
			"to": [2.99, 11, 0],
			"faces": {
				"north": {"uv": [0, 5, 3, 10], "texture": "#top"},
				"east": {"uv": [0, 5, 0.7, 10], "texture": "#top"},
				"west": {"uv": [2, 5, 2.7, 10], "texture": "#top"},
				"up": {"uv": [0, 5, 3, 5.7], "texture": "#top"},
				"down": {"uv": [3, 10, 0, 9.7], "texture": "#top"}
			}
		}
	]
}