{
	"credit": "Made with Blockbench",
	"parent": "minecraft:block/door_bottom",
	"textures": {
		"bottom": "block/crimson_door_bottom"
	},
	"elements": [
		{
			"from": [0.7, 0, 0],
			"to": [2.3, 16, 16],
			"faces": {
				"east": {"uv": [0, 0, 16, 16], "texture": "#bottom"},
				"west": {"uv": [16, 0, 0, 16], "texture": "#bottom"},
				"down": {"uv": [0, 15, 16, 16], "rotation": 90, "texture": "#bottom"}
			}
		},
		{
			"from": [0, 0, 0],
			"to": [3, 16, 4],
			"faces": {
				"north": {"uv": [15, 0, 16, 16], "texture": "#bottom"},
				"east": {"uv": [12, 0, 16, 16], "texture": "#bottom"},
				"south": {"uv": [12, 0, 13, 16], "texture": "#bottom"},
				"west": {"uv": [16, 0, 12, 16], "texture": "#bottom"},
				"down": {"uv": [12, 15, 16, 16], "rotation": 90, "texture": "#bottom"}
			}
		},
		{
			"from": [0, 0, 12],
			"to": [3, 16, 16],
			"faces": {
				"north": {"uv": [3, 0, 4, 16], "texture": "#bottom"},
				"east": {"uv": [0, 0, 4, 16], "texture": "#bottom"},
				"south": {"uv": [0, 0, 1, 16], "texture": "#bottom"},
				"west": {"uv": [4, 0, 0, 16], "texture": "#bottom"},
				"down": {"uv": [0, 15, 4, 16], "rotation": 90, "texture": "#bottom"}
			}
		},
		{
			"from": [0, 0, 5],
			"to": [3, 16, 11],
			"faces": {
				"north": {"uv": [5, 0, 6, 16], "texture": "#bottom"},
				"east": {"uv": [5, 0, 11, 16], "texture": "#bottom"},
				"south": {"uv": [10, 0, 11, 16], "texture": "#bottom"},
				"west": {"uv": [11, 0, 5, 16], "texture": "#bottom"},
				"down": {"uv": [5, 15, 11, 16], "rotation": 90, "texture": "#bottom"}
			}
		},
		{
			"from": [-0.69, 6, 0.01],
			"to": [3.69, 11, 15.99],
			"faces": {
				"north": {"uv": [15, 5, 16, 10], "texture": "#bottom"},
				"east": {"uv": [0, 5, 16, 10], "texture": "#bottom"},
				"south": {"uv": [0, 5, 1, 10], "texture": "#bottom"},
				"west": {"uv": [16, 5, 0, 10], "texture": "#bottom"},
				"up": {"uv": [16, 5, 0, 6], "rotation": 90, "texture": "#bottom"},
				"down": {"uv": [0, 9, 16, 10], "rotation": 90, "texture": "#bottom"}
			}
		},
		{
			"from": [0.01, 6, 16],
			"to": [2.99, 11, 17],
			"faces": {
				"east": {"uv": [0, 5, 1, 10], "texture": "#bottom"},
				"south": {"uv": [0, 5, 3, 10], "texture": "#bottom"},
				"west": {"uv": [2, 5, 3, 10], "texture": "#bottom"},
				"up": {"uv": [0, 5, 3, 6], "texture": "#bottom"},
				"down": {"uv": [0, 9, 3, 10], "texture": "#bottom"}
			}
		}
	]
}