{
	"credit": "Made with Blockbench",
	"parent": "minecraft:block/trapdoor_display",
	"textures": {
		"1": "block/crimson_trapdoor_side",
		"texture": "block/crimson_trapdoor",
		"particle": "block/crimson_trapdoor_side"
	},
	"elements": [
		{
			"from": [0, 0, 0],
			"to": [2, 3, 16],
			"faces": {
				"east": {"uv": [14, 16, 15, 0], "rotation": 90, "texture": "#texture"},
				"west": {"uv": [0, 3, 16, 6], "texture": "#1"},
				"up": {"uv": [16, 16, 14, 0], "texture": "#texture"},
				"down": {"uv": [16, 0, 14, 16], "texture": "#texture"}
			}
		},
		{
			"from": [14, 0, 0],
			"to": [16, 3, 16],
			"faces": {
				"east": {"uv": [0, 9, 16, 12], "texture": "#1"},
				"west": {"uv": [1, 0, 2, 16], "rotation": 90, "texture": "#texture"},
				"up": {"uv": [2, 16, 0, 0], "texture": "#texture"},
				"down": {"uv": [2, 0, 0, 16], "texture": "#texture"}
			}
		},
		{
			"from": [0, 0, 0],
			"to": [16, 3, 2],
			"faces": {
				"north": {"uv": [0, 0, 16, 3], "texture": "#1"},
				"south": {"uv": [16, 14, 0, 15], "texture": "#texture"},
				"up": {"uv": [16, 16, 0, 14], "texture": "#texture"},
				"down": {"uv": [16, 14, 0, 16], "texture": "#texture"}
			}
		},
		{
			"from": [0, 0, 14],
			"to": [16, 3, 16],
			"faces": {
				"north": {"uv": [0, 1, 16, 2], "texture": "#texture"},
				"south": {"uv": [0, 6, 16, 9], "texture": "#1"},
				"up": {"uv": [16, 2, 0, 0], "texture": "#texture"},
				"down": {"uv": [16, 0, 0, 2], "texture": "#texture"}
			}
		},
		{
			"from": [2, 0.7, 2],
			"to": [3, 2.3, 5],
			"faces": {
				"east": {"uv": [13, 11, 14, 14], "rotation": 90, "texture": "#texture"},
				"south": {"uv": [13, 13, 14, 14], "texture": "#texture"},
				"up": {"uv": [13, 14, 14, 11], "texture": "#texture"},
				"down": {"uv": [13, 11, 14, 14], "texture": "#texture"}
			}
		},
		{
			"from": [2, 0.7, 6],
			"to": [3, 2.3, 10],
			"faces": {
				"north": {"uv": [13, 9, 14, 10], "texture": "#texture"},
				"east": {"uv": [13, 6, 14, 10], "rotation": 90, "texture": "#texture"},
				"south": {"uv": [13, 9, 14, 10], "texture": "#texture"},
				"up": {"uv": [13, 10, 14, 6], "texture": "#texture"},
				"down": {"uv": [13, 6, 14, 10], "texture": "#texture"}
			}
		},
		{
			"from": [13, 0.7, 6],
			"to": [14, 2.3, 10],
			"faces": {
				"north": {"uv": [2, 6, 3, 7], "texture": "#texture"},
				"south": {"uv": [2, 9, 3, 10], "texture": "#texture"},
				"west": {"uv": [2, 6, 3, 10], "rotation": 90, "texture": "#texture"},
				"up": {"uv": [2, 10, 3, 6], "texture": "#texture"},
				"down": {"uv": [2, 6, 3, 10], "texture": "#texture"}
			}
		},
		{
			"from": [13, 0.7, 2],
			"to": [14, 2.3, 5],
			"faces": {
				"south": {"uv": [2, 11, 3, 12], "texture": "#texture"},
				"west": {"uv": [2, 11, 3, 14], "rotation": 90, "texture": "#texture"},
				"up": {"uv": [3, 14, 2, 11], "texture": "#texture"},
				"down": {"uv": [2, 11, 3, 14], "texture": "#texture"}
			}
		},
		{
			"from": [2, 0.7, 11],
			"to": [3, 2.3, 14],
			"faces": {
				"north": {"uv": [13, 4, 14, 5], "texture": "#texture"},
				"east": {"uv": [13, 2, 14, 5], "rotation": 90, "texture": "#texture"},
				"up": {"uv": [13, 5, 14, 2], "texture": "#texture"},
				"down": {"uv": [14, 2, 13, 5], "texture": "#texture"}
			}
		},
		{
			"from": [13, 0.7, 11],
			"to": [14, 2.3, 14],
			"faces": {
				"north": {"uv": [2, 4, 3, 5], "texture": "#texture"},
				"west": {"uv": [2, 2, 3, 5], "rotation": 90, "texture": "#texture"},
				"up": {"uv": [2, 5, 3, 2], "texture": "#texture"},
				"down": {"uv": [2, 2, 3, 5], "texture": "#texture"}
			}
		},
		{
			"from": [3, 0.7, 4],
			"to": [13, 2.3, 5],
			"faces": {
				"north": {"uv": [3, 11, 13, 12], "texture": "#texture"},
				"south": {"uv": [13, 11, 3, 12], "texture": "#texture"},
				"up": {"uv": [13, 11, 3, 12], "texture": "#texture"},
				"down": {"uv": [13, 11, 3, 12], "texture": "#texture"}
			}
		},
		{
			"from": [3, 0.7, 2],
			"to": [13, 2.3, 3],
			"faces": {
				"south": {"uv": [13, 13, 3, 14], "texture": "#texture"},
				"up": {"uv": [13, 13, 3, 14], "texture": "#texture"},
				"down": {"uv": [13, 13, 3, 14], "texture": "#texture"}
			}
		},
		{
			"from": [3, 0.7, 6],
			"to": [13, 2.3, 7],
			"faces": {
				"north": {"uv": [3, 9, 13, 10], "texture": "#texture"},
				"south": {"uv": [13, 9, 3, 10], "texture": "#texture"},
				"up": {"uv": [13, 9, 3, 10], "texture": "#texture"},
				"down": {"uv": [13, 9, 3, 10], "texture": "#texture"}
			}
		},
		{
			"from": [3, 0.7, 9],
			"to": [13, 2.3, 10],
			"faces": {
				"north": {"uv": [3, 6, 13, 7], "texture": "#texture"},
				"south": {"uv": [13, 6, 3, 7], "texture": "#texture"},
				"up": {"uv": [13, 6, 3, 7], "texture": "#texture"},
				"down": {"uv": [13, 6, 3, 7], "texture": "#texture"}
			}
		},
		{
			"from": [3, 0.7, 11],
			"to": [13, 2.3, 12],
			"faces": {
				"north": {"uv": [3, 4, 13, 5], "texture": "#texture"},
				"south": {"uv": [13, 4, 3, 5], "texture": "#texture"},
				"up": {"uv": [13, 4, 3, 5], "texture": "#texture"},
				"down": {"uv": [13, 4, 3, 5], "texture": "#texture"}
			}
		},
		{
			"from": [3, 0.7, 13],
			"to": [13, 2.3, 14],
			"faces": {
				"north": {"uv": [3, 2, 13, 3], "texture": "#texture"},
				"up": {"uv": [13, 2, 3, 3], "texture": "#texture"},
				"down": {"uv": [13, 13, 3, 14], "texture": "#texture"}
			}
		},
		{
			"from": [2, 1, 5],
			"to": [14, 2, 11],
			"faces": {
				"up": {"uv": [14, 11, 2, 5], "texture": "#texture"},
				"down": {"uv": [14, 5, 2, 11], "texture": "#texture"}
			}
		}
	]
}