{
	"credit": "Made with Blockbench",
	"parent": "minecraft:block/trapdoor_display",
	"textures": {
		"texture": "block/dark_oak_trapdoor"
	},
	"elements": [
		{
			"from": [0, 0, 13],
			"to": [1, 16, 16],
			"rotation": {"angle": 0, "axis": "x", "origin": [8, 0, 16]},
			"faces": {
				"north": {"uv": [0, 0, 1, 16], "rotation": 180, "texture": "#texture"},
				"east": {"uv": [0, 0, 1, 16], "texture": "#texture"},
				"south": {"uv": [0, 0, 1, 16], "texture": "#texture"},
				"west": {"uv": [0, 0, 1, 16], "rotation": 180, "texture": "#texture"}
			}
		},
		{
			"from": [15, 0, 13],
			"to": [16, 16, 16],
			"rotation": {"angle": 0, "axis": "x", "origin": [8, 0, 16]},
			"faces": {
				"north": {"uv": [15, 0, 16, 16], "rotation": 180, "texture": "#texture"},
				"east": {"uv": [15, 0, 16, 16], "texture": "#texture"},
				"south": {"uv": [15, 0, 16, 16], "texture": "#texture"},
				"west": {"uv": [15, 0, 16, 16], "rotation": 180, "texture": "#texture"}
			}
		},
		{
			"from": [0, 15, 13],
			"to": [16, 16, 16],
			"rotation": {"angle": 0, "axis": "x", "origin": [8, 0, 16]},
			"faces": {
				"north": {"uv": [0, 0, 16, 1], "rotation": 180, "texture": "#texture"},
				"south": {"uv": [0, 0, 16, 1], "texture": "#texture"},
				"up": {"uv": [16, 0, 0, 1], "rotation": 180, "texture": "#texture"},
				"down": {"uv": [0, 0, 16, 1], "texture": "#texture"}
			}
		},
		{
			"from": [0, 0, 13],
			"to": [16, 1, 16],
			"rotation": {"angle": 0, "axis": "x", "origin": [8, 0, 16]},
			"faces": {
				"north": {"uv": [0, 15, 16, 16], "rotation": 180, "texture": "#texture"},
				"south": {"uv": [0, 15, 16, 16], "texture": "#texture"},
				"up": {"uv": [16, 15, 0, 16], "rotation": 180, "texture": "#texture"},
				"down": {"uv": [0, 15, 16, 16], "texture": "#texture"}
			}
		},
		{
			"from": [7, 1, 13],
			"to": [9, 15, 16],
			"rotation": {"angle": 0, "axis": "x", "origin": [8, 0, 16]},
			"faces": {
				"north": {"uv": [7, 15, 9, 1], "rotation": 180, "texture": "#texture"},
				"east": {"uv": [8, 1, 9, 15], "texture": "#texture"},
				"south": {"uv": [7, 1, 9, 15], "texture": "#texture"},
				"west": {"uv": [7, 15, 8, 1], "rotation": 180, "texture": "#texture"}
			}
		},
		{
			"from": [1, 7, 13],
			"to": [15, 9, 16],
			"rotation": {"angle": 0, "axis": "x", "origin": [8, 0, 16]},
			"faces": {
				"north": {"uv": [1, 9, 15, 7], "rotation": 180, "texture": "#texture"},
				"south": {"uv": [1, 7, 15, 9], "texture": "#texture"},
				"up": {"uv": [15, 7, 1, 8], "rotation": 180, "texture": "#texture"},
				"down": {"uv": [1, 8, 15, 9], "texture": "#texture"}
			}
		},
		{
			"from": [1, 1, 13.7],
			"to": [15, 15, 15.3],
			"rotation": {"angle": 0, "axis": "x", "origin": [8, 0, 16]},
			"faces": {
				"north": {"uv": [1, 15, 15, 1], "rotation": 180, "texture": "#texture"},
				"south": {"uv": [1, 1, 15, 15], "texture": "#texture"}
			}
		}
	]
}