{
	"credit": "Made with Blockbench",
	"parent": "minecraft:block/trapdoor_display",
	"textures": {
		"texture": "block/dark_oak_trapdoor"
	},
	"elements": [
		{
			"from": [0, 0, 0],
			"to": [1, 3, 16],
			"faces": {
				"east": {"uv": [0, 0, 1, 16], "rotation": 90, "texture": "#texture"},
				"west": {"uv": [0, 0, 1, 16], "rotation": 90, "texture": "#texture"},
				"up": {"uv": [0, 0, 1, 16], "texture": "#texture"},
				"down": {"uv": [0, 0, 1, 16], "texture": "#texture"}
			}
		},
		{
			"from": [15, 0, 0],
			"to": [16, 3, 16],
			"faces": {
				"east": {"uv": [15, 0, 16, 16], "rotation": 90, "texture": "#texture"},
				"west": {"uv": [15, 0, 16, 16], "rotation": 90, "texture": "#texture"},
				"up": {"uv": [15, 0, 16, 16], "texture": "#texture"},
				"down": {"uv": [15, 0, 16, 16], "texture": "#texture"}
			}
		},
		{
			"from": [0, 0, 0],
			"to": [16, 3, 1],
			"faces": {
				"north": {"uv": [16, 0, 0, 1], "texture": "#texture"},
				"south": {"uv": [0, 0, 16, 1], "texture": "#texture"},
				"up": {"uv": [0, 0, 16, 1], "texture": "#texture"},
				"down": {"uv": [0, 0, 16, 1], "texture": "#texture"}
			}
		},
		{
			"from": [0, 0, 15],
			"to": [16, 3, 16],
			"faces": {
				"north": {"uv": [16, 15, 0, 16], "texture": "#texture"},
				"south": {"uv": [0, 15, 16, 16], "texture": "#texture"},
				"up": {"uv": [0, 15, 16, 16], "texture": "#texture"},
				"down": {"uv": [0, 15, 16, 16], "texture": "#texture"}
			}
		},
		{
			"from": [7, 0, 1],
			"to": [9, 3, 15],
			"faces": {
				"east": {"uv": [8, 1, 9, 15], "rotation": 90, "texture": "#texture"},
				"west": {"uv": [7, 15, 8, 1], "rotation": 90, "texture": "#texture"},
				"up": {"uv": [7, 1, 9, 15], "texture": "#texture"},
				"down": {"uv": [7, 15, 9, 1], "texture": "#texture"}
			}
		},
		{
			"from": [1, 0, 7],
			"to": [15, 3, 9],
			"faces": {
				"north": {"uv": [15, 7, 1, 8], "texture": "#texture"},
				"south": {"uv": [1, 8, 15, 9], "texture": "#texture"},
				"up": {"uv": [1, 7, 15, 9], "texture": "#texture"},
				"down": {"uv": [1, 9, 15, 7], "texture": "#texture"}
			}
		},
		{
			"from": [1, 0.7, 1],
			"to": [15, 2.3, 15],
			"faces": {
				"up": {"uv": [1, 1, 15, 15], "texture": "#texture"},
				"down": {"uv": [1, 15, 15, 1], "texture": "#texture"}
			}
		}
	]
}