{
	"credit": "Made with Blockbench",
	"parent": "minecraft:block/door_bottom",
	"textures": {
		"bottom": "block/dark_oak_door_bottom"
	},
	"elements": [
		{
			"from": [0, 0, 0],
			"to": [3, 2, 16],
			"faces": {
				"north": {"uv": [0, 14, 1, 16], "texture": "#bottom"},
				"east": {"uv": [16, 14, 0, 16], "texture": "#bottom"},
				"south": {"uv": [15, 14, 16, 16], "texture": "#bottom"},
				"west": {"uv": [0, 14, 16, 16], "texture": "#bottom"},
				"up": {"uv": [0, 14, 16, 15], "rotation": 90, "texture": "#bottom"},
				"down": {"uv": [0, 15, 16, 16], "rotation": 90, "texture": "#bottom"}
			}
		},
		{
			"from": [0, 0, 0],
			"to": [3, 16, 2],
			"faces": {
				"north": {"uv": [0, 0, 1, 16], "texture": "#bottom"},
				"east": {"uv": [2, 0, 0, 16], "texture": "#bottom"},
				"south": {"uv": [1, 0, 2, 16], "texture": "#bottom"},
				"west": {"uv": [0, 0, 2, 16], "texture": "#bottom"}
			}
		},
		{
			"from": [0, 0, 7],
			"to": [3, 16, 9],
			"faces": {
				"north": {"uv": [7, 0, 8, 16], "texture": "#bottom"},
				"east": {"uv": [9, 0, 7, 16], "texture": "#bottom"},
				"south": {"uv": [8, 0, 9, 16], "texture": "#bottom"},
				"west": {"uv": [7, 0, 9, 16], "texture": "#bottom"}
			}
		},
		{
			"from": [0, 0, 14],
			"to": [3, 16, 16],
			"faces": {
				"north": {"uv": [14, 0, 15, 16], "texture": "#bottom"},
				"east": {"uv": [16, 0, 14, 16], "texture": "#bottom"},
				"south": {"uv": [15, 0, 16, 16], "texture": "#bottom"},
				"west": {"uv": [14, 0, 16, 16], "texture": "#bottom"}
			}
		},
		{
			"from": [0, 15, 0],
			"to": [3, 16, 16],
			"faces": {
				"east": {"uv": [16, 0, 0, 1], "texture": "#bottom"},
				"west": {"uv": [0, 0, 16, 1], "texture": "#bottom"},
				"down": {"uv": [15, 16, 16, 0], "texture": "#bottom"}
			}
		},
		{
			"from": [0.7, 2, 2],
			"to": [2.3, 15, 14],
			"faces": {
				"east": {"uv": [2, 1, 14, 14], "texture": "#bottom"},
				"west": {"uv": [2, 1, 14, 14], "texture": "#bottom"}
			}
		},
		{
			"from": [-1, 15, 11],
			"to": [0, 16, 12],
			"faces": {
				"north": {"uv": [11, 0, 12, 1], "texture": "#bottom"},
				"south": {"uv": [11, 0, 12, 1], "texture": "#bottom"},
				"west": {"uv": [11, 0, 12, 1], "texture": "#bottom"},
				"down": {"uv": [11, 0, 12, 1], "texture": "#bottom"}
			}
		},
		{
			"from": [3, 15, 11],
			"to": [4, 16, 12],
			"faces": {
				"north": {"uv": [11, 0, 12, 1], "texture": "#bottom"},
				"east": {"uv": [11, 0, 12, 1], "texture": "#bottom"},
				"south": {"uv": [11, 0, 12, 1], "texture": "#bottom"},
				"down": {"uv": [11, 0, 12, 1], "texture": "#bottom"}
			}
		}
	]
}