{
	"credit": "Made with Blockbench",
	"parent": "minecraft:block/door_top",
	"textures": {
		"1": "block/door_doorknob",
		"particle": "block/door_doorknob",
		"top": "block/dark_oak_door_top"
	},
	"elements": [
		{
			"from": [0, 0, 0],
			"to": [3, 1, 16],
			"faces": {
				"north": {"uv": [0, 15, 1, 16], "texture": "#top"},
				"east": {"uv": [16, 15, 0, 16], "texture": "#top"},
				"south": {"uv": [15, 15, 16, 16], "texture": "#top"},
				"west": {"uv": [0, 15, 16, 16], "texture": "#top"},
				"up": {"uv": [0, 15, 16, 16], "rotation": 90, "texture": "#top"}
			}
		},
		{
			"from": [0, 0, 0],
			"to": [3, 16, 2],
			"faces": {
				"north": {"uv": [0, 0, 1, 16], "texture": "#top"},
				"east": {"uv": [2, 0, 0, 16], "texture": "#top"},
				"south": {"uv": [1, 0, 2, 16], "texture": "#top"},
				"west": {"uv": [0, 0, 2, 16], "texture": "#top"}
			}
		},
		{
			"from": [0, 0, 7],
			"to": [3, 16, 9],
			"faces": {
				"north": {"uv": [7, 0, 8, 16], "texture": "#top"},
				"east": {"uv": [7, 0, 9, 16], "texture": "#top"},
				"south": {"uv": [8, 0, 9, 16], "texture": "#top"},
				"west": {"uv": [7, 0, 9, 16], "texture": "#top"}
			}
		},
		{
			"from": [0, 0, 14],
			"to": [3, 16, 16],
			"faces": {
				"north": {"uv": [14, 0, 15, 16], "texture": "#top"},
				"east": {"uv": [16, 0, 14, 16], "texture": "#top"},
				"south": {"uv": [15, 0, 16, 16], "texture": "#top"},
				"west": {"uv": [14, 0, 16, 16], "texture": "#top"}
			}
		},
		{
			"from": [0, 14, 0],
			"to": [3, 16, 16],
			"faces": {
				"east": {"uv": [16, 0, 0, 2], "texture": "#top"},
				"west": {"uv": [0, 0, 16, 2], "texture": "#top"},
				"up": {"uv": [0, 0, 16, 1], "rotation": 90, "texture": "#top"},
				"down": {"uv": [16, 1, 0, 2], "rotation": 90, "texture": "#top"}
			}
		},
		{
			"from": [0.7, 1, 2],
			"to": [2.3, 14, 14],
			"faces": {
				"east": {"uv": [14, 2, 2, 15], "texture": "#top"},
				"west": {"uv": [2, 2, 14, 15], "texture": "#top"}
			}
		},
		{
			"from": [-1, 0, 11],
			"to": [4, 1, 14],
			"faces": {
				"north": {"uv": [9, 0, 10, 5], "rotation": 90, "texture": "#1"},
				"east": {"uv": [12, 4, 9, 5], "texture": "#1"},
				"south": {"uv": [11, 0, 12, 5], "rotation": 90, "texture": "#1"},
				"west": {"uv": [9, 0, 12, 1], "texture": "#1"},
				"up": {"uv": [9, 0, 12, 5], "rotation": 90, "texture": "#1"},
				"down": {"uv": [12, 0, 9, 5], "rotation": 90, "texture": "#1"}
			}
		}
	]
}