{
	"credit": "Made with Blockbench",
	"parent": "minecraft:block/template_daylight_detector",
	"textures": {
		"2": "block/daylight_detector_inverted_top",
		"3": "block/daylight_detecter_top1",
		"particle": "block/daylight_detector_inverted_top",
		"side": "block/daylight_detector_side"
	},
	"elements": [
		{
			"from": [0, 0, 0],
			"to": [1, 6, 16],
			"faces": {
				"north": {"uv": [15, 10, 16, 16], "texture": "#side"},
				"east": {"uv": [0, 10, 16, 16], "texture": "#side"},
				"south": {"uv": [0, 10, 1, 16], "texture": "#side"},
				"west": {"uv": [0, 10, 16, 16], "texture": "#side"},
				"up": {"uv": [0, 0, 1, 16], "texture": "#2"},
				"down": {"uv": [0, 0, 1, 16], "texture": "#side"}
			}
		},
		{
			"from": [15, 0, 0],
			"to": [16, 6, 16],
			"faces": {
				"north": {"uv": [0, 10, 1, 16], "texture": "#side"},
				"east": {"uv": [0, 10, 16, 16], "texture": "#side"},
				"south": {"uv": [15, 10, 16, 16], "texture": "#side"},
				"west": {"uv": [0, 10, 16, 16], "texture": "#side"},
				"up": {"uv": [15, 0, 16, 16], "texture": "#2"},
				"down": {"uv": [15, 0, 16, 16], "texture": "#side"}
			}
		},
		{
			"from": [1, 0, 15],
			"to": [15, 6, 16],
			"faces": {
				"north": {"uv": [1, 10, 15, 16], "texture": "#side"},
				"south": {"uv": [1, 10, 15, 16], "texture": "#side"},
				"up": {"uv": [1, 15, 15, 16], "texture": "#2"},
				"down": {"uv": [1, 0, 15, 1], "texture": "#side"}
			}
		},
		{
			"from": [1, 0, 0],
			"to": [15, 6, 1],
			"faces": {
				"north": {"uv": [1, 10, 15, 16], "texture": "#side"},
				"south": {"uv": [1, 10, 15, 16], "texture": "#side"},
				"up": {"uv": [1, 0, 15, 1], "texture": "#2"},
				"down": {"uv": [1, 15, 15, 16], "texture": "#side"}
			}
		},
		{
			"from": [1, 0, 10],
			"to": [15, 6, 11],
			"faces": {
				"north": {"uv": [1, 10, 15, 16], "texture": "#side"},
				"south": {"uv": [1, 10, 15, 16], "texture": "#side"},
				"up": {"uv": [1, 10, 15, 11], "texture": "#2"}
			}
		},
		{
			"from": [1, 0, 5],
			"to": [15, 6, 6],
			"faces": {
				"north": {"uv": [1, 10, 15, 16], "texture": "#side"},
				"south": {"uv": [1, 10, 15, 16], "texture": "#side"},
				"up": {"uv": [1, 5, 15, 6], "texture": "#2"}
			}
		},
		{
			"from": [5, 0, 1],
			"to": [6, 6, 15],
			"faces": {
				"east": {"uv": [1, 10, 15, 16], "texture": "#side"},
				"west": {"uv": [1, 10, 15, 16], "texture": "#side"},
				"up": {"uv": [5, 1, 6, 15], "texture": "#2"}
			}
		},
		{
			"from": [10, 0, 1],
			"to": [11, 6, 15],
			"faces": {
				"east": {"uv": [1, 10, 15, 16], "texture": "#side"},
				"west": {"uv": [1, 10, 15, 16], "texture": "#side"},
				"up": {"uv": [10, 1, 11, 15], "texture": "#2"}
			}
		},
		{
			"from": [1, 0, 1],
			"to": [15, 5, 15],
			"faces": {
				"up": {"uv": [1, 1, 15, 15], "texture": "#3"},
				"down": {"uv": [1, 1, 15, 15], "texture": "#side"}
			}
		},
		{
			"from": [2, 1, 1],
			"to": [4, 5.5, 15],
			"faces": {
				"east": {"uv": [3, 1, 3.5, 15], "rotation": 90, "texture": "#2"},
				"west": {"uv": [2, 15, 2.5, 1], "rotation": 90, "texture": "#2"},
				"up": {"uv": [2, 1, 4, 15], "texture": "#2"},
				"down": {"uv": [2, 1, 4, 15], "texture": "#missing"}
			}
		},
		{
			"from": [7, 1, 1],
			"to": [9, 5.5, 15],
			"faces": {
				"east": {"uv": [8, 1, 8.5, 15], "rotation": 90, "texture": "#2"},
				"west": {"uv": [7, 15, 7.5, 1], "rotation": 90, "texture": "#2"},
				"up": {"uv": [7, 1, 9, 15], "texture": "#2"},
				"down": {"uv": [7, 1, 9, 15], "texture": "#missing"}
			}
		},
		{
			"from": [12, 1, 1],
			"to": [14, 5.5, 15],
			"faces": {
				"east": {"uv": [13, 1, 13.5, 15], "rotation": 90, "texture": "#2"},
				"west": {"uv": [12, 15, 12.5, 1], "rotation": 90, "texture": "#2"},
				"up": {"uv": [12, 1, 14, 15], "texture": "#2"},
				"down": {"uv": [12, 1, 14, 15], "texture": "#missing"}
			}
		},
		{
			"from": [1, 0, 2],
			"to": [15, 5.5, 4],
			"faces": {
				"north": {"uv": [15, 2, 1, 3], "texture": "#2"},
				"south": {"uv": [1, 3.5, 15, 4], "texture": "#2"},
				"up": {"uv": [1, 2, 15, 4], "texture": "#2"}
			}
		},
		{
			"from": [1, 0, 7],
			"to": [15, 5.5, 9],
			"faces": {
				"north": {"uv": [15, 7, 1, 8], "texture": "#2"},
				"south": {"uv": [1, 8, 15, 9], "texture": "#2"},
				"up": {"uv": [1, 7, 15, 9], "texture": "#2"}
			}
		},
		{
			"from": [1, 0, 12],
			"to": [15, 5.5, 14],
			"faces": {
				"north": {"uv": [15, 12.5, 1, 13], "texture": "#2"},
				"south": {"uv": [1, 13.5, 15, 14], "texture": "#2"},
				"up": {"uv": [1, 12, 15, 14], "texture": "#2"}
			}
		}
	]
}