{
	"credit": "Made with Blockbench",
	"ambientocclusion": false,
	"textures": {
		"0": "block/rail1",
		"2": "block/detector_rail_on",
		"particle": "block/rail"
	},
	"elements": [
		{
			"from": [5, 8.7, 5],
			"to": [11, 9.7, 11],
			"shade": false,
			"rotation": {"angle": -45, "axis": "x", "origin": [8, 9, 8]},
			"faces": {
				"north": {"uv": [11, 5, 5, 6], "texture": "#2"},
				"east": {"uv": [10, 5, 11, 11], "rotation": 90, "texture": "#2"},
				"south": {"uv": [5, 10, 11, 11], "texture": "#2"},
				"west": {"uv": [5, 11, 6, 5], "rotation": 90, "texture": "#2"},
				"up": {"uv": [5, 5, 11, 11], "texture": "#2"},
				"down": {"uv": [5, 5, 11, 11], "texture": "#2", "cullface": "down"}
			}
		},
		{
			"from": [1, 8, 5],
			"to": [15, 8.7, 7],
			"rotation": {"angle": -45, "axis": "x", "origin": [8, 9, 8], "rescale": true},
			"faces": {
				"north": {"uv": [7, 7, 14, 7.5], "texture": "#0"},
				"east": {"uv": [1, 5, 1.7, 7], "rotation": 90, "texture": "#2"},
				"south": {"uv": [7, 6.5, 14, 7], "texture": "#0"},
				"west": {"uv": [14, 7, 14.7, 5], "rotation": 90, "texture": "#2"},
				"up": {"uv": [7, 6.5, 14, 7.5], "texture": "#0"},
				"down": {"uv": [7, 7.5, 14, 6.5], "texture": "#0", "cullface": "down"}
			}
		},
		{
			"from": [1, 8, 9],
			"to": [15, 8.7, 11],
			"rotation": {"angle": -45, "axis": "x", "origin": [8, 9, 8], "rescale": true},
			"faces": {
				"north": {"uv": [4, 1, 8, 1.7], "texture": "#2"},
				"east": {"uv": [1, 9, 1.7, 11], "rotation": 90, "texture": "#2"},
				"south": {"uv": [7, 8.95, 14, 8.5], "texture": "#0"},
				"west": {"uv": [14, 11, 14.7, 9], "rotation": 90, "texture": "#2"},
				"up": {"uv": [7, 8.5, 14, 9.5], "texture": "#0"},
				"down": {"uv": [7, 8.5, 14, 9.5], "texture": "#0", "cullface": "down"}
			}
		},
		{
			"from": [3, 8.7, 0],
			"to": [4, 9.2, 16],
			"rotation": {"angle": -45, "axis": "x", "origin": [8, 9, 8], "rescale": true},
			"faces": {
				"north": {"uv": [3, 0, 4, 0.5], "texture": "#2", "cullface": "north"},
				"east": {"uv": [3.5, 0, 4, 16], "rotation": 90, "texture": "#2"},
				"up": {"uv": [3, 0, 4, 16], "texture": "#2"},
				"down": {"uv": [3, 0, 4, 16], "texture": "#2"}
			}
		},
		{
			"from": [12, 8.7, 0],
			"to": [13, 9.2, 16],
			"rotation": {"angle": -45, "axis": "x", "origin": [8, 9, 8], "rescale": true},
			"faces": {
				"north": {"uv": [12, 0, 13, 0.5], "texture": "#2", "cullface": "north"},
				"west": {"uv": [12.5, 16, 13, 0], "rotation": 90, "texture": "#2"},
				"up": {"uv": [12, 0, 13, 16], "texture": "#2"},
				"down": {"uv": [13, 16, 12, 0], "texture": "#2"}
			}
		},
		{
			"from": [2, 8.7, 0],
			"to": [3, 9.7, 16],
			"rotation": {"angle": -45, "axis": "x", "origin": [8, 9, 8], "rescale": true},
			"faces": {
				"east": {"uv": [2, 0, 3, 16], "rotation": 90, "texture": "#2"},
				"west": {"uv": [2, 16, 3, 0], "rotation": 90, "texture": "#2"},
				"up": {"uv": [2, 0, 3, 16], "texture": "#2"},
				"down": {"uv": [2, 0, 3, 16], "texture": "#2"}
			}
		},
		{
			"from": [13, 8.7, 0],
			"to": [14, 9.7, 16],
			"rotation": {"angle": -45, "axis": "x", "origin": [8, 9, 8], "rescale": true},
			"faces": {
				"east": {"uv": [13, 0, 14, 16], "rotation": 90, "texture": "#2"},
				"west": {"uv": [13, 0, 14, 16], "rotation": 90, "texture": "#2"},
				"up": {"uv": [13, 0, 14, 16], "texture": "#2"},
				"down": {"uv": [13, 0, 14, 16], "texture": "#2"}
			}
		},
		{
			"from": [1, 8, 13],
			"to": [15, 8.7, 15],
			"rotation": {"angle": -45, "axis": "x", "origin": [8, 9, 8], "rescale": true},
			"faces": {
				"north": {"uv": [7, 5.5, 14, 5], "texture": "#0"},
				"east": {"uv": [6, 4.5, 5, 5], "texture": "#0"},
				"south": {"uv": [14, 4.5, 7, 5], "texture": "#0"},
				"west": {"uv": [5, 9.5, 6, 9], "texture": "#0"},
				"up": {"uv": [1, 13, 15, 15], "texture": "#2"},
				"down": {"uv": [14, 4.5, 7, 5.5], "texture": "#0", "cullface": "down"}
			}
		},
		{
			"from": [1, 8, 1],
			"to": [15, 8.7, 3],
			"rotation": {"angle": -45, "axis": "x", "origin": [8, 9, 8], "rescale": true},
			"faces": {
				"north": {"uv": [7, 11, 14, 11.5], "texture": "#0"},
				"east": {"uv": [6, 6.5, 5, 7], "texture": "#0"},
				"south": {"uv": [14, 11, 7, 10.5], "texture": "#0"},
				"west": {"uv": [5, 11, 6, 11.5], "texture": "#0"},
				"up": {"uv": [1, 1, 15, 3], "texture": "#2"},
				"down": {"uv": [14, 10.5, 7, 11.5], "texture": "#0", "cullface": "down"}
			}
		},
		{
			"from": [12, 16.7, 15.8],
			"to": [13, 17.2, 16.8],
			"rotation": {"angle": 0, "axis": "y", "origin": [8, 9, 8]},
			"faces": {
				"east": {"uv": [12, 0, 13, 0.5], "texture": "#2"},
				"south": {"uv": [12, 0, 13, 0.5], "texture": "#2"},
				"west": {"uv": [12, 0, 13, 0.5], "texture": "#2"},
				"up": {"uv": [12, 0, 13, 1], "rotation": 180, "texture": "#2"},
				"down": {"uv": [0, 0, 1, 1], "rotation": 180, "texture": "#missing"}
			}
		},
		{
			"from": [3, 16.7, 15.8],
			"to": [4, 17.2, 16.8],
			"rotation": {"angle": 0, "axis": "y", "origin": [8, 9, 8]},
			"faces": {
				"east": {"uv": [12, 0, 13, 0.5], "texture": "#2"},
				"south": {"uv": [12, 0, 13, 0.5], "texture": "#2"},
				"west": {"uv": [12, 0, 13, 0.5], "texture": "#2"},
				"up": {"uv": [12, 0, 13, 1], "rotation": 180, "texture": "#2"},
				"down": {"uv": [0, 0, 1, 1], "rotation": 180, "texture": "#missing"}
			}
		},
		{
			"from": [13, 0.7, -0.7],
			"to": [14, 1.7, 0.3],
			"rotation": {"angle": 0, "axis": "y", "origin": [8, 9, 8]},
			"faces": {
				"north": {"uv": [2, 15, 3, 16], "texture": "#2"},
				"east": {"uv": [2, 15, 3, 16], "texture": "#2"},
				"west": {"uv": [2, 15, 3, 16], "texture": "#2"},
				"down": {"uv": [2, 15, 3, 16], "rotation": 180, "texture": "#2"}
			}
		},
		{
			"from": [2, 0.7, -0.7],
			"to": [3, 1.7, 0.3],
			"rotation": {"angle": 0, "axis": "y", "origin": [8, 9, 8]},
			"faces": {
				"north": {"uv": [13, 15, 14, 16], "texture": "#2"},
				"east": {"uv": [13, 15, 14, 16], "texture": "#2"},
				"west": {"uv": [13, 15, 14, 16], "texture": "#2"},
				"down": {"uv": [13, 15, 14, 16], "rotation": 180, "texture": "#2"}
			}
		},
		{
			"from": [12, 0.7, -0.7],
			"to": [13, 1.2, 0.3],
			"rotation": {"angle": 0, "axis": "y", "origin": [8, 9, 8]},
			"faces": {
				"north": {"uv": [3, 15, 4, 15.5], "texture": "#2"},
				"west": {"uv": [3, 15, 4, 15.5], "texture": "#2"},
				"up": {"uv": [3, 15, 4, 16], "rotation": 180, "texture": "#2"},
				"down": {"uv": [3, 15, 4, 16], "rotation": 180, "texture": "#2"}
			}
		},
		{
			"from": [3, 0.7, -0.7],
			"to": [4, 1.2, 0.3],
			"rotation": {"angle": 0, "axis": "y", "origin": [8, 9, 8]},
			"faces": {
				"north": {"uv": [12, 15, 13, 15.5], "texture": "#2"},
				"east": {"uv": [12, 15, 13, 15.5], "texture": "#2"},
				"up": {"uv": [12, 15, 13, 16], "rotation": 180, "texture": "#2"},
				"down": {"uv": [12, 15, 13, 16], "rotation": 180, "texture": "#2"}
			}
		},
		{
			"from": [2, 16.7, 15.3],
			"to": [3, 17.7, 16.3],
			"rotation": {"angle": 0, "axis": "y", "origin": [8, 9, 8]},
			"faces": {
				"east": {"uv": [13, 0, 14, 1], "texture": "#2"},
				"south": {"uv": [13, 0, 14, 1], "texture": "#2"},
				"west": {"uv": [13, 0, 14, 1], "texture": "#2"},
				"up": {"uv": [13, 0, 14, 1], "rotation": 180, "texture": "#2"},
				"down": {"uv": [0, 0, 1, 1], "rotation": 180, "texture": "#missing"}
			}
		},
		{
			"from": [13, 16.7, 15.3],
			"to": [14, 17.7, 16.3],
			"rotation": {"angle": 0, "axis": "y", "origin": [8, 9, 8]},
			"faces": {
				"east": {"uv": [2, 0, 3, 1], "texture": "#2"},
				"south": {"uv": [2, 0, 3, 1], "texture": "#2"},
				"west": {"uv": [2, 0, 3, 1], "texture": "#2"},
				"up": {"uv": [2, 0, 3, 1], "rotation": 180, "texture": "#2"}
			}
		}
	]
}