{
	"credit": "Made with Blockbench",
	"parent": "block/block",
	"textures": {
		"particle": "block/enchanting_table_bottom",
		"bottom": "block/enchanting_table_bottom",
		"top": "block/enchanting_table_top",
		"side": "block/enchanting_table_side"
	},
	"elements": [
		{
			"from": [0, 8, 6],
			"to": [0.5, 9, 10],
			"faces": {
				"north": {"uv": [6, 7, 7, 8], "texture": "#side"},
				"east": {"uv": [6, 7, 10, 8], "texture": "#side"},
				"south": {"uv": [9, 7, 10, 8], "texture": "#side"},
				"west": {"uv": [6, 7, 10, 8], "texture": "#side", "cullface": "west"},
				"down": {"uv": [6, 7, 10, 7.5], "rotation": 90, "texture": "#side"}
			}
		},
		{
			"from": [0, 7, 7],
			"to": [0.5, 8, 9],
			"faces": {
				"north": {"uv": [7, 8, 7.5, 9], "texture": "#side"},
				"east": {"uv": [7, 8, 9, 9], "texture": "#side"},
				"south": {"uv": [8, 8, 8.5, 9], "texture": "#side"},
				"west": {"uv": [7, 8, 9, 9], "texture": "#side", "cullface": "west"},
				"down": {"uv": [7, 8, 9, 8.5], "rotation": 90, "texture": "#side"}
			}
		},
		{
			"from": [0, 10, 4],
			"to": [0.5, 11, 12],
			"faces": {
				"east": {"uv": [4, 5, 12, 6], "texture": "#side"},
				"west": {"uv": [4, 5, 12, 6], "texture": "#side", "cullface": "west"},
				"down": {"uv": [4, 5, 12, 5.5], "rotation": 90, "texture": "#side"}
			}
		},
		{
			"from": [0, 9, 5],
			"to": [0.5, 10, 11],
			"faces": {
				"north": {"uv": [5, 6, 6, 7], "texture": "#side"},
				"east": {"uv": [5, 6, 11, 7], "texture": "#side"},
				"south": {"uv": [10, 6, 11, 7], "texture": "#side"},
				"west": {"uv": [5, 6, 11, 7], "texture": "#side", "cullface": "west"},
				"down": {"uv": [5, 6, 11, 6.5], "rotation": 90, "texture": "#side"}
			}
		},
		{
			"from": [15.5, 8, 6],
			"to": [16, 9, 10],
			"faces": {
				"north": {"uv": [6, 7, 7, 8], "texture": "#side"},
				"east": {"uv": [6, 7, 10, 8], "texture": "#side", "cullface": "east"},
				"south": {"uv": [9, 7, 10, 8], "texture": "#side"},
				"west": {"uv": [6, 7, 10, 8], "texture": "#side"},
				"down": {"uv": [6, 7, 10, 7.5], "rotation": 90, "texture": "#side"}
			}
		},
		{
			"from": [15.5, 7, 7],
			"to": [16, 8, 9],
			"faces": {
				"north": {"uv": [7, 8, 7.5, 9], "texture": "#side"},
				"east": {"uv": [7, 8, 9, 9], "texture": "#side", "cullface": "east"},
				"south": {"uv": [8, 8, 8.5, 9], "texture": "#side"},
				"west": {"uv": [7, 8, 9, 9], "texture": "#side"},
				"down": {"uv": [7, 8, 9, 8.5], "rotation": 90, "texture": "#side"}
			}
		},
		{
			"from": [15.5, 10, 4],
			"to": [16, 11, 12],
			"faces": {
				"east": {"uv": [4, 5, 12, 6], "texture": "#side", "cullface": "east"},
				"west": {"uv": [4, 5, 12, 6], "texture": "#side"},
				"down": {"uv": [4, 5, 12, 5.5], "rotation": 90, "texture": "#side"}
			}
		},
		{
			"from": [15.5, 9, 5],
			"to": [16, 10, 11],
			"faces": {
				"north": {"uv": [5, 6, 6, 7], "texture": "#side"},
				"east": {"uv": [5, 6, 11, 7], "texture": "#side", "cullface": "east"},
				"south": {"uv": [10, 6, 11, 7], "texture": "#side"},
				"west": {"uv": [5, 6, 11, 7], "texture": "#side"},
				"down": {"uv": [5, 6, 11, 6.5], "rotation": 90, "texture": "#side"}
			}
		},
		{
			"from": [6, 8, 0],
			"to": [10, 9, 0.5],
			"rotation": {"angle": 0, "axis": "y", "origin": [15.75, 9, -5]},
			"faces": {
				"north": {"uv": [6, 7, 10, 8], "texture": "#side", "cullface": "north"},
				"east": {"uv": [9, 7, 10, 8], "texture": "#side"},
				"south": {"uv": [6, 7, 10, 8], "texture": "#side"},
				"west": {"uv": [6, 7, 7, 8], "texture": "#side"},
				"down": {"uv": [6, 7, 10, 7.5], "rotation": 180, "texture": "#side"}
			}
		},
		{
			"from": [7, 7, 0],
			"to": [9, 8, 0.5],
			"rotation": {"angle": 0, "axis": "y", "origin": [15.75, 9, -5]},
			"faces": {
				"north": {"uv": [7, 8, 9, 9], "texture": "#side", "cullface": "north"},
				"east": {"uv": [8, 8, 8.5, 9], "texture": "#side"},
				"south": {"uv": [7, 8, 9, 9], "texture": "#side"},
				"west": {"uv": [7, 8, 7.5, 9], "texture": "#side"},
				"down": {"uv": [7, 8, 9, 8.5], "rotation": 180, "texture": "#side"}
			}
		},
		{
			"from": [4, 10, 0],
			"to": [12, 11, 0.5],
			"rotation": {"angle": 0, "axis": "y", "origin": [15.75, 9, -5]},
			"faces": {
				"north": {"uv": [4, 5, 12, 6], "texture": "#side", "cullface": "north"},
				"south": {"uv": [4, 5, 12, 6], "texture": "#side"},
				"down": {"uv": [4, 5, 12, 5.5], "rotation": 180, "texture": "#side"}
			}
		},
		{
			"from": [5, 9, 0],
			"to": [11, 10, 0.5],
			"rotation": {"angle": 0, "axis": "y", "origin": [15.75, 9, -5]},
			"faces": {
				"north": {"uv": [5, 6, 11, 7], "texture": "#side", "cullface": "north"},
				"east": {"uv": [10, 6, 11, 7], "texture": "#side"},
				"south": {"uv": [5, 6, 11, 7], "texture": "#side"},
				"west": {"uv": [5, 6, 6, 7], "texture": "#side"},
				"down": {"uv": [5, 6, 11, 6.5], "rotation": 180, "texture": "#side"}
			}
		},
		{
			"from": [6, 8, 15.5],
			"to": [10, 9, 16],
			"rotation": {"angle": 0, "axis": "y", "origin": [15.75, 9, -5]},
			"faces": {
				"north": {"uv": [6, 7, 10, 8], "texture": "#side"},
				"east": {"uv": [9, 7, 10, 8], "texture": "#side"},
				"south": {"uv": [6, 7, 10, 8], "texture": "#side", "cullface": "south"},
				"west": {"uv": [6, 7, 7, 8], "texture": "#side"},
				"down": {"uv": [6, 7, 10, 7.5], "rotation": 180, "texture": "#side"}
			}
		},
		{
			"from": [7, 7, 15.5],
			"to": [9, 8, 16],
			"rotation": {"angle": 0, "axis": "y", "origin": [15.75, 9, -5]},
			"faces": {
				"north": {"uv": [7, 8, 9, 9], "texture": "#side"},
				"east": {"uv": [8, 8, 8.5, 9], "texture": "#side"},
				"south": {"uv": [7, 8, 9, 9], "texture": "#side", "cullface": "south"},
				"west": {"uv": [7, 8, 7.5, 9], "texture": "#side"},
				"down": {"uv": [7, 8, 9, 8.5], "rotation": 180, "texture": "#side"}
			}
		},
		{
			"from": [4, 10, 15.5],
			"to": [12, 11, 16],
			"rotation": {"angle": 0, "axis": "y", "origin": [15.75, 9, -5]},
			"faces": {
				"north": {"uv": [4, 5, 12, 6], "texture": "#side"},
				"south": {"uv": [4, 5, 12, 6], "texture": "#side", "cullface": "south"},
				"down": {"uv": [4, 5, 12, 5.5], "rotation": 180, "texture": "#side"}
			}
		},
		{
			"from": [5, 9, 15.5],
			"to": [11, 10, 16],
			"rotation": {"angle": 0, "axis": "y", "origin": [15.75, 9, -5]},
			"faces": {
				"north": {"uv": [5, 6, 11, 7], "texture": "#side"},
				"east": {"uv": [10, 6, 11, 7], "texture": "#side"},
				"south": {"uv": [5, 6, 11, 7], "texture": "#side", "cullface": "south"},
				"west": {"uv": [5, 6, 6, 7], "texture": "#side"},
				"down": {"uv": [5, 6, 11, 6.5], "rotation": 180, "texture": "#side"}
			}
		},
		{
			"from": [0, 0, 0],
			"to": [16, 0.7, 16],
			"faces": {
				"north": {"uv": [16, 0, 0, 0.7], "texture": "#bottom", "cullface": "north"},
				"east": {"uv": [15, 0, 15.7, 16], "rotation": 90, "texture": "#bottom", "cullface": "east"},
				"south": {"uv": [0, 15, 16, 15.7], "texture": "#bottom", "cullface": "south"},
				"west": {"uv": [0, 0, 0.7, 16], "rotation": 270, "texture": "#bottom", "cullface": "west"},
				"up": {"uv": [0, 0, 16, 16], "texture": "#bottom"},
				"down": {"uv": [0, 16, 16, 0], "texture": "#bottom", "cullface": "down"}
			}
		},
		{
			"from": [2, 0.7, 2],
			"to": [14, 1.4, 14],
			"faces": {
				"north": {"uv": [14, 2, 2, 2.7], "texture": "#bottom"},
				"east": {"uv": [13, 2, 13.7, 14], "rotation": 90, "texture": "#bottom"},
				"south": {"uv": [2, 13, 14, 13.7], "texture": "#bottom"},
				"west": {"uv": [2, 2, 2.7, 14], "rotation": 270, "texture": "#bottom"},
				"up": {"uv": [2, 2, 14, 14], "texture": "#bottom"}
			}
		},
		{
			"from": [3, 1.4, 3],
			"to": [13, 2.1, 13],
			"faces": {
				"north": {"uv": [13, 3, 3, 3.7], "texture": "#bottom"},
				"east": {"uv": [12, 3, 12.7, 13], "rotation": 90, "texture": "#bottom"},
				"south": {"uv": [3, 12, 13, 12.7], "texture": "#bottom"},
				"west": {"uv": [3, 3, 3.7, 13], "rotation": 270, "texture": "#bottom"},
				"up": {"uv": [3, 3, 13, 13], "texture": "#bottom"}
			}
		},
		{
			"from": [5, 2.1, 5],
			"to": [11, 2.8, 11],
			"faces": {
				"north": {"uv": [5, 5, 11, 5.7], "texture": "#bottom"},
				"east": {"uv": [10, 5, 10.7, 11], "rotation": 90, "texture": "#bottom"},
				"south": {"uv": [5, 10, 11, 10.7], "texture": "#bottom"},
				"west": {"uv": [5, 5, 5.7, 11], "rotation": 270, "texture": "#bottom"},
				"up": {"uv": [5, 5, 11, 11], "texture": "#bottom"}
			}
		},
		{
			"from": [6, 2.8, 6],
			"to": [10, 3.5, 10],
			"faces": {
				"north": {"uv": [10, 6, 6, 6.7], "texture": "#bottom"},
				"east": {"uv": [9, 6, 9.7, 10], "rotation": 90, "texture": "#bottom"},
				"south": {"uv": [6, 9, 10, 9.7], "texture": "#bottom"},
				"west": {"uv": [6, 6, 6.7, 10], "rotation": 270, "texture": "#bottom"},
				"up": {"uv": [6, 6, 10, 10], "texture": "#bottom"}
			}
		},
		{
			"from": [7, 3.5, 7],
			"to": [9, 7.2, 9],
			"faces": {
				"north": {"uv": [6, 6, 8, 9.7], "texture": "#bottom"},
				"east": {"uv": [6, 6, 8, 9.7], "texture": "#bottom"},
				"south": {"uv": [6, 6, 8, 9.7], "texture": "#bottom"},
				"west": {"uv": [6, 6, 8, 9.7], "texture": "#bottom"}
			}
		},
		{
			"from": [0, 11, 0],
			"to": [16, 12, 16],
			"faces": {
				"north": {"uv": [0, 4, 16, 5], "texture": "#side", "cullface": "north"},
				"east": {"uv": [0, 4, 16, 5], "texture": "#side", "cullface": "east"},
				"south": {"uv": [16, 4, 0, 5], "texture": "#side", "cullface": "south"},
				"west": {"uv": [0, 4, 16, 5], "texture": "#side", "cullface": "west"},
				"up": {"uv": [0, 0, 16, 16], "texture": "#top"},
				"down": {"uv": [0, 0, 16, 16], "texture": "#top"}
			}
		},
		{
			"from": [0, 9, 0],
			"to": [1, 11, 4],
			"faces": {
				"north": {"uv": [0, 5, 1, 7], "texture": "#side", "cullface": "north"},
				"east": {"uv": [4, 5, 0, 7], "texture": "#side"},
				"south": {"uv": [3, 4, 4, 7], "texture": "#side"},
				"west": {"uv": [0, 5, 4, 7], "texture": "#side", "cullface": "west"},
				"down": {"uv": [4, 6, 0, 7], "rotation": 90, "texture": "#side"}
			}
		},
		{
			"from": [0, 9, 12],
			"to": [1, 11, 16],
			"rotation": {"angle": 0, "axis": "y", "origin": [0.5, 10, 14]},
			"faces": {
				"north": {"uv": [3, 4, 4, 7], "texture": "#side"},
				"east": {"uv": [0, 5, 4, 7], "texture": "#side"},
				"south": {"uv": [0, 5, 1, 7], "texture": "#side", "cullface": "south"},
				"west": {"uv": [4, 5, 0, 7], "texture": "#side", "cullface": "west"},
				"down": {"uv": [4, 6, 0, 7], "rotation": 270, "texture": "#side"}
			}
		},
		{
			"from": [15, 9, 0],
			"to": [16, 11, 4],
			"faces": {
				"north": {"uv": [0, 5, 1, 7], "texture": "#side", "cullface": "north"},
				"east": {"uv": [4, 5, 0, 7], "texture": "#side", "cullface": "east"},
				"south": {"uv": [3, 5, 4, 7], "texture": "#side"},
				"west": {"uv": [0, 5, 4, 7], "texture": "#side"},
				"down": {"uv": [4, 6, 0, 7], "rotation": 90, "texture": "#side"}
			}
		},
		{
			"from": [15, 9, 12],
			"to": [16, 11, 16],
			"rotation": {"angle": 0, "axis": "y", "origin": [15.5, 10, 14]},
			"faces": {
				"north": {"uv": [3, 5, 4, 7], "texture": "#side"},
				"east": {"uv": [0, 5, 4, 7], "texture": "#side", "cullface": "east"},
				"south": {"uv": [0, 5, 1, 7], "texture": "#side", "cullface": "south"},
				"west": {"uv": [4, 5, 0, 7], "texture": "#side"},
				"down": {"uv": [4, 6, 0, 7], "rotation": 270, "texture": "#side"}
			}
		},
		{
			"from": [0, 8, 0],
			"to": [1, 9, 3],
			"faces": {
				"north": {"uv": [0, 7, 1, 8], "texture": "#side", "cullface": "north"},
				"east": {"uv": [3, 7, 0, 8], "texture": "#side"},
				"south": {"uv": [2, 7, 3, 8], "texture": "#side"},
				"west": {"uv": [0, 7, 3, 8], "texture": "#side", "cullface": "west"},
				"down": {"uv": [0, 7, 3, 8], "rotation": 270, "texture": "#side"}
			}
		},
		{
			"from": [0, 8, 13],
			"to": [1, 9, 16],
			"rotation": {"angle": 0, "axis": "y", "origin": [0.5, 8.5, 14.5]},
			"faces": {
				"north": {"uv": [2, 7, 3, 8], "texture": "#side"},
				"east": {"uv": [0, 7, 3, 8], "texture": "#side"},
				"south": {"uv": [0, 7, 1, 8], "texture": "#side", "cullface": "south"},
				"west": {"uv": [3, 7, 0, 8], "texture": "#side", "cullface": "west"},
				"down": {"uv": [0, 7, 3, 8], "rotation": 90, "texture": "#side"}
			}
		},
		{
			"from": [15, 8, 0],
			"to": [16, 9, 3],
			"faces": {
				"north": {"uv": [0, 7, 1, 8], "texture": "#side", "cullface": "north"},
				"east": {"uv": [3, 7, 0, 8], "texture": "#side", "cullface": "east"},
				"south": {"uv": [2, 7, 3, 8], "texture": "#side"},
				"west": {"uv": [0, 7, 3, 8], "texture": "#side"},
				"down": {"uv": [0, 7, 3, 8], "rotation": 270, "texture": "#side"}
			}
		},
		{
			"from": [15, 8, 13],
			"to": [16, 9, 16],
			"rotation": {"angle": 0, "axis": "y", "origin": [15.5, 8.5, 14.5]},
			"faces": {
				"north": {"uv": [2, 7, 3, 8], "texture": "#side"},
				"east": {"uv": [0, 7, 3, 8], "texture": "#side", "cullface": "east"},
				"south": {"uv": [0, 7, 1, 8], "texture": "#side", "cullface": "south"},
				"west": {"uv": [3, 7, 0, 8], "texture": "#side"},
				"down": {"uv": [0, 7, 3, 8], "rotation": 90, "texture": "#side"}
			}
		},
		{
			"from": [1, 8, 0],
			"to": [3, 9, 1],
			"faces": {
				"north": {"uv": [13, 7, 15, 8], "texture": "#side", "cullface": "north"},
				"east": {"uv": [13, 7, 14, 8], "texture": "#side"},
				"south": {"uv": [13, 7, 15, 8], "texture": "#side"},
				"down": {"uv": [13, 7, 15, 8], "texture": "#side"}
			}
		},
		{
			"from": [1, 8, 15],
			"to": [3, 9, 16],
			"faces": {
				"north": {"uv": [13, 7, 15, 8], "texture": "#side"},
				"east": {"uv": [13, 7, 14, 8], "texture": "#side"},
				"south": {"uv": [13, 7, 15, 8], "texture": "#side", "cullface": "south"},
				"down": {"uv": [13, 7, 15, 8], "texture": "#side"}
			}
		},
		{
			"from": [13, 8, 0],
			"to": [15, 9, 1],
			"faces": {
				"north": {"uv": [13, 7, 15, 8], "texture": "#side", "cullface": "north"},
				"south": {"uv": [13, 7, 15, 8], "texture": "#side"},
				"west": {"uv": [15, 7, 16, 8], "texture": "#side"},
				"down": {"uv": [13, 7, 15, 8], "texture": "#side"}
			}
		},
		{
			"from": [13, 8, 15],
			"to": [15, 9, 16],
			"faces": {
				"north": {"uv": [13, 7, 15, 8], "texture": "#side"},
				"south": {"uv": [13, 7, 15, 8], "texture": "#side", "cullface": "south"},
				"west": {"uv": [15, 7, 16, 8], "texture": "#side"},
				"down": {"uv": [13, 7, 15, 8], "texture": "#side"}
			}
		},
		{
			"from": [1, 9, 0],
			"to": [4, 11, 1],
			"faces": {
				"north": {"uv": [12, 5, 15, 7], "texture": "#side", "cullface": "north"},
				"east": {"uv": [12, 5, 13, 7], "texture": "#side"},
				"south": {"uv": [15, 5, 12, 7], "texture": "#side"},
				"down": {"uv": [15, 6, 12, 7], "texture": "#side"}
			}
		},
		{
			"from": [1, 9, 15],
			"to": [4, 11, 16],
			"rotation": {"angle": 0, "axis": "y", "origin": [2.5, 10, 15.5]},
			"faces": {
				"north": {"uv": [12, 5, 15, 7], "texture": "#side"},
				"east": {"uv": [12, 5, 13, 7], "texture": "#side"},
				"south": {"uv": [15, 5, 12, 7], "texture": "#side", "cullface": "south"},
				"down": {"uv": [15, 6, 12, 7], "texture": "#side"}
			}
		},
		{
			"from": [12, 9, 0],
			"to": [15, 11, 1],
			"rotation": {"angle": 0, "axis": "y", "origin": [13.5, 10, 0.5]},
			"faces": {
				"north": {"uv": [15, 5, 12, 7], "texture": "#side", "cullface": "north"},
				"south": {"uv": [12, 5, 15, 7], "texture": "#side"},
				"west": {"uv": [12, 5, 13, 7], "texture": "#side"},
				"down": {"uv": [15, 6, 12, 7], "rotation": 180, "texture": "#side"}
			}
		},
		{
			"from": [12, 9, 15],
			"to": [15, 11, 16],
			"rotation": {"angle": 0, "axis": "y", "origin": [13.5, 10, 15.5]},
			"faces": {
				"north": {"uv": [15, 5, 12, 7], "texture": "#side"},
				"south": {"uv": [12, 5, 15, 7], "texture": "#side", "cullface": "south"},
				"west": {"uv": [12, 5, 13, 7], "texture": "#side"},
				"down": {"uv": [15, 6, 12, 7], "rotation": 180, "texture": "#side"}
			}
		},
		{
			"from": [1, 10.3, 1],
			"to": [15, 11, 15],
			"faces": {
				"north": {"uv": [15, 1, 1, 1.7], "texture": "#bottom"},
				"east": {"uv": [14, 1, 14.7, 15], "rotation": 90, "texture": "#bottom"},
				"south": {"uv": [1, 14, 15, 14.7], "texture": "#bottom"},
				"west": {"uv": [1, 1, 1.7, 15], "rotation": 270, "texture": "#bottom"},
				"down": {"uv": [1, 15, 15, 1], "texture": "#bottom"}
			}
		},
		{
			"from": [2, 9.6, 2],
			"to": [14, 10.3, 14],
			"faces": {
				"north": {"uv": [14, 13, 2, 13.7], "texture": "#bottom"},
				"east": {"uv": [13, 2, 13.7, 14], "rotation": 270, "texture": "#bottom"},
				"south": {"uv": [2, 2, 14, 2.7], "texture": "#bottom"},
				"west": {"uv": [2, 2, 2.7, 14], "rotation": 90, "texture": "#bottom"},
				"down": {"uv": [2, 2, 14, 14], "texture": "#bottom"}
			}
		},
		{
			"from": [3, 8.9, 3],
			"to": [13, 9.6, 13],
			"faces": {
				"north": {"uv": [13, 12, 3, 12.7], "texture": "#bottom"},
				"east": {"uv": [12, 3, 12.7, 13], "rotation": 270, "texture": "#bottom"},
				"south": {"uv": [3, 3, 13, 3.7], "texture": "#bottom"},
				"west": {"uv": [3, 3, 3.7, 13], "rotation": 90, "texture": "#bottom"},
				"down": {"uv": [3, 3, 13, 13], "texture": "#bottom"}
			}
		},
		{
			"from": [6, 7.2, 6],
			"to": [10, 8.9, 10],
			"faces": {
				"north": {"uv": [10, 6.7, 6, 5], "texture": "#bottom"},
				"east": {"uv": [10, 5, 6, 6.7], "rotation": 180, "texture": "#bottom"},
				"south": {"uv": [6, 5, 10, 6.7], "rotation": 180, "texture": "#bottom"},
				"west": {"uv": [6, 6.7, 10, 5], "texture": "#bottom"},
				"down": {"uv": [6, 5, 10, 9], "texture": "#bottom"}
			}
		},
		{
			"from": [0, 12, 0],
			"to": [4, 13, 3],
			"faces": {
				"north": {"uv": [4, 0, 0, 1], "texture": "#top", "cullface": "north"},
				"east": {"uv": [3, 3, 0, 4], "texture": "#top"},
				"south": {"uv": [0, 0, 4, 1], "texture": "#top"},
				"west": {"uv": [0, 0, 3, 1], "texture": "#top", "cullface": "west"},
				"up": {"uv": [0, 0, 4, 3], "texture": "#top"}
			}
		},
		{
			"from": [0, 12, 13],
			"to": [4, 13, 16],
			"faces": {
				"north": {"uv": [4, 14, 0, 15], "texture": "#top"},
				"east": {"uv": [3, 13, 4, 16], "rotation": 90, "texture": "#top"},
				"south": {"uv": [0, 15, 4, 16], "texture": "#top", "cullface": "south"},
				"west": {"uv": [3, 15, 0, 16], "texture": "#top", "cullface": "west"},
				"up": {"uv": [0, 13, 4, 16], "texture": "#top"}
			}
		},
		{
			"from": [12, 12, 0],
			"to": [16, 13, 3],
			"faces": {
				"north": {"uv": [16, 0, 12, 1], "texture": "#top", "cullface": "north"},
				"east": {"uv": [13, 0, 16, 1], "texture": "#top", "cullface": "east"},
				"south": {"uv": [12, 0, 16, 1], "texture": "#top"},
				"west": {"uv": [16, 3, 13, 4], "texture": "#top"},
				"up": {"uv": [12, 0, 16, 3], "texture": "#top"}
			}
		},
		{
			"from": [12, 12, 13],
			"to": [16, 13, 16],
			"faces": {
				"north": {"uv": [16, 13, 12, 14], "texture": "#top"},
				"east": {"uv": [16, 15, 13, 16], "texture": "#top", "cullface": "east"},
				"south": {"uv": [12, 15, 16, 16], "texture": "#top", "cullface": "south"},
				"west": {"uv": [13, 12, 16, 13], "texture": "#top"},
				"up": {"uv": [12, 13, 16, 16], "texture": "#top"}
			}
		},
		{
			"from": [13, 12, 12],
			"to": [16, 13, 13],
			"faces": {
				"north": {"uv": [16, 12, 13, 13], "texture": "#top"},
				"east": {"uv": [15, 12, 16, 13], "texture": "#top", "cullface": "east"},
				"west": {"uv": [13, 12, 14, 13], "texture": "#top"},
				"up": {"uv": [13, 12, 16, 13], "texture": "#top"}
			}
		},
		{
			"from": [13, 12, 3],
			"to": [16, 13, 4],
			"faces": {
				"east": {"uv": [15, 3, 16, 4], "texture": "#top", "cullface": "east"},
				"south": {"uv": [13, 3, 16, 4], "texture": "#top"},
				"west": {"uv": [13, 3, 14, 4], "texture": "#top"},
				"up": {"uv": [13, 3, 16, 4], "texture": "#top"}
			}
		},
		{
			"from": [0, 12, 12],
			"to": [3, 13, 13],
			"faces": {
				"north": {"uv": [3, 12, 0, 13], "texture": "#top"},
				"east": {"uv": [2, 12, 3, 13], "texture": "#top"},
				"west": {"uv": [0, 12, 1, 13], "texture": "#top", "cullface": "west"},
				"up": {"uv": [0, 12, 3, 13], "texture": "#top"}
			}
		},
		{
			"from": [0, 12, 3],
			"to": [3, 13, 4],
			"faces": {
				"east": {"uv": [2, 3, 3, 4], "texture": "#top"},
				"south": {"uv": [0, 3, 3, 4], "texture": "#top"},
				"west": {"uv": [0, 3, 1, 4], "texture": "#top", "cullface": "west"},
				"up": {"uv": [0, 3, 3, 4], "texture": "#top"}
			}
		}
	],
	"groups": [
		{
			"name": "group",
			"origin": [0, 0, 0],
			"color": 0,
			"children": [0, 1, 2, 3]
		},
		{
			"name": "group",
			"origin": [0, 0, 0],
			"color": 0,
			"children": [4, 5, 6, 7]
		},
		{
			"name": "group",
			"origin": [0, 0, 0],
			"color": 0,
			"children": [8, 9, 10, 11]
		},
		{
			"name": "group",
			"origin": [0, 0, 0],
			"color": 0,
			"children": [12, 13, 14, 15]
		},
		{
			"name": "group",
			"origin": [8, 8, 8],
			"color": 0,
			"children": [16, 17, 18, 19, 20, 21, 22, 23, 24, 25, 26, 27, 28, 29, 30, 31, 32, 33, 34, 35, 36, 37, 38, 39, 40, 41, 42]
		},
		43,
		44,
		45,
		46,
		47,
		48,
		49,
		50
	]
}