{
	"credit": "Made with Blockbench",
	"parent": "minecraft:block/template_farmland",
	"textures": {
		"2": "block/farmland_moist",
		"particle": "block/farmland_moist",
		"dirt": "block/dirt"
	},
	"elements": [
		{
			"from": [0, 0, 0],
			"to": [16, 15.4, 16],
			"faces": {
				"north": {"uv": [0, 1, 16, 16], "texture": "#dirt", "cullface": "north"},
				"east": {"uv": [0, 1, 16, 16], "texture": "#dirt", "cullface": "east"},
				"south": {"uv": [0, 1, 16, 16], "texture": "#dirt", "cullface": "south"},
				"west": {"uv": [0, 1, 16, 16], "texture": "#dirt", "cullface": "west"},
				"up": {"uv": [0, 0, 16, 16], "texture": "#2"},
				"down": {"uv": [0, 0, 16, 16], "texture": "#dirt", "cullface": "down"}
			}
		},
		{
			"from": [12, 15.4, 6],
			"to": [13, 16, 7],
			"faces": {
				"north": {"uv": [12, 6, 13, 7], "texture": "#2"},
				"east": {"uv": [12, 6, 13, 7], "texture": "#2"},
				"south": {"uv": [12, 6, 13, 7], "texture": "#2"},
				"west": {"uv": [12, 6, 13, 7], "texture": "#2"},
				"up": {"uv": [12, 6, 13, 7], "texture": "#2", "cullface": "up"}
			}
		},
		{
			"from": [6, 15.4, 7],
			"to": [7, 16, 16],
			"faces": {
				"north": {"uv": [6, 7, 7, 7.6], "texture": "#2"},
				"south": {"uv": [6, 15, 7, 15.6], "texture": "#2", "cullface": "south"},
				"west": {"uv": [6, 16, 6.6, 7], "rotation": 90, "texture": "#2"},
				"up": {"uv": [6, 7, 7, 16], "texture": "#2", "cullface": "up"}
			}
		},
		{
			"from": [2, 15.4, 13],
			"to": [3, 16, 15],
			"faces": {
				"north": {"uv": [2, 13, 3, 15], "texture": "#2"},
				"east": {"uv": [2, 13, 3, 15], "texture": "#2"},
				"south": {"uv": [2, 13, 3, 15], "texture": "#2"},
				"up": {"uv": [2, 13, 3, 15], "texture": "#2", "cullface": "up"}
			}
		},
		{
			"from": [5, 15.4, 12],
			"to": [6, 16, 15],
			"faces": {
				"north": {"uv": [5, 12, 6, 15], "texture": "#2"},
				"south": {"uv": [5, 12, 6, 15], "texture": "#2"},
				"west": {"uv": [5, 12, 6, 15], "texture": "#2"},
				"up": {"uv": [5, 12, 6, 15], "texture": "#2", "cullface": "up"}
			}
		},
		{
			"from": [13, 15.4, 14],
			"to": [14, 16, 16],
			"faces": {
				"north": {"uv": [13, 14, 14, 14.6], "texture": "#2"},
				"south": {"uv": [13, 15, 14, 15.6], "texture": "#2", "cullface": "south"},
				"west": {"uv": [13, 16, 13.6, 14], "rotation": 90, "texture": "#2"},
				"up": {"uv": [13, 14, 14, 16], "texture": "#2", "cullface": "up"}
			}
		},
		{
			"from": [13, 15.4, 12],
			"to": [14, 16, 13],
			"faces": {
				"north": {"uv": [13, 12, 14, 13], "texture": "#2"},
				"south": {"uv": [13, 12, 14, 13], "texture": "#2"},
				"west": {"uv": [13, 12, 14, 13], "texture": "#2"},
				"up": {"uv": [13, 12, 14, 13], "texture": "#2", "cullface": "up"}
			}
		},
		{
			"from": [10, 15.4, 7],
			"to": [11, 16, 8],
			"faces": {
				"north": {"uv": [9, 6, 10, 7], "texture": "#2"},
				"east": {"uv": [9, 6, 10, 7], "texture": "#2"},
				"south": {"uv": [9, 6, 10, 7], "texture": "#2"},
				"west": {"uv": [9, 6, 10, 7], "texture": "#2"},
				"up": {"uv": [9, 6, 10, 7], "texture": "#2", "cullface": "up"}
			}
		},
		{
			"from": [3, 15.4, 4],
			"to": [4, 16, 5],
			"faces": {
				"north": {"uv": [3, 4, 4, 5], "texture": "#2"},
				"east": {"uv": [3, 4, 4, 5], "texture": "#2"},
				"south": {"uv": [3, 4, 4, 5], "texture": "#2"},
				"west": {"uv": [3, 4, 4, 5], "texture": "#2"},
				"up": {"uv": [3, 4, 4, 5], "texture": "#2", "cullface": "up"}
			}
		},
		{
			"from": [5, 15.4, 2],
			"to": [6, 16, 3],
			"faces": {
				"north": {"uv": [5, 2, 6, 3], "texture": "#2"},
				"south": {"uv": [5, 2, 6, 3], "texture": "#2"},
				"west": {"uv": [5, 2, 6, 3], "texture": "#2"},
				"up": {"uv": [5, 2, 6, 3], "texture": "#2", "cullface": "up"}
			}
		},
		{
			"from": [2, 15.4, 11],
			"to": [3, 16, 12],
			"faces": {
				"north": {"uv": [2, 11, 3, 12], "texture": "#2"},
				"east": {"uv": [2, 11, 3, 12], "texture": "#2"},
				"south": {"uv": [2, 11, 3, 12], "texture": "#2"},
				"up": {"uv": [2, 11, 3, 12], "texture": "#2", "cullface": "up"}
			}
		},
		{
			"from": [4, 15.4, 11],
			"to": [5, 16, 12],
			"faces": {
				"north": {"uv": [4, 11, 5, 12], "texture": "#2"},
				"east": {"uv": [4, 11, 5, 12], "texture": "#2"},
				"south": {"uv": [4, 11, 5, 12], "texture": "#2"},
				"west": {"uv": [4, 11, 5, 12], "texture": "#2"},
				"up": {"uv": [4, 11, 5, 12], "texture": "#2", "cullface": "up"}
			}
		},
		{
			"from": [5, 15.4, 6],
			"to": [6, 16, 9],
			"faces": {
				"north": {"uv": [5, 6, 6, 9], "texture": "#2"},
				"east": {"uv": [5, 6, 6, 9], "texture": "#2"},
				"south": {"uv": [5, 6, 6, 9], "texture": "#2"},
				"west": {"uv": [5, 6, 6, 9], "texture": "#2"},
				"up": {"uv": [5, 6, 6, 9], "texture": "#2", "cullface": "up"}
			}
		},
		{
			"from": [6, 15.4, 5],
			"to": [7, 16, 6],
			"faces": {
				"north": {"uv": [6, 5, 7, 6], "texture": "#2"},
				"south": {"uv": [6, 5, 7, 6], "texture": "#2"},
				"west": {"uv": [6, 5, 7, 6], "texture": "#2"},
				"up": {"uv": [6, 5, 7, 6], "texture": "#2", "cullface": "up"}
			}
		},
		{
			"from": [9, 15.4, 2],
			"to": [10, 16, 3],
			"faces": {
				"north": {"uv": [9, 2, 10, 3], "texture": "#2"},
				"east": {"uv": [9, 2, 10, 3], "texture": "#2"},
				"south": {"uv": [9, 2, 10, 3], "texture": "#2"},
				"up": {"uv": [9, 2, 10, 3], "texture": "#2", "cullface": "up"}
			}
		},
		{
			"from": [13, 15.4, 7],
			"to": [14, 16, 11],
			"faces": {
				"north": {"uv": [13, 7, 14, 11], "texture": "#2"},
				"south": {"uv": [13, 7, 14, 11], "texture": "#2"},
				"west": {"uv": [13, 7, 14, 11], "texture": "#2"},
				"up": {"uv": [13, 7, 14, 11], "texture": "#2", "cullface": "up"}
			}
		},
		{
			"from": [13, 15.4, 0],
			"to": [14, 16, 3],
			"faces": {
				"north": {"uv": [13, 0, 14, 3], "texture": "#2", "cullface": "north"},
				"south": {"uv": [13, 0, 14, 3], "texture": "#2"},
				"west": {"uv": [13, 0, 14, 3], "texture": "#2"},
				"up": {"uv": [13, 0, 14, 3], "texture": "#2", "cullface": "up"}
			}
		},
		{
			"from": [9, 15.4, 4],
			"to": [10, 16, 7],
			"faces": {
				"north": {"uv": [9, 4, 10, 4.6], "texture": "#2"},
				"east": {"uv": [9.6, 4, 9, 7], "rotation": 90, "texture": "#2"},
				"south": {"uv": [9, 6, 10, 6.6], "texture": "#2"},
				"up": {"uv": [9, 4, 10, 7], "texture": "#2", "cullface": "up"}
			}
		},
		{
			"from": [9, 15.4, 9],
			"to": [10, 16, 16],
			"faces": {
				"north": {"uv": [9, 9, 10, 9.6], "texture": "#2"},
				"east": {"uv": [9, 9, 9.6, 16], "rotation": 90, "texture": "#2"},
				"south": {"uv": [9, 15.4, 10, 16], "texture": "#2", "cullface": "south"},
				"up": {"uv": [9, 9, 10, 16], "texture": "#2", "cullface": "up"}
			}
		},
		{
			"from": [6, 15.4, 0],
			"to": [7, 16, 4],
			"faces": {
				"north": {"uv": [6, 0, 7, 4], "texture": "#2", "cullface": "north"},
				"south": {"uv": [6, 0, 7, 4], "texture": "#2"},
				"west": {"uv": [6, 0, 7, 4], "texture": "#2"},
				"up": {"uv": [6, 0, 7, 4], "texture": "#2", "cullface": "up"}
			}
		},
		{
			"from": [2, 15.4, 7],
			"to": [3, 16, 10],
			"faces": {
				"north": {"uv": [2, 7, 3, 10], "texture": "#2"},
				"east": {"uv": [2, 7, 3, 10], "texture": "#2"},
				"south": {"uv": [2, 7, 3, 10], "texture": "#2"},
				"up": {"uv": [2, 7, 3, 10], "texture": "#2", "cullface": "up"}
			}
		},
		{
			"from": [2, 15.4, 1],
			"to": [3, 16, 3],
			"faces": {
				"north": {"uv": [2, 1, 3, 3], "texture": "#2"},
				"east": {"uv": [2, 1, 3, 3], "texture": "#2"},
				"south": {"uv": [2, 1, 3, 3], "texture": "#2"},
				"up": {"uv": [2, 1, 3, 3], "texture": "#2", "cullface": "up"}
			}
		},
		{
			"from": [14, 15.4, 0],
			"to": [16, 16, 16],
			"faces": {
				"north": {"uv": [14, 0, 16, 1], "texture": "#2", "cullface": "north"},
				"east": {"uv": [15, 0, 16, 16], "rotation": 90, "texture": "#2", "cullface": "east"},
				"south": {"uv": [14, 15, 16, 16], "texture": "#2", "cullface": "south"},
				"west": {"uv": [14, 16, 15, 0], "rotation": 90, "texture": "#2"},
				"up": {"uv": [14, 0, 16, 16], "texture": "#2", "cullface": "up"}
			}
		},
		{
			"from": [7, 15.4, 0],
			"to": [9, 16, 16],
			"faces": {
				"north": {"uv": [7, 0, 9, 1], "texture": "#2", "cullface": "north"},
				"east": {"uv": [8, 0, 9, 16], "rotation": 90, "texture": "#2"},
				"south": {"uv": [7, 15, 9, 16], "texture": "#2", "cullface": "south"},
				"west": {"uv": [7, 16, 8, 0], "rotation": 90, "texture": "#2"},
				"up": {"uv": [7, 0, 9, 16], "texture": "#2", "cullface": "up"}
			}
		},
		{
			"from": [0, 15.4, 0],
			"to": [2, 16, 16],
			"faces": {
				"north": {"uv": [0, 0, 2, 1], "texture": "#2", "cullface": "north"},
				"east": {"uv": [1, 0, 2, 16], "rotation": 90, "texture": "#2"},
				"south": {"uv": [0, 15, 2, 16], "texture": "#2", "cullface": "south"},
				"west": {"uv": [0, 0, 1, 16], "rotation": 270, "texture": "#2", "cullface": "west"},
				"up": {"uv": [0, 0, 2, 16], "texture": "#2", "cullface": "up"}
			}
		},
		{
			"from": [10, 15.4, 11],
			"to": [11, 16, 15],
			"faces": {
				"north": {"uv": [10, 11, 11, 15], "texture": "#2"},
				"east": {"uv": [10, 11, 11, 15], "texture": "#2"},
				"south": {"uv": [10, 11, 11, 15], "texture": "#2"},
				"up": {"uv": [10, 11, 11, 15], "texture": "#2", "cullface": "up"}
			}
		}
	],
	"groups": [
		0,
		{
			"name": "group",
			"origin": [8, 8, 8],
			"color": 0,
			"nbt": "{}",
			"armAnimationEnabled": false,
			"children": [1, 2, 3, 4, 5, 6, 7, 8, 9, 10, 11, 12, 13, 14, 15, 16, 17, 18, 19, 20, 21, 22, 23, 24, 25]
		}
	]
}