{
	"credit": "Made with Blockbench",
	"parent": "minecraft:block/block_display",
	"textures": {
		"particle": "block/fletching_table_front",
		"north": "block/fletching_table_front",
		"east": "block/fletching_table_side",
		"up": "block/fletching_table_top",
		"down": "block/birch_planks"
	},
	"elements": [
		{
			"from": [0, 0, 0],
			"to": [16, 16, 16],
			"faces": {
				"north": {"uv": [0, 0, 16, 16], "texture": "#north"},
				"east": {"uv": [16, 0, 0, 16], "texture": "#east"},
				"south": {"uv": [16, 0, 0, 16], "texture": "#north"},
				"west": {"uv": [0, 0, 16, 16], "texture": "#east"},
				"up": {"uv": [0, 0, 16, 16], "texture": "#up"},
				"down": {"uv": [0, 0, 16, 16], "texture": "#down"}
			}
		},
		{
			"from": [0, 8, -0.99],
			"to": [16, 9, 16.99],
			"faces": {
				"north": {"uv": [0, 7, 16, 8], "texture": "#north"},
				"east": {"uv": [0, 7, 1, 8], "texture": "#north"},
				"south": {"uv": [0, 7, 16, 8], "texture": "#north"},
				"west": {"uv": [15, 7, 16, 8], "texture": "#north"},
				"up": {"uv": [0, 7, 16, 8], "texture": "#north"},
				"down": {"uv": [0, 7, 16, 8], "texture": "#north"}
			}
		},
		{
			"from": [-1, 8, 0.01],
			"to": [17, 9, 15.99],
			"faces": {
				"north": {"uv": [15, 7, 16, 8], "texture": "#east"},
				"east": {"uv": [0, 7, 16, 8], "rotation": 180, "texture": "#east"},
				"south": {"uv": [0, 7, 1, 8], "texture": "#east"},
				"west": {"uv": [0, 7, 16, 8], "texture": "#east"},
				"up": {"uv": [0, 7, 16, 8], "rotation": 90, "texture": "#east"},
				"down": {"uv": [0, 7, 16, 8], "rotation": 270, "texture": "#east"}
			}
		},
		{
			"from": [-1, 4, 3],
			"to": [17, 12, 9],
			"faces": {
				"north": {"uv": [3, 4, 4, 12], "texture": "#east"},
				"east": {"uv": [9, 4, 3, 12], "texture": "#east"},
				"south": {"uv": [8, 4, 9, 12], "texture": "#east"},
				"west": {"uv": [3, 4, 9, 12], "texture": "#east"},
				"up": {"uv": [3, 4, 9, 5], "rotation": 90, "texture": "#east"},
				"down": {"uv": [3, 11, 9, 12], "rotation": 270, "texture": "#east"}
			}
		},
		{
			"from": [-1, 5, 2],
			"to": [17, 11, 10],
			"faces": {
				"north": {"uv": [2, 5, 3, 11], "texture": "#east"},
				"east": {"uv": [10, 5, 2, 11], "texture": "#east"},
				"south": {"uv": [9, 5, 10, 11], "texture": "#east"},
				"west": {"uv": [2, 5, 10, 11], "texture": "#east"},
				"up": {"uv": [2, 5, 10, 6], "rotation": 90, "texture": "#east"},
				"down": {"uv": [2, 10, 10, 11], "rotation": 90, "texture": "#east"}
			}
		},
		{
			"from": [-1, 3, 12],
			"to": [17, 14, 13],
			"faces": {
				"north": {"uv": [12, 2, 13, 13], "texture": "#east"},
				"east": {"uv": [12, 2, 13, 13], "texture": "#east"},
				"south": {"uv": [12, 2, 13, 13], "texture": "#east"},
				"west": {"uv": [12, 2, 13, 13], "texture": "#east"},
				"up": {"uv": [12, 2, 13, 3], "texture": "#east"},
				"down": {"uv": [12, 12, 13, 13], "texture": "#east"}
			}
		},
		{
			"from": [-1, 2, 11],
			"to": [17, 5, 12],
			"faces": {
				"north": {"uv": [11, 11, 12, 14], "texture": "#east"},
				"east": {"uv": [11, 11, 12, 14], "texture": "#east"},
				"south": {"uv": [11, 11, 12, 14], "texture": "#east"},
				"west": {"uv": [11, 11, 12, 14], "texture": "#east"},
				"up": {"uv": [11, 11, 12, 12], "texture": "#east"},
				"down": {"uv": [11, 13, 12, 14], "texture": "#east"}
			}
		},
		{
			"from": [-1, 2, 13],
			"to": [17, 5, 14],
			"faces": {
				"north": {"uv": [13, 11, 14, 14], "texture": "#east"},
				"east": {"uv": [13, 11, 14, 14], "texture": "#east"},
				"south": {"uv": [13, 11, 14, 14], "texture": "#east"},
				"west": {"uv": [13, 11, 14, 14], "texture": "#east"},
				"up": {"uv": [13, 11, 14, 12], "texture": "#east"},
				"down": {"uv": [13, 13, 14, 14], "texture": "#east"}
			}
		},
		{
			"from": [-1, 11, 11],
			"to": [17, 13, 14],
			"faces": {
				"north": {"uv": [11, 3, 12, 5], "texture": "#east"},
				"east": {"uv": [14, 3, 11, 5], "texture": "#east"},
				"south": {"uv": [13, 3, 14, 5], "texture": "#east"},
				"west": {"uv": [11, 3, 14, 5], "texture": "#east"},
				"up": {"uv": [13, 3, 14, 4], "texture": "#east"},
				"down": {"uv": [11, 4, 14, 5], "rotation": 270, "texture": "#east"}
			}
		},
		{
			"from": [4, 2, -1],
			"to": [5, 13, 17],
			"faces": {
				"north": {"uv": [11, 3, 12, 14], "texture": "#north"},
				"east": {"uv": [11, 3, 12, 14], "texture": "#north"},
				"south": {"uv": [11, 3, 12, 14], "texture": "#north"},
				"west": {"uv": [11, 3, 12, 14], "texture": "#north"},
				"up": {"uv": [11, 3, 12, 4], "texture": "#north"},
				"down": {"uv": [11, 13, 12, 14], "texture": "#north"}
			}
		},
		{
			"from": [3, 3, -1],
			"to": [6, 5, 17],
			"faces": {
				"north": {"uv": [10, 11, 13, 13], "texture": "#north"},
				"east": {"uv": [10, 11, 11, 13], "texture": "#north"},
				"south": {"uv": [13, 11, 10, 13], "texture": "#north"},
				"west": {"uv": [12, 11, 13, 13], "texture": "#north"},
				"up": {"uv": [11, 11, 14, 12], "texture": "#east"},
				"down": {"uv": [10, 12, 13, 13], "texture": "#north"}
			}
		},
		{
			"from": [3, 11, -1],
			"to": [4, 14, 17],
			"faces": {
				"north": {"uv": [11, 11, 12, 14], "texture": "#east"},
				"east": {"uv": [11, 11, 12, 14], "texture": "#east"},
				"south": {"uv": [11, 11, 12, 14], "texture": "#east"},
				"west": {"uv": [11, 11, 12, 14], "texture": "#east"},
				"up": {"uv": [11, 11, 12, 12], "rotation": 270, "texture": "#east"},
				"down": {"uv": [11, 13, 12, 14], "rotation": 90, "texture": "#east"}
			}
		},
		{
			"from": [5, 11, -1],
			"to": [6, 14, 17],
			"faces": {
				"north": {"uv": [10, 2, 11, 5], "texture": "#north"},
				"east": {"uv": [10, 2, 11, 5], "texture": "#north"},
				"south": {"uv": [11, 11, 12, 14], "texture": "#east"},
				"west": {"uv": [10, 2, 11, 5], "texture": "#north"},
				"up": {"uv": [10, 2, 11, 3], "rotation": 270, "texture": "#north"},
				"down": {"uv": [10, 4, 11, 5], "rotation": 90, "texture": "#north"}
			}
		},
		{
			"from": [10, 1, -1],
			"to": [11, 14, 17],
			"faces": {
				"north": {"uv": [5, 2, 6, 15], "texture": "#north"},
				"east": {"uv": [5, 2, 6, 15], "texture": "#north"},
				"south": {"uv": [5, 2, 6, 15], "texture": "#north"},
				"west": {"uv": [5, 2, 6, 15], "texture": "#north"},
				"up": {"uv": [5, 2, 6, 3], "texture": "#north"},
				"down": {"uv": [5, 14, 6, 15], "texture": "#north"}
			}
		},
		{
			"from": [13, 4, -1],
			"to": [14, 12, 17],
			"faces": {
				"north": {"uv": [2, 4, 3, 12], "texture": "#north"},
				"east": {"uv": [2, 4, 3, 12], "texture": "#north"},
				"south": {"uv": [2, 4, 3, 12], "texture": "#north"},
				"west": {"uv": [2, 4, 3, 12], "texture": "#north"},
				"up": {"uv": [2, 4, 3, 5], "texture": "#north"},
				"down": {"uv": [2, 11, 3, 12], "texture": "#north"}
			}
		},
		{
			"from": [12, 2, -1],
			"to": [13, 5, 17],
			"faces": {
				"north": {"uv": [3, 11, 4, 14], "texture": "#north"},
				"east": {"uv": [3, 11, 4, 14], "texture": "#north"},
				"south": {"uv": [3, 11, 4, 14], "texture": "#north"},
				"west": {"uv": [3, 11, 4, 14], "texture": "#north"},
				"up": {"uv": [3, 11, 4, 12], "texture": "#north"},
				"down": {"uv": [3, 13, 4, 14], "texture": "#north"}
			}
		},
		{
			"from": [12, 10, -1],
			"to": [13, 13, 17],
			"faces": {
				"north": {"uv": [3, 3, 4, 6], "texture": "#north"},
				"east": {"uv": [3, 3, 4, 6], "texture": "#north"},
				"south": {"uv": [3, 3, 4, 6], "texture": "#north"},
				"west": {"uv": [3, 3, 4, 6], "texture": "#north"},
				"up": {"uv": [3, 3, 4, 4], "texture": "#north"},
				"down": {"uv": [3, 5, 4, 6], "texture": "#north"}
			}
		},
		{
			"from": [11, 1, -1],
			"to": [12, 3, 17],
			"faces": {
				"north": {"uv": [4, 13, 5, 15], "texture": "#north"},
				"east": {"uv": [4, 13, 5, 15], "texture": "#north"},
				"south": {"uv": [4, 13, 5, 15], "texture": "#north"},
				"up": {"uv": [4, 13, 5, 14], "texture": "#north"},
				"down": {"uv": [4, 14, 5, 15], "texture": "#north"}
			}
		},
		{
			"from": [11, 12, -1],
			"to": [12, 14, 17],
			"faces": {
				"north": {"uv": [4, 2, 5, 4], "texture": "#north"},
				"east": {"uv": [4, 2, 5, 4], "texture": "#north"},
				"south": {"uv": [4, 2, 5, 4], "texture": "#north"},
				"up": {"uv": [4, 2, 5, 3], "texture": "#north"},
				"down": {"uv": [4, 3, 5, 4], "texture": "#north"}
			}
		},
		{
			"from": [2, 16, 4],
			"to": [5, 17, 10],
			"faces": {
				"north": {"uv": [2, 4, 5, 5], "texture": "#up", "cullface": "up"},
				"east": {"uv": [4, 4, 5, 10], "rotation": 90, "texture": "#up", "cullface": "up"},
				"south": {"uv": [2, 9, 5, 10], "texture": "#up", "cullface": "up"},
				"west": {"uv": [2, 4, 3, 10], "rotation": 270, "texture": "#up", "cullface": "up"},
				"up": {"uv": [2, 4, 5, 10], "texture": "#up", "cullface": "up"}
			}
		},
		{
			"from": [3, 16, 2],
			"to": [4, 16.999, 11],
			"faces": {
				"north": {"uv": [3, 2, 4, 3], "texture": "#up", "cullface": "up"},
				"east": {"uv": [3, 2, 4, 11], "rotation": 90, "texture": "#up", "cullface": "up"},
				"south": {"uv": [3, 10, 4, 11], "texture": "#up", "cullface": "up"},
				"west": {"uv": [3, 2, 4, 11], "rotation": 270, "texture": "#up", "cullface": "up"},
				"up": {"uv": [3, 2, 4, 11], "texture": "#up", "cullface": "up"}
			}
		},
		{
			"from": [4, 16, 3],
			"to": [5, 17, 4],
			"faces": {
				"north": {"uv": [4, 3, 5, 4], "texture": "#up", "cullface": "up"},
				"east": {"uv": [4, 3, 5, 4], "texture": "#up", "cullface": "up"},
				"up": {"uv": [4, 3, 5, 4], "texture": "#up", "cullface": "up"}
			}
		},
		{
			"from": [4, 16, 11],
			"to": [5, 17, 12],
			"faces": {
				"north": {"uv": [4, 11, 5, 12], "texture": "#up", "cullface": "up"},
				"east": {"uv": [4, 11, 5, 12], "texture": "#up", "cullface": "up"},
				"south": {"uv": [4, 11, 5, 12], "texture": "#up", "cullface": "up"},
				"west": {"uv": [4, 11, 5, 12], "texture": "#up", "cullface": "up"},
				"up": {"uv": [4, 11, 5, 12], "texture": "#up", "cullface": "up"}
			}
		},
		{
			"from": [9, 16, 12],
			"to": [10, 17, 14],
			"faces": {
				"north": {"uv": [9, 12, 10, 13], "texture": "#up", "cullface": "up"},
				"east": {"uv": [9, 12, 10, 14], "rotation": 270, "texture": "#up", "cullface": "up"},
				"south": {"uv": [9, 13, 10, 14], "texture": "#up", "cullface": "up"},
				"west": {"uv": [9, 12, 10, 14], "rotation": 270, "texture": "#up", "cullface": "up"},
				"up": {"uv": [9, 12, 10, 14], "texture": "#up", "cullface": "up"}
			}
		},
		{
			"from": [10, 16, 11],
			"to": [11, 17, 13],
			"faces": {
				"north": {"uv": [10, 11, 11, 12], "texture": "#up", "cullface": "up"},
				"east": {"uv": [10, 11, 11, 13], "rotation": 90, "texture": "#up", "cullface": "up"},
				"south": {"uv": [10, 12, 11, 13], "texture": "#up", "cullface": "up"},
				"west": {"uv": [10, 11, 11, 13], "rotation": 270, "texture": "#up", "cullface": "up"},
				"up": {"uv": [10, 11, 11, 13], "texture": "#up", "cullface": "up"}
			}
		},
		{
			"from": [11, 16, 10],
			"to": [12, 17, 12],
			"faces": {
				"north": {"uv": [11, 10, 12, 11], "texture": "#up", "cullface": "up"},
				"east": {"uv": [11, 10, 12, 12], "rotation": 90, "texture": "#up", "cullface": "up"},
				"south": {"uv": [11, 11, 12, 12], "texture": "#up", "cullface": "up"},
				"west": {"uv": [11, 12, 12, 10], "rotation": 90, "texture": "#up", "cullface": "up"},
				"up": {"uv": [11, 10, 12, 12], "texture": "#up", "cullface": "up"}
			}
		},
		{
			"from": [12, 16, 9],
			"to": [13, 17, 11],
			"faces": {
				"north": {"uv": [12, 9, 13, 10], "texture": "#up", "cullface": "up"},
				"east": {"uv": [12, 9, 13, 11], "rotation": 90, "texture": "#up", "cullface": "up"},
				"south": {"uv": [12, 10, 13, 11], "texture": "#up", "cullface": "up"},
				"west": {"uv": [12, 9, 13, 11], "rotation": 270, "texture": "#up", "cullface": "up"},
				"up": {"uv": [12, 9, 13, 11], "texture": "#up", "cullface": "up"}
			}
		},
		{
			"from": [13, 16, 8],
			"to": [14, 17, 10],
			"faces": {
				"north": {"uv": [13, 8, 14, 9], "texture": "#up", "cullface": "up"},
				"east": {"uv": [13, 8, 14, 10], "rotation": 90, "texture": "#up", "cullface": "up"},
				"south": {"uv": [13, 9, 14, 10], "texture": "#up", "cullface": "up"},
				"west": {"uv": [13, 8, 14, 10], "rotation": 270, "texture": "#up", "cullface": "up"},
				"up": {"uv": [13, 8, 14, 10], "texture": "#up", "cullface": "up"}
			}
		},
		{
			"from": [14, 16, 8],
			"to": [15, 17, 9],
			"faces": {
				"north": {"uv": [14, 8, 15, 9], "texture": "#up", "cullface": "up"},
				"east": {"uv": [14, 8, 15, 9], "texture": "#up", "cullface": "up"},
				"south": {"uv": [14, 8, 15, 9], "texture": "#up", "cullface": "up"},
				"up": {"uv": [14, 8, 15, 9], "texture": "#up", "cullface": "up"}
			}
		}
	]
}