{
	"credit": "Made with Blockbench",
	"parent": "minecraft:block/orientable",
	"textures": {
		"3": "block/stone",
		"4": "block/furnace_front_on",
		"5": "block/furnace_front",
		"top": "block/furnace_top",
		"side": "block/furnace_side",
		"particle": "block/stone"
	},
	"elements": [
		{
			"from": [0, 0, 1],
			"to": [16, 1, 1],
			"faces": {
				"north": {"uv": [0, 15, 16, 16], "texture": "#4", "cullface": "north"},
				"up": {"uv": [16, 15, 0, 16], "texture": "#4"},
				"down": {"uv": [0, 15, 16, 16], "texture": "#missing", "cullface": "down"}
			}
		},
		{
			"from": [0, 6, 1],
			"to": [16, 8, 16],
			"faces": {
				"up": {"uv": [0, 0, 16, 15], "texture": "#3"},
				"down": {"uv": [0, 0, 16, 15], "texture": "#3"}
			}
		},
		{
			"from": [12, 3, 0],
			"to": [13, 5, 1],
			"faces": {
				"north": {"uv": [3, 11, 4, 13], "texture": "#4", "cullface": "north"},
				"west": {"uv": [3, 11, 4, 13], "texture": "#4"},
				"down": {"uv": [3, 12, 4, 13], "texture": "#4"}
			}
		},
		{
			"from": [4, 4, 0],
			"to": [5, 5, 1],
			"faces": {
				"north": {"uv": [11, 11, 12, 12], "texture": "#5", "cullface": "north"},
				"east": {"uv": [11, 11, 12, 12], "texture": "#5"},
				"down": {"uv": [11, 11, 12, 12], "texture": "#5"}
			}
		},
		{
			"from": [3, 3, 0],
			"to": [4, 5, 1],
			"faces": {
				"north": {"uv": [12, 11, 13, 13], "texture": "#4", "cullface": "north"},
				"east": {"uv": [12, 11, 13, 13], "texture": "#4"},
				"down": {"uv": [12, 12, 13, 13], "texture": "#4"}
			}
		},
		{
			"from": [11, 4, 0],
			"to": [12, 5, 1],
			"faces": {
				"north": {"uv": [4, 11, 5, 12], "texture": "#4", "cullface": "north"},
				"west": {"uv": [4, 11, 5, 12], "texture": "#4"},
				"down": {"uv": [4, 11, 5, 12], "texture": "#4"}
			}
		},
		{
			"from": [3, 5, 0],
			"to": [13, 6, 1],
			"faces": {
				"north": {"uv": [3, 10, 13, 11], "texture": "#4", "cullface": "north"},
				"down": {"uv": [3, 10, 13, 11], "texture": "#4"}
			}
		},
		{
			"from": [0, 0, 0],
			"to": [2, 16, 16],
			"faces": {
				"north": {"uv": [14, 0, 16, 16], "texture": "#4", "cullface": "north"},
				"east": {"uv": [0, 0, 16, 16], "texture": "#3"},
				"west": {"uv": [0, 0, 16, 16], "texture": "#side", "cullface": "west"},
				"up": {"uv": [0, 0, 2, 16], "texture": "#top", "cullface": "up"},
				"down": {"uv": [0, 16, 2, 0], "texture": "#top"}
			}
		},
		{
			"from": [14, 0, 0],
			"to": [16, 16, 16],
			"faces": {
				"north": {"uv": [0, 0, 2, 16], "texture": "#4", "cullface": "north"},
				"east": {"uv": [0, 0, 16, 16], "texture": "#side", "cullface": "east"},
				"west": {"uv": [0, 0, 16, 16], "texture": "#3"},
				"up": {"uv": [14, 0, 16, 16], "texture": "#top", "cullface": "up"},
				"down": {"uv": [14, 16, 16, 0], "texture": "#top"}
			}
		},
		{
			"from": [2, 13, 0],
			"to": [14, 16, 1],
			"faces": {
				"north": {"uv": [2, 0, 14, 3], "texture": "#4", "cullface": "north"},
				"up": {"uv": [2, 0, 14, 1], "texture": "#top", "cullface": "up"},
				"down": {"uv": [3, 2, 13, 3], "texture": "#4"}
			}
		},
		{
			"from": [11, 12, 0],
			"to": [13, 13, 1],
			"faces": {
				"north": {"uv": [3, 3, 5, 4], "texture": "#4", "cullface": "north"},
				"west": {"uv": [4, 3, 5, 4], "texture": "#4"},
				"down": {"uv": [5, 3, 3, 4], "texture": "#4"}
			}
		},
		{
			"from": [3, 12, 0],
			"to": [5, 13, 1],
			"faces": {
				"north": {"uv": [11, 3, 13, 4], "texture": "#4", "cullface": "north"},
				"east": {"uv": [11, 3, 12, 4], "texture": "#4"},
				"down": {"uv": [13, 3, 11, 4], "texture": "#4"}
			}
		},
		{
			"from": [12, 11, 0],
			"to": [13, 12, 1],
			"faces": {
				"north": {"uv": [3, 4, 4, 5], "texture": "#4", "cullface": "north"},
				"west": {"uv": [3, 4, 4, 5], "texture": "#4"},
				"down": {"uv": [3, 4, 4, 5], "texture": "#4"}
			}
		},
		{
			"from": [3, 11, 0],
			"to": [4, 12, 1],
			"faces": {
				"north": {"uv": [12, 4, 13, 5], "texture": "#4", "cullface": "north"},
				"east": {"uv": [12, 4, 13, 5], "texture": "#4"},
				"down": {"uv": [12, 4, 13, 5], "texture": "#4"}
			}
		},
		{
			"from": [0, 0, 1],
			"to": [16, 1, 16],
			"faces": {
				"up": {"uv": [0, 0, 16, 15], "texture": "#3"},
				"down": {"uv": [0, 16, 16, 1], "texture": "#top", "cullface": "down"}
			}
		},
		{
			"from": [0, 6, 0],
			"to": [16, 9, 1],
			"faces": {
				"north": {"uv": [0, 7, 16, 10], "texture": "#4", "cullface": "north"},
				"up": {"uv": [0, 7, 16, 8], "texture": "#4"}
			}
		},
		{
			"from": [0, 0, 1],
			"to": [16, 16, 16],
			"faces": {
				"north": {"uv": [0, 0, 16, 16], "texture": "#4"},
				"south": {"uv": [0, 0, 16, 16], "texture": "#side", "cullface": "south"},
				"up": {"uv": [0, 1, 16, 16], "texture": "#top", "cullface": "up"}
			}
		},
		{
			"from": [2, 1, 0],
			"to": [3, 16, 1],
			"faces": {
				"north": {"uv": [13, 0, 14, 15], "texture": "#4", "cullface": "north"},
				"east": {"uv": [13, 0, 14, 15], "texture": "#4"}
			}
		},
		{
			"from": [13, 1, 0],
			"to": [14, 16, 1],
			"faces": {
				"north": {"uv": [2, 0, 3, 15], "texture": "#4", "cullface": "north"},
				"west": {"uv": [2, 0, 3, 15], "texture": "#4"}
			}
		},
		{
			"from": [2, 0, 0],
			"to": [14, 1, 1],
			"faces": {
				"north": {"uv": [2, 15, 14, 16], "texture": "#5"},
				"east": {"uv": [0, 0, 1, 1], "texture": "#5"},
				"up": {"uv": [2, 15, 14, 16], "texture": "#5"},
				"down": {"uv": [2, 0, 14, 1], "texture": "#top"}
			}
		}
	]
}