{
	"credit": "Made with Blockbench",
	"parent": "minecraft:block/cube_all",
	"textures": {
		"particle": "block/gilded_blackstone",
		"all": "block/gilded_blackstone"
	},
	"elements": [
		{
			"from": [0, 0, 0],
			"to": [16, 16, 16],
			"faces": {
				"north": {"uv": [0, 0, 16, 16], "texture": "#all"},
				"east": {"uv": [0, 0, 16, 16], "texture": "#all"},
				"south": {"uv": [0, 0, 16, 16], "texture": "#all"},
				"west": {"uv": [0, 0, 16, 16], "texture": "#all"},
				"up": {"uv": [0, 0, 16, 16], "texture": "#all"},
				"down": {"uv": [0, 0, 16, 16], "texture": "#all"}
			}
		},
		{
			"from": [9, 8, -0.4],
			"to": [11, 9, 0],
			"rotation": {"angle": 0, "axis": "y", "origin": [8, 8, 0]},
			"faces": {
				"north": {"uv": [5, 7, 7, 8], "texture": "#all", "cullface": "north"},
				"east": {"uv": [5, 7, 5.4, 8], "texture": "#all", "cullface": "north"},
				"west": {"uv": [6, 7, 6.4, 8], "texture": "#all", "cullface": "north"},
				"up": {"uv": [7, 7, 5, 7.4], "texture": "#all", "cullface": "north"},
				"down": {"uv": [7, 7, 5, 7.4], "texture": "#all", "cullface": "north"}
			}
		},
		{
			"from": [5, 13, -0.4],
			"to": [7, 14, 0],
			"rotation": {"angle": 0, "axis": "y", "origin": [8, 8, 0]},
			"faces": {
				"north": {"uv": [9, 2, 11, 3], "texture": "#all", "cullface": "north"},
				"east": {"uv": [9, 2, 9.4, 3], "texture": "#all", "cullface": "north"},
				"west": {"uv": [10, 2, 10.4, 3], "texture": "#all", "cullface": "north"},
				"up": {"uv": [11, 2, 9, 2.4], "texture": "#all", "cullface": "north"},
				"down": {"uv": [11, 2, 9, 2.4], "texture": "#all", "cullface": "north"}
			}
		},
		{
			"from": [3, 9, -0.4],
			"to": [4, 12, 0],
			"rotation": {"angle": 0, "axis": "y", "origin": [8, 8, 0]},
			"faces": {
				"north": {"uv": [12, 4, 13, 7], "texture": "#all", "cullface": "north"},
				"east": {"uv": [12, 4, 12.4, 7], "texture": "#all", "cullface": "north"},
				"west": {"uv": [12, 4, 12.4, 7], "texture": "#all", "cullface": "north"},
				"up": {"uv": [12, 4, 13, 4.4], "texture": "#all", "cullface": "north"},
				"down": {"uv": [12, 6, 13, 6.4], "texture": "#all", "cullface": "north"}
			}
		},
		{
			"from": [0, 4, -0.4],
			"to": [1, 7, 0],
			"rotation": {"angle": 0, "axis": "y", "origin": [8, 8, 0]},
			"faces": {
				"north": {"uv": [15, 9, 16, 12], "texture": "#all", "cullface": "north"},
				"east": {"uv": [15.6, 9, 16, 12], "texture": "#all", "cullface": "north"},
				"west": {"uv": [15, 9, 15.4, 12], "texture": "#all", "cullface": "north"},
				"up": {"uv": [15, 9, 16, 9.4], "texture": "#all", "cullface": "north"},
				"down": {"uv": [15, 11, 16, 11.4], "texture": "#all", "cullface": "north"}
			}
		},
		{
			"from": [8, 1, -0.4],
			"to": [9, 3, 0],
			"rotation": {"angle": 0, "axis": "y", "origin": [8, 8, 0]},
			"faces": {
				"north": {"uv": [7, 13, 8, 15], "texture": "#all", "cullface": "north"},
				"east": {"uv": [7, 13, 7.4, 15], "texture": "#all", "cullface": "north"},
				"west": {"uv": [7, 13, 7.4, 15], "texture": "#all", "cullface": "north"},
				"up": {"uv": [7, 13, 8, 13.4], "texture": "#all", "cullface": "north"},
				"down": {"uv": [7, 14, 8, 14.4], "texture": "#all", "cullface": "north"}
			}
		},
		{
			"from": [3, 7, -0.4],
			"to": [6, 8, 0],
			"rotation": {"angle": 0, "axis": "y", "origin": [8, 8, 0]},
			"faces": {
				"north": {"uv": [10, 8, 13, 9], "texture": "#all", "cullface": "north"},
				"east": {"uv": [10, 8, 10.4, 9], "texture": "#all", "cullface": "north"},
				"west": {"uv": [12, 8, 12.4, 9], "texture": "#all", "cullface": "north"},
				"up": {"uv": [13, 8, 10, 8.4], "texture": "#all", "cullface": "north"},
				"down": {"uv": [13, 8, 10, 8.4], "texture": "#all", "cullface": "north"}
			}
		},
		{
			"from": [4, 12, -0.4],
			"to": [6, 13, 0],
			"rotation": {"angle": 0, "axis": "y", "origin": [8, 8, 0]},
			"faces": {
				"north": {"uv": [10, 3, 12, 4], "texture": "#all", "cullface": "north"},
				"east": {"uv": [10, 3, 10.4, 4], "texture": "#all", "cullface": "north"},
				"west": {"uv": [11, 3, 11.4, 4], "texture": "#all", "cullface": "north"},
				"up": {"uv": [12, 3, 10, 3.4], "texture": "#all", "cullface": "north"},
				"down": {"uv": [12, 3, 10, 3.4], "texture": "#all", "cullface": "north"}
			}
		},
		{
			"from": [14, 13, -0.4],
			"to": [15, 14, 0],
			"rotation": {"angle": 0, "axis": "y", "origin": [8, 8, 0]},
			"faces": {
				"north": {"uv": [1, 2, 2, 3], "texture": "#all", "cullface": "north"},
				"east": {"uv": [1, 2, 2, 3], "texture": "#all", "cullface": "north"},
				"west": {"uv": [1, 2, 2, 3], "texture": "#all", "cullface": "north"},
				"up": {"uv": [1, 2, 2, 3], "texture": "#all", "cullface": "north"},
				"down": {"uv": [1, 2, 2, 3], "texture": "#all", "cullface": "north"}
			}
		},
		{
			"from": [2, 2, -0.4],
			"to": [3, 3, 0],
			"rotation": {"angle": 0, "axis": "y", "origin": [8, 8, 0]},
			"faces": {
				"north": {"uv": [13, 13, 14, 14], "texture": "#all", "cullface": "north"},
				"east": {"uv": [13, 13, 14, 14], "texture": "#all", "cullface": "north"},
				"up": {"uv": [13, 13, 14, 14], "texture": "#all", "cullface": "north"},
				"down": {"uv": [13, 13, 14, 14], "texture": "#all", "cullface": "north"}
			}
		},
		{
			"from": [2, 15, -0.4],
			"to": [3, 16, 0],
			"rotation": {"angle": 0, "axis": "y", "origin": [8, 8, 0]},
			"faces": {
				"north": {"uv": [13, 0, 14, 1], "texture": "#all", "cullface": "north"},
				"east": {"uv": [13, 0, 14, 1], "texture": "#all", "cullface": "north"},
				"up": {"uv": [13, 0, 14, 1], "texture": "#all", "cullface": "north"},
				"down": {"uv": [13, 0, 14, 1], "texture": "#all", "cullface": "north"}
			}
		},
		{
			"from": [3, 0, -0.4],
			"to": [4, 1, 0],
			"rotation": {"angle": 0, "axis": "y", "origin": [8, 8, 0]},
			"faces": {
				"north": {"uv": [12, 15, 13, 16], "texture": "#all", "cullface": "north"},
				"east": {"uv": [12, 15, 13, 16], "texture": "#all", "cullface": "north"},
				"west": {"uv": [12, 15, 13, 16], "texture": "#all", "cullface": "north"},
				"up": {"uv": [12, 15, 13, 16], "texture": "#all", "cullface": "north"},
				"down": {"uv": [12, 15, 13, 16], "texture": "#all", "cullface": "down"}
			}
		},
		{
			"from": [15, 12, -0.4],
			"to": [16, 13, 0],
			"rotation": {"angle": 0, "axis": "y", "origin": [8, 8, 0]},
			"faces": {
				"north": {"uv": [0, 3, 1, 4], "texture": "#all", "cullface": "north"},
				"east": {"uv": [0, 3, 1, 4], "texture": "#all", "cullface": "north"},
				"west": {"uv": [0, 3, 1, 4], "texture": "#all", "cullface": "north"},
				"up": {"uv": [0, 3, 1, 4], "texture": "#all", "cullface": "north"},
				"down": {"uv": [0, 3, 1, 4], "texture": "#all", "cullface": "north"}
			}
		},
		{
			"from": [6, 6, -0.4],
			"to": [7, 7, 0],
			"rotation": {"angle": 0, "axis": "y", "origin": [8, 8, 0]},
			"faces": {
				"north": {"uv": [9, 9, 10, 10], "texture": "#all", "cullface": "north"},
				"east": {"uv": [9, 9, 10, 10], "texture": "#all", "cullface": "north"},
				"west": {"uv": [9, 9, 10, 10], "texture": "#all", "cullface": "north"},
				"up": {"uv": [9, 9, 10, 10], "texture": "#all", "cullface": "north"},
				"down": {"uv": [9, 9, 10, 10], "texture": "#all", "cullface": "north"}
			}
		},
		{
			"from": [0, 10, -0.4],
			"to": [1, 12, 0],
			"rotation": {"angle": 0, "axis": "y", "origin": [8, 8, 0]},
			"faces": {
				"north": {"uv": [15, 4, 16, 6], "texture": "#all", "cullface": "north"},
				"east": {"uv": [15, 4, 16, 6], "texture": "#all", "cullface": "north"},
				"west": {"uv": [15, 4, 16, 6], "texture": "#all", "cullface": "north"},
				"up": {"uv": [15, 4, 16, 4.4], "texture": "#all", "cullface": "north"},
				"down": {"uv": [15, 5, 16, 5.4], "texture": "#all", "cullface": "north"}
			}
		},
		{
			"from": [1, 2, -0.4],
			"to": [2, 4, 0],
			"rotation": {"angle": 0, "axis": "y", "origin": [8, 8, 0]},
			"faces": {
				"north": {"uv": [14, 12, 15, 14], "texture": "#all", "cullface": "north"},
				"east": {"uv": [14, 12, 14.4, 14], "texture": "#all", "cullface": "north"},
				"west": {"uv": [14, 12, 14.4, 14], "texture": "#all", "cullface": "north"},
				"up": {"uv": [14, 12, 15, 12.4], "texture": "#all", "cullface": "north"},
				"down": {"uv": [14, 13, 15, 13.4], "texture": "#all", "cullface": "north"}
			}
		},
		{
			"from": [1, 14, -0.4],
			"to": [2, 16, 0],
			"rotation": {"angle": 0, "axis": "y", "origin": [8, 8, 0]},
			"faces": {
				"north": {"uv": [14, 0, 15, 2], "texture": "#all", "cullface": "north"},
				"east": {"uv": [14, 0, 14.4, 2], "texture": "#all", "cullface": "north"},
				"west": {"uv": [14, 0, 14.4, 2], "texture": "#all", "cullface": "north"},
				"up": {"uv": [14, 0, 15, 0.4], "texture": "#all", "cullface": "north"},
				"down": {"uv": [14, 1, 15, 1.4], "texture": "#all", "cullface": "north"}
			}
		},
		{
			"from": [9, 3, -0.4],
			"to": [10, 5, 0],
			"rotation": {"angle": 0, "axis": "y", "origin": [8, 8, 0]},
			"faces": {
				"north": {"uv": [6, 11, 7, 13], "texture": "#all", "cullface": "north"},
				"east": {"uv": [6, 11, 6.4, 13], "texture": "#all", "cullface": "north"},
				"west": {"uv": [6, 11, 6.4, 13], "texture": "#all", "cullface": "north"},
				"up": {"uv": [6, 11, 7, 11.4], "texture": "#all", "cullface": "north"},
				"down": {"uv": [6, 12, 7, 12.4], "texture": "#all", "cullface": "north"}
			}
		},
		{
			"from": [8, 9, -0.4],
			"to": [9, 10, 0],
			"rotation": {"angle": 0, "axis": "y", "origin": [8, 8, 0]},
			"faces": {
				"north": {"uv": [7, 6, 8, 7], "texture": "#all", "cullface": "north"},
				"east": {"uv": [7, 6, 8, 7], "texture": "#all", "cullface": "north"},
				"west": {"uv": [7, 6, 8, 7], "texture": "#all", "cullface": "north"},
				"up": {"uv": [7, 6, 8, 7], "texture": "#all", "cullface": "north"},
				"down": {"uv": [7, 6, 8, 7], "texture": "#all", "cullface": "north"}
			}
		},
		{
			"from": [10, 5, -0.4],
			"to": [12, 6, 0],
			"rotation": {"angle": 0, "axis": "y", "origin": [8, 8, 0]},
			"faces": {
				"north": {"uv": [4, 10, 6, 11], "texture": "#all", "cullface": "north"},
				"east": {"uv": [4, 10, 4.4, 11], "texture": "#all", "cullface": "north"},
				"west": {"uv": [5, 10, 5.4, 11], "texture": "#all", "cullface": "north"},
				"up": {"uv": [6, 10, 4, 10.4], "texture": "#all", "cullface": "north"},
				"down": {"uv": [6, 10, 4, 10.4], "texture": "#all", "cullface": "north"}
			}
		},
		{
			"from": [11, 14, -0.4],
			"to": [14, 15, 0],
			"rotation": {"angle": 0, "axis": "y", "origin": [8, 8, 0]},
			"faces": {
				"north": {"uv": [2, 1, 5, 2], "texture": "#all", "cullface": "north"},
				"east": {"uv": [2, 1, 2.4, 2], "texture": "#all", "cullface": "north"},
				"west": {"uv": [4, 1, 4.4, 2], "texture": "#all", "cullface": "north"},
				"up": {"uv": [5, 1, 2, 1.4], "texture": "#all", "cullface": "north"},
				"down": {"uv": [5, 1.4, 2, 1.8], "texture": "#all", "cullface": "north"}
			}
		},
		{
			"from": [-0.4, 8, 5],
			"to": [0, 9, 7],
			"rotation": {"angle": 0, "axis": "y", "origin": [8, 8, 0]},
			"faces": {
				"north": {"uv": [5, 7, 5.4, 8], "texture": "#all", "cullface": "west"},
				"south": {"uv": [6, 7, 6.4, 8], "texture": "#all", "cullface": "west"},
				"west": {"uv": [5, 7, 7, 8], "texture": "#all", "cullface": "west"},
				"up": {"uv": [7, 7, 5, 7.4], "rotation": 270, "texture": "#all", "cullface": "west"},
				"down": {"uv": [7, 7, 5, 7.4], "rotation": 90, "texture": "#all", "cullface": "west"}
			}
		},
		{
			"from": [-0.4, 13, 9],
			"to": [0, 14, 11],
			"rotation": {"angle": 0, "axis": "y", "origin": [8, 8, 0]},
			"faces": {
				"north": {"uv": [9, 2, 9.4, 3], "texture": "#all", "cullface": "west"},
				"south": {"uv": [10, 2, 10.4, 3], "texture": "#all", "cullface": "west"},
				"west": {"uv": [9, 2, 11, 3], "texture": "#all", "cullface": "west"},
				"up": {"uv": [11, 2, 9, 2.4], "rotation": 270, "texture": "#all", "cullface": "west"},
				"down": {"uv": [11, 2, 9, 2.4], "rotation": 90, "texture": "#all", "cullface": "west"}
			}
		},
		{
			"from": [-0.4, 9, 12],
			"to": [0, 12, 13],
			"rotation": {"angle": 0, "axis": "y", "origin": [8, 8, 0]},
			"faces": {
				"north": {"uv": [12, 4, 12.4, 7], "texture": "#all", "cullface": "west"},
				"south": {"uv": [12, 4, 12.4, 7], "texture": "#all", "cullface": "west"},
				"west": {"uv": [12, 4, 13, 7], "texture": "#all", "cullface": "west"},
				"up": {"uv": [12, 4, 13, 4.4], "rotation": 270, "texture": "#all", "cullface": "west"},
				"down": {"uv": [12, 6, 13, 6.4], "rotation": 90, "texture": "#all", "cullface": "west"}
			}
		},
		{
			"from": [-0.4, 4, 15],
			"to": [0, 7, 16],
			"rotation": {"angle": 0, "axis": "y", "origin": [8, 8, 0]},
			"faces": {
				"north": {"uv": [15.6, 9, 16, 12], "texture": "#all", "cullface": "west"},
				"south": {"uv": [15, 9, 15.4, 12], "texture": "#all", "cullface": "west"},
				"west": {"uv": [15, 9, 16, 12], "texture": "#all", "cullface": "west"},
				"up": {"uv": [15, 9, 16, 9.4], "rotation": 270, "texture": "#all", "cullface": "west"},
				"down": {"uv": [15, 11, 16, 11.4], "rotation": 90, "texture": "#all", "cullface": "west"}
			}
		},
		{
			"from": [-0.4, 1, 7],
			"to": [0, 3, 8],
			"rotation": {"angle": 0, "axis": "y", "origin": [8, 8, 0]},
			"faces": {
				"north": {"uv": [7, 13, 7.4, 15], "texture": "#all", "cullface": "west"},
				"south": {"uv": [7, 13, 7.4, 15], "texture": "#all", "cullface": "west"},
				"west": {"uv": [7, 13, 8, 15], "texture": "#all", "cullface": "west"},
				"up": {"uv": [7, 13, 8, 13.4], "rotation": 270, "texture": "#all", "cullface": "west"},
				"down": {"uv": [7, 14, 8, 14.4], "rotation": 90, "texture": "#all", "cullface": "west"}
			}
		},
		{
			"from": [-0.4, 7, 10],
			"to": [0, 8, 13],
			"rotation": {"angle": 0, "axis": "y", "origin": [8, 8, 0]},
			"faces": {
				"north": {"uv": [10, 8, 10.4, 9], "texture": "#all", "cullface": "west"},
				"south": {"uv": [12, 8, 12.4, 9], "texture": "#all", "cullface": "west"},
				"west": {"uv": [10, 8, 13, 9], "texture": "#all", "cullface": "west"},
				"up": {"uv": [13, 8, 10, 8.4], "rotation": 270, "texture": "#all", "cullface": "west"},
				"down": {"uv": [13, 8, 10, 8.4], "rotation": 90, "texture": "#all", "cullface": "west"}
			}
		},
		{
			"from": [-0.4, 12, 10],
			"to": [0, 13, 12],
			"rotation": {"angle": 0, "axis": "y", "origin": [8, 8, 0]},
			"faces": {
				"north": {"uv": [10, 3, 10.4, 4], "texture": "#all", "cullface": "west"},
				"south": {"uv": [11, 3, 11.4, 4], "texture": "#all", "cullface": "west"},
				"west": {"uv": [10, 3, 12, 4], "texture": "#all", "cullface": "west"},
				"up": {"uv": [12, 3, 10, 3.4], "rotation": 270, "texture": "#all", "cullface": "west"},
				"down": {"uv": [12, 3, 10, 3.4], "rotation": 90, "texture": "#all", "cullface": "west"}
			}
		},
		{
			"from": [-0.4, 13, 1],
			"to": [0, 14, 2],
			"rotation": {"angle": 0, "axis": "y", "origin": [8, 8, 0]},
			"faces": {
				"north": {"uv": [1, 2, 2, 3], "texture": "#all", "cullface": "west"},
				"south": {"uv": [1, 2, 2, 3], "texture": "#all", "cullface": "west"},
				"west": {"uv": [1, 2, 2, 3], "texture": "#all", "cullface": "west"},
				"up": {"uv": [1, 2, 2, 3], "rotation": 270, "texture": "#all", "cullface": "west"},
				"down": {"uv": [1, 2, 2, 3], "rotation": 90, "texture": "#all", "cullface": "west"}
			}
		},
		{
			"from": [-0.4, 2, 13],
			"to": [0, 3, 14],
			"rotation": {"angle": 0, "axis": "y", "origin": [8, 8, 0]},
			"faces": {
				"north": {"uv": [13, 13, 14, 14], "texture": "#all", "cullface": "west"},
				"west": {"uv": [13, 13, 14, 14], "texture": "#all", "cullface": "west"},
				"up": {"uv": [13, 13, 14, 14], "rotation": 270, "texture": "#all", "cullface": "west"},
				"down": {"uv": [13, 13, 14, 14], "rotation": 90, "texture": "#all", "cullface": "west"}
			}
		},
		{
			"from": [-0.4, 15, 13],
			"to": [0, 16, 14],
			"rotation": {"angle": 0, "axis": "y", "origin": [8, 8, 0]},
			"faces": {
				"north": {"uv": [13, 0, 14, 1], "texture": "#all", "cullface": "west"},
				"west": {"uv": [13, 0, 14, 1], "texture": "#all", "cullface": "west"},
				"up": {"uv": [13, 0, 14, 1], "rotation": 270, "texture": "#all", "cullface": "west"},
				"down": {"uv": [13, 0, 14, 1], "rotation": 90, "texture": "#all", "cullface": "west"}
			}
		},
		{
			"from": [-0.4, 0, 12],
			"to": [0, 1, 13],
			"rotation": {"angle": 0, "axis": "y", "origin": [8, 8, 0]},
			"faces": {
				"north": {"uv": [12, 15, 13, 16], "texture": "#all", "cullface": "west"},
				"south": {"uv": [12, 15, 13, 16], "texture": "#all", "cullface": "west"},
				"west": {"uv": [12, 15, 13, 16], "texture": "#all", "cullface": "west"},
				"up": {"uv": [12, 15, 13, 16], "rotation": 270, "texture": "#all", "cullface": "west"},
				"down": {"uv": [12, 15, 13, 16], "rotation": 90, "texture": "#all", "cullface": "west"}
			}
		},
		{
			"from": [-0.4, 12, 0],
			"to": [0, 13, 1],
			"rotation": {"angle": 0, "axis": "y", "origin": [8, 8, 0]},
			"faces": {
				"north": {"uv": [0, 3, 1, 4], "texture": "#all", "cullface": "west"},
				"south": {"uv": [0, 3, 1, 4], "texture": "#all", "cullface": "west"},
				"west": {"uv": [0, 3, 1, 4], "texture": "#all", "cullface": "west"},
				"up": {"uv": [0, 3, 1, 4], "rotation": 270, "texture": "#all", "cullface": "west"},
				"down": {"uv": [0, 3, 1, 4], "rotation": 90, "texture": "#all", "cullface": "west"}
			}
		},
		{
			"from": [-0.4, 6, 9],
			"to": [0, 7, 10],
			"rotation": {"angle": 0, "axis": "y", "origin": [8, 8, 0]},
			"faces": {
				"north": {"uv": [9, 9, 10, 10], "texture": "#all", "cullface": "west"},
				"south": {"uv": [9, 9, 10, 10], "texture": "#all", "cullface": "west"},
				"west": {"uv": [9, 9, 10, 10], "texture": "#all", "cullface": "west"},
				"up": {"uv": [9, 9, 10, 10], "rotation": 270, "texture": "#all", "cullface": "west"},
				"down": {"uv": [9, 9, 10, 10], "rotation": 90, "texture": "#all", "cullface": "west"}
			}
		},
		{
			"from": [-0.4, 10, 15],
			"to": [0, 12, 16],
			"rotation": {"angle": 0, "axis": "y", "origin": [8, 8, 0]},
			"faces": {
				"north": {"uv": [15, 4, 16, 6], "texture": "#all", "cullface": "west"},
				"south": {"uv": [15, 4, 16, 6], "texture": "#all", "cullface": "west"},
				"west": {"uv": [15, 4, 16, 6], "texture": "#all", "cullface": "west"},
				"up": {"uv": [15, 4, 16, 4.4], "rotation": 270, "texture": "#all", "cullface": "west"},
				"down": {"uv": [15, 5, 16, 5.4], "rotation": 90, "texture": "#all", "cullface": "west"}
			}
		},
		{
			"from": [-0.4, 2, 14],
			"to": [0, 4, 15],
			"rotation": {"angle": 0, "axis": "y", "origin": [8, 8, 0]},
			"faces": {
				"north": {"uv": [14, 12, 14.4, 14], "texture": "#all", "cullface": "west"},
				"south": {"uv": [14, 12, 14.4, 14], "texture": "#all", "cullface": "west"},
				"west": {"uv": [14, 12, 15, 14], "texture": "#all"},
				"up": {"uv": [14, 12, 15, 12.4], "rotation": 270, "texture": "#all", "cullface": "west"},
				"down": {"uv": [14, 13, 15, 13.4], "rotation": 90, "texture": "#all", "cullface": "west"}
			}
		},
		{
			"from": [-0.4, 14, 14],
			"to": [0, 16, 15],
			"rotation": {"angle": 0, "axis": "y", "origin": [8, 8, 0]},
			"faces": {
				"north": {"uv": [14, 0, 14.4, 2], "texture": "#all", "cullface": "west"},
				"south": {"uv": [14, 0, 14.4, 2], "texture": "#all", "cullface": "west"},
				"west": {"uv": [14, 0, 15, 2], "texture": "#all"},
				"up": {"uv": [14, 0, 15, 0.4], "rotation": 270, "texture": "#all", "cullface": "west"},
				"down": {"uv": [14, 1, 15, 1.4], "rotation": 90, "texture": "#all", "cullface": "west"}
			}
		},
		{
			"from": [-0.4, 3, 6],
			"to": [0, 5, 7],
			"rotation": {"angle": 0, "axis": "y", "origin": [8, 8, 0]},
			"faces": {
				"north": {"uv": [6, 11, 6.4, 13], "texture": "#all", "cullface": "west"},
				"south": {"uv": [6, 11, 6.4, 13], "texture": "#all", "cullface": "west"},
				"west": {"uv": [6, 11, 7, 13], "texture": "#all"},
				"up": {"uv": [6, 11, 7, 11.4], "rotation": 270, "texture": "#all", "cullface": "west"},
				"down": {"uv": [6, 12, 7, 12.4], "rotation": 90, "texture": "#all", "cullface": "west"}
			}
		},
		{
			"from": [-0.4, 9, 7],
			"to": [0, 10, 8],
			"rotation": {"angle": 0, "axis": "y", "origin": [8, 8, 0]},
			"faces": {
				"north": {"uv": [7, 6, 8, 7], "texture": "#all", "cullface": "west"},
				"south": {"uv": [7, 6, 8, 7], "texture": "#all", "cullface": "west"},
				"west": {"uv": [7, 6, 8, 7], "texture": "#all", "cullface": "west"},
				"up": {"uv": [7, 6, 8, 7], "rotation": 270, "texture": "#all", "cullface": "west"},
				"down": {"uv": [7, 6, 8, 7], "rotation": 90, "texture": "#all", "cullface": "west"}
			}
		},
		{
			"from": [-0.4, 5, 4],
			"to": [0, 6, 6],
			"rotation": {"angle": 0, "axis": "y", "origin": [8, 8, 0]},
			"faces": {
				"north": {"uv": [4, 10, 4.4, 11], "texture": "#all", "cullface": "west"},
				"south": {"uv": [5, 10, 5.4, 11], "texture": "#all", "cullface": "west"},
				"west": {"uv": [4, 10, 6, 11], "texture": "#all", "cullface": "west"},
				"up": {"uv": [6, 10, 4, 10.4], "rotation": 270, "texture": "#all", "cullface": "west"},
				"down": {"uv": [6, 10, 4, 10.4], "rotation": 90, "texture": "#all", "cullface": "west"}
			}
		},
		{
			"from": [-0.4, 14, 2],
			"to": [0, 15, 5],
			"rotation": {"angle": 0, "axis": "y", "origin": [8, 8, 0]},
			"faces": {
				"north": {"uv": [2, 1, 2.4, 2], "texture": "#all", "cullface": "west"},
				"south": {"uv": [4, 1, 4.4, 2], "texture": "#all", "cullface": "west"},
				"west": {"uv": [2, 1, 5, 2], "texture": "#all", "cullface": "west"},
				"up": {"uv": [5, 1, 2, 1.4], "rotation": 270, "texture": "#all", "cullface": "west"},
				"down": {"uv": [5, 1.4, 2, 1.8], "rotation": 90, "texture": "#all", "cullface": "west"}
			}
		},
		{
			"from": [5, 8, 16],
			"to": [7, 9, 16.4],
			"rotation": {"angle": 0, "axis": "y", "origin": [8, 8, 16]},
			"faces": {
				"east": {"uv": [6, 7, 6.4, 8], "texture": "#all", "cullface": "south"},
				"south": {"uv": [5, 7, 7, 8], "texture": "#all", "cullface": "south"},
				"west": {"uv": [5, 7, 5.4, 8], "texture": "#all", "cullface": "south"},
				"up": {"uv": [7, 7, 5, 7.4], "rotation": 180, "texture": "#all", "cullface": "south"},
				"down": {"uv": [7, 7, 5, 7.4], "rotation": 180, "texture": "#all", "cullface": "south"}
			}
		},
		{
			"from": [9, 13, 16],
			"to": [11, 14, 16.4],
			"rotation": {"angle": 0, "axis": "y", "origin": [8, 8, 16]},
			"faces": {
				"east": {"uv": [10, 2, 10.4, 3], "texture": "#all", "cullface": "south"},
				"south": {"uv": [9, 2, 11, 3], "texture": "#all", "cullface": "south"},
				"west": {"uv": [9, 2, 9.4, 3], "texture": "#all", "cullface": "south"},
				"up": {"uv": [11, 2, 9, 2.4], "rotation": 180, "texture": "#all", "cullface": "south"},
				"down": {"uv": [11, 2, 9, 2.4], "rotation": 180, "texture": "#all", "cullface": "south"}
			}
		},
		{
			"from": [12, 9, 16],
			"to": [13, 12, 16.4],
			"rotation": {"angle": 0, "axis": "y", "origin": [8, 8, 16]},
			"faces": {
				"east": {"uv": [12, 4, 12.4, 7], "texture": "#all", "cullface": "south"},
				"south": {"uv": [12, 4, 13, 7], "texture": "#all", "cullface": "south"},
				"west": {"uv": [12, 4, 12.4, 7], "texture": "#all", "cullface": "south"},
				"up": {"uv": [12, 4, 13, 4.4], "rotation": 180, "texture": "#all", "cullface": "south"},
				"down": {"uv": [12, 6, 13, 6.4], "rotation": 180, "texture": "#all", "cullface": "south"}
			}
		},
		{
			"from": [15, 4, 16],
			"to": [16, 7, 16.4],
			"rotation": {"angle": 0, "axis": "y", "origin": [8, 8, 16]},
			"faces": {
				"east": {"uv": [15, 9, 15.4, 12], "texture": "#all", "cullface": "east"},
				"south": {"uv": [15, 9, 16, 12], "texture": "#all", "cullface": "south"},
				"west": {"uv": [15.6, 9, 16, 12], "texture": "#all", "cullface": "south"},
				"up": {"uv": [15, 9, 16, 9.4], "rotation": 180, "texture": "#all", "cullface": "south"},
				"down": {"uv": [15, 11, 16, 11.4], "rotation": 180, "texture": "#all", "cullface": "south"}
			}
		},
		{
			"from": [7, 1, 16],
			"to": [8, 3, 16.4],
			"rotation": {"angle": 0, "axis": "y", "origin": [8, 8, 16]},
			"faces": {
				"east": {"uv": [7, 13, 7.4, 15], "texture": "#all", "cullface": "south"},
				"south": {"uv": [7, 13, 8, 15], "texture": "#all", "cullface": "south"},
				"west": {"uv": [7, 13, 7.4, 15], "texture": "#all", "cullface": "south"},
				"up": {"uv": [7, 13, 8, 13.4], "rotation": 180, "texture": "#all", "cullface": "south"},
				"down": {"uv": [7, 14, 8, 14.4], "rotation": 180, "texture": "#all", "cullface": "south"}
			}
		},
		{
			"from": [10, 7, 16],
			"to": [13, 8, 16.4],
			"rotation": {"angle": 0, "axis": "y", "origin": [8, 8, 16]},
			"faces": {
				"east": {"uv": [12, 8, 12.4, 9], "texture": "#all", "cullface": "south"},
				"south": {"uv": [10, 8, 13, 9], "texture": "#all", "cullface": "south"},
				"west": {"uv": [10, 8, 10.4, 9], "texture": "#all", "cullface": "south"},
				"up": {"uv": [13, 8, 10, 8.4], "rotation": 180, "texture": "#all", "cullface": "south"},
				"down": {"uv": [13, 8, 10, 8.4], "rotation": 180, "texture": "#all", "cullface": "south"}
			}
		},
		{
			"from": [10, 12, 16],
			"to": [12, 13, 16.4],
			"rotation": {"angle": 0, "axis": "y", "origin": [8, 8, 16]},
			"faces": {
				"east": {"uv": [11, 3, 11.4, 4], "texture": "#all", "cullface": "south"},
				"south": {"uv": [10, 3, 12, 4], "texture": "#all", "cullface": "south"},
				"west": {"uv": [10, 3, 10.4, 4], "texture": "#all", "cullface": "south"},
				"up": {"uv": [12, 3, 10, 3.4], "rotation": 180, "texture": "#all", "cullface": "south"},
				"down": {"uv": [12, 3, 10, 3.4], "rotation": 180, "texture": "#all", "cullface": "south"}
			}
		},
		{
			"from": [1, 13, 16],
			"to": [2, 14, 16.4],
			"rotation": {"angle": 0, "axis": "y", "origin": [8, 8, 16]},
			"faces": {
				"east": {"uv": [1, 2, 2, 3], "texture": "#all", "cullface": "south"},
				"south": {"uv": [1, 2, 2, 3], "texture": "#all", "cullface": "south"},
				"west": {"uv": [1, 2, 2, 3], "texture": "#all", "cullface": "south"},
				"up": {"uv": [1, 2, 2, 3], "rotation": 180, "texture": "#all", "cullface": "south"},
				"down": {"uv": [1, 2, 2, 3], "rotation": 180, "texture": "#all", "cullface": "south"}
			}
		},
		{
			"from": [13, 2, 16],
			"to": [14, 3, 16.4],
			"rotation": {"angle": 0, "axis": "y", "origin": [8, 8, 16]},
			"faces": {
				"south": {"uv": [13, 13, 14, 14], "texture": "#all", "cullface": "south"},
				"west": {"uv": [13, 13, 14, 14], "texture": "#all", "cullface": "south"},
				"up": {"uv": [13, 13, 14, 14], "rotation": 180, "texture": "#all", "cullface": "south"},
				"down": {"uv": [13, 13, 14, 14], "rotation": 180, "texture": "#all", "cullface": "south"}
			}
		},
		{
			"from": [13, 15, 16],
			"to": [14, 16, 16.4],
			"rotation": {"angle": 0, "axis": "y", "origin": [8, 8, 16]},
			"faces": {
				"south": {"uv": [13, 0, 14, 1], "texture": "#all", "cullface": "south"},
				"west": {"uv": [13, 0, 14, 1], "texture": "#all", "cullface": "south"},
				"up": {"uv": [13, 0, 14, 1], "rotation": 180, "texture": "#all", "cullface": "south"},
				"down": {"uv": [13, 0, 14, 1], "rotation": 180, "texture": "#all", "cullface": "south"}
			}
		},
		{
			"from": [12, 0, 16],
			"to": [13, 1, 16.4],
			"rotation": {"angle": 0, "axis": "y", "origin": [8, 8, 16]},
			"faces": {
				"east": {"uv": [12, 15, 13, 16], "texture": "#all", "cullface": "south"},
				"south": {"uv": [12, 15, 13, 16], "texture": "#all", "cullface": "south"},
				"west": {"uv": [12, 15, 13, 16], "texture": "#all", "cullface": "south"},
				"up": {"uv": [12, 15, 13, 16], "rotation": 180, "texture": "#all", "cullface": "south"},
				"down": {"uv": [12, 15, 13, 16], "rotation": 180, "texture": "#all", "cullface": "south"}
			}
		},
		{
			"from": [0, 12, 16],
			"to": [1, 13, 16.4],
			"rotation": {"angle": 0, "axis": "y", "origin": [8, 8, 16]},
			"faces": {
				"east": {"uv": [0, 3, 1, 4], "texture": "#all", "cullface": "south"},
				"south": {"uv": [0, 3, 1, 4], "texture": "#all", "cullface": "south"},
				"west": {"uv": [0, 3, 1, 4], "texture": "#all", "cullface": "south"},
				"up": {"uv": [0, 3, 1, 4], "rotation": 180, "texture": "#all", "cullface": "south"},
				"down": {"uv": [0, 3, 1, 4], "rotation": 180, "texture": "#all", "cullface": "south"}
			}
		},
		{
			"from": [9, 6, 16],
			"to": [10, 7, 16.4],
			"rotation": {"angle": 0, "axis": "y", "origin": [8, 8, 16]},
			"faces": {
				"east": {"uv": [9, 9, 10, 10], "texture": "#all", "cullface": "south"},
				"south": {"uv": [9, 9, 10, 10], "texture": "#all"},
				"west": {"uv": [9, 9, 10, 10], "texture": "#all", "cullface": "south"},
				"up": {"uv": [9, 9, 10, 10], "rotation": 180, "texture": "#all", "cullface": "south"},
				"down": {"uv": [9, 9, 10, 10], "rotation": 180, "texture": "#all", "cullface": "south"}
			}
		},
		{
			"from": [15, 10, 16],
			"to": [16, 12, 16.4],
			"rotation": {"angle": 0, "axis": "y", "origin": [8, 8, 16]},
			"faces": {
				"east": {"uv": [15, 4, 16, 6], "texture": "#all", "cullface": "south"},
				"south": {"uv": [15, 4, 16, 6], "texture": "#all"},
				"west": {"uv": [15, 4, 16, 6], "texture": "#all", "cullface": "south"},
				"up": {"uv": [15, 4, 16, 4.4], "rotation": 180, "texture": "#all", "cullface": "south"},
				"down": {"uv": [15, 5, 16, 5.4], "rotation": 180, "texture": "#all", "cullface": "south"}
			}
		},
		{
			"from": [14, 2, 16],
			"to": [15, 4, 16.4],
			"rotation": {"angle": 0, "axis": "y", "origin": [8, 8, 16]},
			"faces": {
				"east": {"uv": [14, 12, 14.4, 14], "texture": "#all", "cullface": "south"},
				"south": {"uv": [14, 12, 15, 14], "texture": "#all", "cullface": "south"},
				"west": {"uv": [14, 12, 14.4, 14], "texture": "#all", "cullface": "south"},
				"up": {"uv": [14, 12, 15, 12.4], "rotation": 180, "texture": "#all", "cullface": "south"},
				"down": {"uv": [14, 13, 15, 13.4], "rotation": 180, "texture": "#all", "cullface": "south"}
			}
		},
		{
			"from": [14, 14, 16],
			"to": [15, 16, 16.4],
			"rotation": {"angle": 0, "axis": "y", "origin": [8, 8, 16]},
			"faces": {
				"east": {"uv": [14, 0, 14.4, 2], "texture": "#all", "cullface": "south"},
				"south": {"uv": [14, 0, 15, 2], "texture": "#all", "cullface": "south"},
				"west": {"uv": [14, 0, 14.4, 2], "texture": "#all", "cullface": "south"},
				"up": {"uv": [14, 0, 15, 0.4], "rotation": 180, "texture": "#all", "cullface": "south"},
				"down": {"uv": [14, 1, 15, 1.4], "rotation": 180, "texture": "#all", "cullface": "south"}
			}
		},
		{
			"from": [6, 3, 16],
			"to": [7, 5, 16.4],
			"rotation": {"angle": 0, "axis": "y", "origin": [8, 8, 16]},
			"faces": {
				"east": {"uv": [6, 11, 6.4, 13], "texture": "#all", "cullface": "south"},
				"south": {"uv": [6, 11, 7, 13], "texture": "#all", "cullface": "south"},
				"west": {"uv": [6, 11, 6.4, 13], "texture": "#all", "cullface": "south"},
				"up": {"uv": [6, 11, 7, 11.4], "rotation": 180, "texture": "#all", "cullface": "south"},
				"down": {"uv": [6, 12, 7, 12.4], "rotation": 180, "texture": "#all", "cullface": "south"}
			}
		},
		{
			"from": [7, 9, 16],
			"to": [8, 10, 16.4],
			"rotation": {"angle": 0, "axis": "y", "origin": [8, 8, 16]},
			"faces": {
				"east": {"uv": [7, 6, 8, 7], "texture": "#all", "cullface": "south"},
				"south": {"uv": [7, 6, 8, 7], "texture": "#all", "cullface": "south"},
				"west": {"uv": [7, 6, 8, 7], "texture": "#all", "cullface": "south"},
				"up": {"uv": [7, 6, 8, 7], "rotation": 180, "texture": "#all", "cullface": "south"},
				"down": {"uv": [7, 6, 8, 7], "rotation": 180, "texture": "#all", "cullface": "south"}
			}
		},
		{
			"from": [4, 5, 16],
			"to": [6, 6, 16.4],
			"rotation": {"angle": 0, "axis": "y", "origin": [8, 8, 16]},
			"faces": {
				"east": {"uv": [5, 10, 5.4, 11], "texture": "#all", "cullface": "south"},
				"south": {"uv": [4, 10, 6, 11], "texture": "#all", "cullface": "south"},
				"west": {"uv": [4, 10, 4.4, 11], "texture": "#all", "cullface": "south"},
				"up": {"uv": [6, 10, 4, 10.4], "rotation": 180, "texture": "#all", "cullface": "south"},
				"down": {"uv": [6, 10, 4, 10.4], "rotation": 180, "texture": "#all", "cullface": "south"}
			}
		},
		{
			"from": [2, 14, 16],
			"to": [5, 15, 16.4],
			"rotation": {"angle": 0, "axis": "y", "origin": [8, 8, 16]},
			"faces": {
				"east": {"uv": [4, 1, 4.4, 2], "texture": "#all", "cullface": "south"},
				"south": {"uv": [2, 1, 5, 2], "texture": "#all", "cullface": "south"},
				"west": {"uv": [2, 1, 2.4, 2], "texture": "#all", "cullface": "south"},
				"up": {"uv": [5, 1, 2, 1.4], "rotation": 180, "texture": "#all", "cullface": "south"},
				"down": {"uv": [5, 1.4, 2, 1.8], "rotation": 180, "texture": "#all", "cullface": "south"}
			}
		},
		{
			"from": [16, 8, 9],
			"to": [16.4, 9, 11],
			"rotation": {"angle": 0, "axis": "y", "origin": [8, 8, 0]},
			"faces": {
				"north": {"uv": [6, 7, 6.4, 8], "texture": "#all", "cullface": "east"},
				"east": {"uv": [5, 7, 7, 8], "texture": "#all", "cullface": "east"},
				"south": {"uv": [5, 7, 5.4, 8], "texture": "#all", "cullface": "east"},
				"up": {"uv": [7, 7, 5, 7.4], "rotation": 90, "texture": "#all", "cullface": "east"},
				"down": {"uv": [7, 7, 5, 7.4], "rotation": 270, "texture": "#all", "cullface": "east"}
			}
		},
		{
			"from": [16, 13, 5],
			"to": [16.4, 14, 7],
			"rotation": {"angle": 0, "axis": "y", "origin": [8, 8, 0]},
			"faces": {
				"north": {"uv": [10, 2, 10.4, 3], "texture": "#all", "cullface": "east"},
				"east": {"uv": [9, 2, 11, 3], "texture": "#all", "cullface": "east"},
				"south": {"uv": [9, 2, 9.4, 3], "texture": "#all", "cullface": "east"},
				"up": {"uv": [11, 2, 9, 2.4], "rotation": 90, "texture": "#all", "cullface": "east"},
				"down": {"uv": [11, 2, 9, 2.4], "rotation": 270, "texture": "#all", "cullface": "east"}
			}
		},
		{
			"from": [16, 9, 3],
			"to": [16.4, 12, 4],
			"rotation": {"angle": 0, "axis": "y", "origin": [8, 8, 0]},
			"faces": {
				"north": {"uv": [12, 4, 12.4, 7], "texture": "#all", "cullface": "east"},
				"east": {"uv": [12, 4, 13, 7], "texture": "#all", "cullface": "east"},
				"south": {"uv": [12, 4, 12.4, 7], "texture": "#all", "cullface": "east"},
				"up": {"uv": [12, 4, 13, 4.4], "rotation": 90, "texture": "#all", "cullface": "east"},
				"down": {"uv": [12, 6, 13, 6.4], "rotation": 270, "texture": "#all", "cullface": "east"}
			}
		},
		{
			"from": [16, 4, 0],
			"to": [16.4, 7, 1],
			"rotation": {"angle": 0, "axis": "y", "origin": [8, 8, 0]},
			"faces": {
				"north": {"uv": [15, 9, 15.4, 12], "texture": "#all", "cullface": "east"},
				"east": {"uv": [15, 9, 16, 12], "texture": "#all", "cullface": "east"},
				"south": {"uv": [15.6, 9, 16, 12], "texture": "#all", "cullface": "east"},
				"up": {"uv": [15, 9, 16, 9.4], "rotation": 90, "texture": "#all", "cullface": "east"},
				"down": {"uv": [15, 11, 16, 11.4], "rotation": 270, "texture": "#all", "cullface": "east"}
			}
		},
		{
			"from": [16, 1, 8],
			"to": [16.4, 3, 9],
			"rotation": {"angle": 0, "axis": "y", "origin": [8, 8, 0]},
			"faces": {
				"north": {"uv": [7, 13, 7.4, 15], "texture": "#all", "cullface": "east"},
				"east": {"uv": [7, 13, 8, 15], "texture": "#all", "cullface": "east"},
				"south": {"uv": [7, 13, 7.4, 15], "texture": "#all", "cullface": "east"},
				"up": {"uv": [7, 13, 8, 13.4], "rotation": 90, "texture": "#all", "cullface": "east"},
				"down": {"uv": [7, 14, 8, 14.4], "rotation": 270, "texture": "#all", "cullface": "east"}
			}
		},
		{
			"from": [16, 7, 3],
			"to": [16.4, 8, 6],
			"rotation": {"angle": 0, "axis": "y", "origin": [8, 8, 0]},
			"faces": {
				"north": {"uv": [12, 8, 12.4, 9], "texture": "#all", "cullface": "east"},
				"east": {"uv": [10, 8, 13, 9], "texture": "#all", "cullface": "east"},
				"south": {"uv": [10, 8, 10.4, 9], "texture": "#all", "cullface": "east"},
				"up": {"uv": [13, 8, 10, 8.4], "rotation": 90, "texture": "#all", "cullface": "east"},
				"down": {"uv": [13, 8, 10, 8.4], "rotation": 270, "texture": "#all", "cullface": "east"}
			}
		},
		{
			"from": [16, 12, 4],
			"to": [16.4, 13, 6],
			"rotation": {"angle": 0, "axis": "y", "origin": [8, 8, 0]},
			"faces": {
				"north": {"uv": [11, 3, 11.4, 4], "texture": "#all", "cullface": "east"},
				"east": {"uv": [10, 3, 12, 4], "texture": "#all", "cullface": "east"},
				"south": {"uv": [10, 3, 10.4, 4], "texture": "#all", "cullface": "east"},
				"up": {"uv": [12, 3, 10, 3.4], "rotation": 90, "texture": "#all", "cullface": "east"},
				"down": {"uv": [12, 3, 10, 3.4], "rotation": 270, "texture": "#all", "cullface": "east"}
			}
		},
		{
			"from": [16, 13, 14],
			"to": [16.4, 14, 15],
			"rotation": {"angle": 0, "axis": "y", "origin": [8, 8, 0]},
			"faces": {
				"north": {"uv": [1, 2, 2, 3], "texture": "#all", "cullface": "east"},
				"east": {"uv": [1, 2, 2, 3], "texture": "#all", "cullface": "east"},
				"south": {"uv": [1, 2, 2, 3], "texture": "#all", "cullface": "east"},
				"up": {"uv": [1, 2, 2, 3], "rotation": 90, "texture": "#all", "cullface": "east"},
				"down": {"uv": [1, 2, 2, 3], "rotation": 270, "texture": "#all", "cullface": "east"}
			}
		},
		{
			"from": [16, 2, 2],
			"to": [16.4, 3, 3],
			"rotation": {"angle": 0, "axis": "y", "origin": [8, 8, 0]},
			"faces": {
				"east": {"uv": [13, 13, 14, 14], "texture": "#all"},
				"south": {"uv": [13, 13, 14, 14], "texture": "#all", "cullface": "east"},
				"up": {"uv": [13, 13, 14, 14], "rotation": 90, "texture": "#all", "cullface": "east"},
				"down": {"uv": [13, 13, 14, 14], "rotation": 270, "texture": "#all", "cullface": "east"}
			}
		},
		{
			"from": [16, 15, 2],
			"to": [16.4, 16, 3],
			"rotation": {"angle": 0, "axis": "y", "origin": [8, 8, 0]},
			"faces": {
				"east": {"uv": [13, 0, 14, 1], "texture": "#all"},
				"south": {"uv": [13, 0, 14, 1], "texture": "#all", "cullface": "east"},
				"up": {"uv": [13, 0, 14, 1], "rotation": 90, "texture": "#all", "cullface": "east"},
				"down": {"uv": [13, 0, 14, 1], "rotation": 270, "texture": "#all", "cullface": "east"}
			}
		},
		{
			"from": [16, 0, 3],
			"to": [16.4, 1, 4],
			"rotation": {"angle": 0, "axis": "y", "origin": [8, 8, 0]},
			"faces": {
				"north": {"uv": [12, 15, 13, 16], "texture": "#all", "cullface": "east"},
				"east": {"uv": [12, 15, 13, 16], "texture": "#all"},
				"south": {"uv": [12, 15, 13, 16], "texture": "#all", "cullface": "east"},
				"up": {"uv": [12, 15, 13, 16], "rotation": 90, "texture": "#all", "cullface": "east"},
				"down": {"uv": [12, 15, 13, 16], "rotation": 270, "texture": "#all", "cullface": "east"}
			}
		},
		{
			"from": [16, 12, 15],
			"to": [16.4, 13, 16],
			"rotation": {"angle": 0, "axis": "y", "origin": [8, 8, 0]},
			"faces": {
				"north": {"uv": [0, 3, 1, 4], "texture": "#all", "cullface": "east"},
				"east": {"uv": [0, 3, 1, 4], "texture": "#all", "cullface": "east"},
				"south": {"uv": [0, 3, 1, 4], "texture": "#all", "cullface": "east"},
				"up": {"uv": [0, 3, 1, 4], "rotation": 90, "texture": "#all", "cullface": "east"},
				"down": {"uv": [0, 3, 1, 4], "rotation": 270, "texture": "#all", "cullface": "east"}
			}
		},
		{
			"from": [16, 6, 6],
			"to": [16.4, 7, 7],
			"rotation": {"angle": 0, "axis": "y", "origin": [8, 8, 0]},
			"faces": {
				"north": {"uv": [9, 9, 10, 10], "texture": "#all", "cullface": "east"},
				"east": {"uv": [9, 9, 10, 10], "texture": "#all", "cullface": "east"},
				"south": {"uv": [9, 9, 10, 10], "texture": "#all", "cullface": "east"},
				"up": {"uv": [9, 9, 10, 10], "rotation": 90, "texture": "#all", "cullface": "east"},
				"down": {"uv": [9, 9, 10, 10], "rotation": 270, "texture": "#all", "cullface": "east"}
			}
		},
		{
			"from": [16, 10, 0],
			"to": [16.4, 12, 1],
			"rotation": {"angle": 0, "axis": "y", "origin": [8, 8, 0]},
			"faces": {
				"north": {"uv": [15, 4, 16, 6], "texture": "#all", "cullface": "east"},
				"east": {"uv": [15, 4, 16, 6], "texture": "#all", "cullface": "east"},
				"south": {"uv": [15, 4, 16, 6], "texture": "#all", "cullface": "east"},
				"up": {"uv": [15, 4, 16, 4.4], "rotation": 90, "texture": "#all", "cullface": "east"},
				"down": {"uv": [15, 5, 16, 5.4], "rotation": 270, "texture": "#all", "cullface": "east"}
			}
		},
		{
			"from": [16, 2, 1],
			"to": [16.4, 4, 2],
			"rotation": {"angle": 0, "axis": "y", "origin": [8, 8, 0]},
			"faces": {
				"north": {"uv": [14, 12, 14.4, 14], "texture": "#all", "cullface": "east"},
				"east": {"uv": [14, 12, 15, 14], "texture": "#all", "cullface": "east"},
				"south": {"uv": [14, 12, 14.4, 14], "texture": "#all", "cullface": "east"},
				"up": {"uv": [14, 12, 15, 12.4], "rotation": 90, "texture": "#all", "cullface": "east"},
				"down": {"uv": [14, 13, 15, 13.4], "rotation": 270, "texture": "#all", "cullface": "east"}
			}
		},
		{
			"from": [16, 14, 1],
			"to": [16.4, 16, 2],
			"rotation": {"angle": 0, "axis": "y", "origin": [8, 8, 0]},
			"faces": {
				"north": {"uv": [14, 0, 14.4, 2], "texture": "#all", "cullface": "east"},
				"east": {"uv": [14, 0, 15, 2], "texture": "#all", "cullface": "east"},
				"south": {"uv": [14, 0, 14.4, 2], "texture": "#all", "cullface": "east"},
				"up": {"uv": [14, 0, 15, 0.4], "rotation": 90, "texture": "#all", "cullface": "east"},
				"down": {"uv": [14, 1, 15, 1.4], "rotation": 270, "texture": "#all", "cullface": "east"}
			}
		},
		{
			"from": [16, 3, 9],
			"to": [16.4, 5, 10],
			"rotation": {"angle": 0, "axis": "y", "origin": [8, 8, 0]},
			"faces": {
				"north": {"uv": [6, 11, 6.4, 13], "texture": "#all", "cullface": "east"},
				"east": {"uv": [6, 11, 7, 13], "texture": "#all", "cullface": "east"},
				"south": {"uv": [6, 11, 6.4, 13], "texture": "#all", "cullface": "east"},
				"up": {"uv": [6, 11, 7, 11.4], "rotation": 90, "texture": "#all", "cullface": "east"},
				"down": {"uv": [6, 12, 7, 12.4], "rotation": 270, "texture": "#all", "cullface": "east"}
			}
		},
		{
			"from": [16, 9, 8],
			"to": [16.4, 10, 9],
			"rotation": {"angle": 0, "axis": "y", "origin": [8, 8, 0]},
			"faces": {
				"north": {"uv": [7, 6, 8, 7], "texture": "#all", "cullface": "east"},
				"east": {"uv": [7, 6, 8, 7], "texture": "#all", "cullface": "east"},
				"south": {"uv": [7, 6, 8, 7], "texture": "#all", "cullface": "east"},
				"up": {"uv": [7, 6, 8, 7], "rotation": 90, "texture": "#all", "cullface": "east"},
				"down": {"uv": [7, 6, 8, 7], "rotation": 270, "texture": "#all", "cullface": "east"}
			}
		},
		{
			"from": [16, 5, 10],
			"to": [16.4, 6, 12],
			"rotation": {"angle": 0, "axis": "y", "origin": [8, 8, 0]},
			"faces": {
				"north": {"uv": [5, 10, 5.4, 11], "texture": "#all", "cullface": "east"},
				"east": {"uv": [4, 10, 6, 11], "texture": "#all", "cullface": "east"},
				"south": {"uv": [4, 10, 4.4, 11], "texture": "#all", "cullface": "east"},
				"up": {"uv": [6, 10, 4, 10.4], "rotation": 90, "texture": "#all", "cullface": "east"},
				"down": {"uv": [6, 10, 4, 10.4], "rotation": 270, "texture": "#all", "cullface": "east"}
			}
		},
		{
			"from": [16, 14, 11],
			"to": [16.4, 15, 14],
			"rotation": {"angle": 0, "axis": "y", "origin": [8, 8, 0]},
			"faces": {
				"north": {"uv": [4, 1, 4.4, 2], "texture": "#all", "cullface": "east"},
				"east": {"uv": [2, 1, 5, 2], "texture": "#all", "cullface": "east"},
				"south": {"uv": [2, 1, 2.4, 2], "texture": "#all", "cullface": "east"},
				"up": {"uv": [5, 1, 2, 1.4], "rotation": 90, "texture": "#all", "cullface": "east"},
				"down": {"uv": [5, 1.4, 2, 1.8], "rotation": 270, "texture": "#all", "cullface": "east"}
			}
		},
		{
			"from": [2, -0.4, 14],
			"to": [5, 0, 15],
			"rotation": {"angle": 0, "axis": "y", "origin": [8, 16, 8]},
			"faces": {
				"north": {"uv": [5, 1.4, 2, 1.8], "texture": "#all", "cullface": "down"},
				"east": {"uv": [4, 1, 4.4, 2], "rotation": 270, "texture": "#all", "cullface": "down"},
				"south": {"uv": [5, 1, 2, 1.4], "rotation": 180, "texture": "#all", "cullface": "down"},
				"west": {"uv": [2, 1, 2.4, 2], "rotation": 90, "texture": "#all", "cullface": "down"},
				"down": {"uv": [2, 1, 5, 2], "texture": "#all", "cullface": "down"}
			}
		},
		{
			"from": [4, -0.4, 5],
			"to": [6, 0, 6],
			"rotation": {"angle": 0, "axis": "y", "origin": [8, 16, 8]},
			"faces": {
				"north": {"uv": [6, 10, 4, 10.4], "texture": "#all", "cullface": "down"},
				"east": {"uv": [5, 10, 5.4, 11], "rotation": 270, "texture": "#all", "cullface": "down"},
				"south": {"uv": [6, 10, 4, 10.4], "rotation": 180, "texture": "#all", "cullface": "down"},
				"west": {"uv": [4, 10, 4.4, 11], "rotation": 90, "texture": "#all", "cullface": "down"},
				"down": {"uv": [4, 10, 6, 11], "texture": "#all", "cullface": "down"}
			}
		},
		{
			"from": [7, -0.4, 9],
			"to": [8, 0, 10],
			"rotation": {"angle": 0, "axis": "y", "origin": [8, 16, 8]},
			"faces": {
				"north": {"uv": [7, 6, 8, 7], "texture": "#all", "cullface": "down"},
				"east": {"uv": [7, 6, 8, 7], "rotation": 270, "texture": "#all", "cullface": "down"},
				"south": {"uv": [7, 6, 8, 7], "rotation": 180, "texture": "#all", "cullface": "down"},
				"west": {"uv": [7, 6, 8, 7], "rotation": 90, "texture": "#all", "cullface": "down"},
				"down": {"uv": [7, 6, 8, 7], "texture": "#all", "cullface": "down"}
			}
		},
		{
			"from": [6, -0.4, 3],
			"to": [7, 0, 5],
			"rotation": {"angle": 0, "axis": "y", "origin": [8, 16, 8]},
			"faces": {
				"north": {"uv": [6, 12, 7, 12.4], "texture": "#all", "cullface": "down"},
				"east": {"uv": [6, 11, 6.4, 13], "rotation": 270, "texture": "#all", "cullface": "down"},
				"south": {"uv": [6, 11, 7, 11.4], "rotation": 180, "texture": "#all", "cullface": "down"},
				"west": {"uv": [6, 11, 6.4, 13], "rotation": 90, "texture": "#all", "cullface": "down"},
				"down": {"uv": [6, 11, 7, 13], "texture": "#all", "cullface": "down"}
			}
		},
		{
			"from": [14, -0.4, 14],
			"to": [15, 0, 16],
			"rotation": {"angle": 0, "axis": "y", "origin": [8, 16, 8]},
			"faces": {
				"north": {"uv": [14, 1, 15, 1.4], "texture": "#all", "cullface": "down"},
				"east": {"uv": [14, 0, 14.4, 2], "rotation": 270, "texture": "#all", "cullface": "down"},
				"south": {"uv": [14, 0, 15, 0.4], "rotation": 180, "texture": "#all", "cullface": "down"},
				"west": {"uv": [14, 0, 14.4, 2], "rotation": 90, "texture": "#all", "cullface": "down"},
				"down": {"uv": [14, 0, 15, 2], "texture": "#all", "cullface": "down"}
			}
		},
		{
			"from": [14, -0.4, 2],
			"to": [15, 0, 4],
			"rotation": {"angle": 0, "axis": "y", "origin": [8, 16, 8]},
			"faces": {
				"north": {"uv": [14, 13, 15, 13.4], "texture": "#all", "cullface": "down"},
				"east": {"uv": [14, 12, 14.4, 14], "rotation": 270, "texture": "#all", "cullface": "down"},
				"south": {"uv": [14, 12, 15, 12.4], "rotation": 180, "texture": "#all", "cullface": "down"},
				"west": {"uv": [14, 12, 14.4, 14], "rotation": 90, "texture": "#all", "cullface": "down"},
				"down": {"uv": [14, 12, 15, 14], "texture": "#all", "cullface": "down"}
			}
		},
		{
			"from": [15, -0.4, 10],
			"to": [16, 0, 12],
			"rotation": {"angle": 0, "axis": "y", "origin": [8, 16, 8]},
			"faces": {
				"north": {"uv": [15, 5, 16, 5.4], "texture": "#all", "cullface": "down"},
				"east": {"uv": [15, 4, 16, 6], "rotation": 270, "texture": "#all", "cullface": "down"},
				"south": {"uv": [15, 4, 16, 4.4], "rotation": 180, "texture": "#all", "cullface": "down"},
				"west": {"uv": [15, 4, 16, 6], "rotation": 90, "texture": "#all", "cullface": "down"},
				"down": {"uv": [15, 4, 16, 6], "texture": "#all", "cullface": "down"}
			}
		},
		{
			"from": [9, -0.4, 6],
			"to": [10, 0, 7],
			"rotation": {"angle": 0, "axis": "y", "origin": [8, 16, 8]},
			"faces": {
				"north": {"uv": [9, 9, 10, 10], "texture": "#all", "cullface": "down"},
				"east": {"uv": [9, 9, 10, 10], "rotation": 270, "texture": "#all", "cullface": "down"},
				"south": {"uv": [9, 9, 10, 10], "rotation": 180, "texture": "#all", "cullface": "down"},
				"west": {"uv": [9, 9, 10, 10], "rotation": 90, "texture": "#all", "cullface": "down"},
				"down": {"uv": [9, 9, 10, 10], "texture": "#all", "cullface": "down"}
			}
		},
		{
			"from": [0, -0.4, 12],
			"to": [1, 0, 13],
			"rotation": {"angle": 0, "axis": "y", "origin": [8, 16, 8]},
			"faces": {
				"north": {"uv": [0, 3, 1, 4], "texture": "#all", "cullface": "down"},
				"east": {"uv": [0, 3, 1, 4], "rotation": 270, "texture": "#all", "cullface": "down"},
				"south": {"uv": [0, 3, 1, 4], "rotation": 180, "texture": "#all", "cullface": "down"},
				"west": {"uv": [0, 3, 1, 4], "rotation": 90, "texture": "#all", "cullface": "down"},
				"down": {"uv": [0, 3, 1, 4], "texture": "#all", "cullface": "down"}
			}
		},
		{
			"from": [12, -0.4, 0],
			"to": [13, 0, 1],
			"rotation": {"angle": 0, "axis": "y", "origin": [8, 16, 8]},
			"faces": {
				"north": {"uv": [12, 15, 13, 16], "texture": "#all", "cullface": "down"},
				"east": {"uv": [12, 15, 13, 16], "rotation": 270, "texture": "#all", "cullface": "down"},
				"south": {"uv": [12, 15, 13, 16], "rotation": 180, "texture": "#all", "cullface": "down"},
				"west": {"uv": [12, 15, 13, 16], "rotation": 90, "texture": "#all", "cullface": "down"},
				"down": {"uv": [12, 15, 13, 16], "texture": "#all", "cullface": "down"}
			}
		},
		{
			"from": [13, -0.4, 15],
			"to": [14, 0, 16],
			"rotation": {"angle": 0, "axis": "y", "origin": [8, 16, 8]},
			"faces": {
				"north": {"uv": [13, 0, 14, 1], "texture": "#all", "cullface": "down"},
				"south": {"uv": [13, 0, 14, 1], "rotation": 180, "texture": "#all", "cullface": "down"},
				"west": {"uv": [13, 0, 14, 1], "rotation": 90, "texture": "#all", "cullface": "down"},
				"down": {"uv": [13, 0, 14, 1], "texture": "#all", "cullface": "down"}
			}
		},
		{
			"from": [13, -0.4, 2],
			"to": [14, 0, 3],
			"rotation": {"angle": 0, "axis": "y", "origin": [8, 16, 8]},
			"faces": {
				"north": {"uv": [13, 13, 14, 14], "texture": "#all", "cullface": "down"},
				"south": {"uv": [13, 13, 14, 14], "rotation": 180, "texture": "#all", "cullface": "down"},
				"west": {"uv": [13, 13, 14, 14], "rotation": 90, "texture": "#all", "cullface": "down"},
				"down": {"uv": [13, 13, 14, 14], "texture": "#all", "cullface": "down"}
			}
		},
		{
			"from": [1, -0.4, 13],
			"to": [2, 0, 14],
			"rotation": {"angle": 0, "axis": "y", "origin": [8, 16, 8]},
			"faces": {
				"north": {"uv": [1, 2, 2, 3], "texture": "#all", "cullface": "down"},
				"east": {"uv": [1, 2, 2, 3], "rotation": 270, "texture": "#all", "cullface": "down"},
				"south": {"uv": [1, 2, 2, 3], "rotation": 180, "texture": "#all", "cullface": "down"},
				"west": {"uv": [1, 2, 2, 3], "rotation": 90, "texture": "#all", "cullface": "down"},
				"down": {"uv": [1, 2, 2, 3], "texture": "#all", "cullface": "down"}
			}
		},
		{
			"from": [10, -0.4, 12],
			"to": [12, 0, 13],
			"rotation": {"angle": 0, "axis": "y", "origin": [8, 16, 8]},
			"faces": {
				"north": {"uv": [12, 3, 10, 3.4], "texture": "#all", "cullface": "down"},
				"east": {"uv": [11, 3, 11.4, 4], "rotation": 270, "texture": "#all", "cullface": "down"},
				"south": {"uv": [12, 3, 10, 3.4], "rotation": 180, "texture": "#all", "cullface": "down"},
				"west": {"uv": [10, 3, 10.4, 4], "rotation": 90, "texture": "#all", "cullface": "down"},
				"down": {"uv": [10, 3, 12, 4], "texture": "#all", "cullface": "down"}
			}
		},
		{
			"from": [10, -0.4, 7],
			"to": [13, 0, 8],
			"rotation": {"angle": 0, "axis": "y", "origin": [8, 16, 8]},
			"faces": {
				"north": {"uv": [13, 8, 10, 8.4], "texture": "#all", "cullface": "down"},
				"east": {"uv": [12, 8, 12.4, 9], "rotation": 270, "texture": "#all", "cullface": "down"},
				"south": {"uv": [13, 8, 10, 8.4], "rotation": 180, "texture": "#all", "cullface": "down"},
				"west": {"uv": [10, 8, 10.4, 9], "rotation": 90, "texture": "#all", "cullface": "down"},
				"down": {"uv": [10, 8, 13, 9], "texture": "#all", "cullface": "down"}
			}
		},
		{
			"from": [7, -0.4, 1],
			"to": [8, 0, 3],
			"rotation": {"angle": 0, "axis": "y", "origin": [8, 16, 8]},
			"faces": {
				"north": {"uv": [7, 14, 8, 14.4], "texture": "#all", "cullface": "down"},
				"east": {"uv": [7, 13, 7.4, 15], "rotation": 270, "texture": "#all", "cullface": "down"},
				"south": {"uv": [7, 13, 8, 13.4], "rotation": 180, "texture": "#all", "cullface": "down"},
				"west": {"uv": [7, 13, 7.4, 15], "rotation": 90, "texture": "#all", "cullface": "down"},
				"down": {"uv": [7, 13, 8, 15], "texture": "#all", "cullface": "down"}
			}
		},
		{
			"from": [15, -0.4, 4],
			"to": [16, 0, 7],
			"rotation": {"angle": 0, "axis": "y", "origin": [8, 16, 8]},
			"faces": {
				"north": {"uv": [15, 11, 16, 11.4], "texture": "#all", "cullface": "down"},
				"east": {"uv": [15, 9, 15.4, 12], "rotation": 270, "texture": "#all", "cullface": "down"},
				"south": {"uv": [15, 9, 16, 9.4], "rotation": 180, "texture": "#all", "cullface": "down"},
				"west": {"uv": [15.6, 9, 16, 12], "rotation": 90, "texture": "#all", "cullface": "down"},
				"down": {"uv": [15, 9, 16, 12], "texture": "#all", "cullface": "down"}
			}
		},
		{
			"from": [12, -0.4, 9],
			"to": [13, 0, 12],
			"rotation": {"angle": 0, "axis": "y", "origin": [8, 16, 8]},
			"faces": {
				"north": {"uv": [12, 6, 13, 6.4], "texture": "#all", "cullface": "down"},
				"east": {"uv": [12, 4, 12.4, 7], "rotation": 270, "texture": "#all", "cullface": "down"},
				"south": {"uv": [12, 4, 13, 4.4], "rotation": 180, "texture": "#all", "cullface": "down"},
				"west": {"uv": [12, 4, 12.4, 7], "rotation": 90, "texture": "#all", "cullface": "down"},
				"down": {"uv": [12, 4, 13, 7], "texture": "#all", "cullface": "down"}
			}
		},
		{
			"from": [9, -0.4, 13],
			"to": [11, 0, 14],
			"rotation": {"angle": 0, "axis": "y", "origin": [8, 16, 8]},
			"faces": {
				"north": {"uv": [11, 2, 9, 2.4], "texture": "#all", "cullface": "down"},
				"east": {"uv": [10, 2, 10.4, 3], "rotation": 270, "texture": "#all", "cullface": "down"},
				"south": {"uv": [11, 2, 9, 2.4], "rotation": 180, "texture": "#all", "cullface": "down"},
				"west": {"uv": [9, 2, 9.4, 3], "rotation": 90, "texture": "#all", "cullface": "down"},
				"down": {"uv": [9, 2, 11, 3], "texture": "#all", "cullface": "down"}
			}
		},
		{
			"from": [5, -0.4, 8],
			"to": [7, 0, 9],
			"rotation": {"angle": 0, "axis": "y", "origin": [8, 16, 8]},
			"faces": {
				"north": {"uv": [7, 7, 5, 7.4], "texture": "#all", "cullface": "down"},
				"east": {"uv": [6, 7, 6.4, 8], "rotation": 270, "texture": "#all", "cullface": "down"},
				"south": {"uv": [7, 7, 5, 7.4], "rotation": 180, "texture": "#all", "cullface": "down"},
				"west": {"uv": [5, 7, 5.4, 8], "rotation": 90, "texture": "#all", "cullface": "down"},
				"down": {"uv": [5, 7, 7, 8], "texture": "#all", "cullface": "down"}
			}
		},
		{
			"from": [5, 16, 7],
			"to": [7, 16.4, 8],
			"rotation": {"angle": 0, "axis": "y", "origin": [8, 16, 8]},
			"faces": {
				"north": {"uv": [7, 7, 5, 7.4], "texture": "#all", "cullface": "up"},
				"east": {"uv": [6, 7, 6.4, 8], "rotation": 90, "texture": "#all", "cullface": "up"},
				"south": {"uv": [7, 7, 5, 7.4], "rotation": 180, "texture": "#all", "cullface": "up"},
				"west": {"uv": [5, 7, 5.4, 8], "rotation": 270, "texture": "#all", "cullface": "up"},
				"up": {"uv": [5, 7, 7, 8], "texture": "#all", "cullface": "up"}
			}
		},
		{
			"from": [9, 16, 2],
			"to": [11, 16.4, 3],
			"rotation": {"angle": 0, "axis": "y", "origin": [8, 16, 8]},
			"faces": {
				"north": {"uv": [11, 2, 9, 2.4], "texture": "#all", "cullface": "up"},
				"east": {"uv": [10, 2, 10.4, 3], "rotation": 90, "texture": "#all", "cullface": "up"},
				"south": {"uv": [11, 2, 9, 2.4], "rotation": 180, "texture": "#all", "cullface": "up"},
				"west": {"uv": [9, 2, 9.4, 3], "rotation": 270, "texture": "#all", "cullface": "up"},
				"up": {"uv": [9, 2, 11, 3], "texture": "#all", "cullface": "up"}
			}
		},
		{
			"from": [12, 16, 4],
			"to": [13, 16.4, 7],
			"rotation": {"angle": 0, "axis": "y", "origin": [8, 16, 8]},
			"faces": {
				"north": {"uv": [12, 4, 13, 4.4], "texture": "#all", "cullface": "up"},
				"east": {"uv": [12, 4, 12.4, 7], "rotation": 90, "texture": "#all", "cullface": "up"},
				"south": {"uv": [12, 6, 13, 6.4], "rotation": 180, "texture": "#all", "cullface": "up"},
				"west": {"uv": [12, 4, 12.4, 7], "rotation": 270, "texture": "#all", "cullface": "up"},
				"up": {"uv": [12, 4, 13, 7], "texture": "#all", "cullface": "up"}
			}
		},
		{
			"from": [15, 16, 9],
			"to": [16, 16.4, 12],
			"rotation": {"angle": 0, "axis": "y", "origin": [8, 16, 8]},
			"faces": {
				"north": {"uv": [15, 9, 16, 9.4], "texture": "#all", "cullface": "up"},
				"east": {"uv": [15, 9, 15.4, 12], "rotation": 90, "texture": "#all", "cullface": "up"},
				"south": {"uv": [15, 11, 16, 11.4], "rotation": 180, "texture": "#all", "cullface": "up"},
				"west": {"uv": [15.6, 9, 16, 12], "rotation": 270, "texture": "#all", "cullface": "up"},
				"up": {"uv": [15, 9, 16, 12], "texture": "#all", "cullface": "up"}
			}
		},
		{
			"from": [7, 16, 13],
			"to": [8, 16.4, 15],
			"rotation": {"angle": 0, "axis": "y", "origin": [8, 16, 8]},
			"faces": {
				"north": {"uv": [7, 13, 8, 13.4], "texture": "#all", "cullface": "up"},
				"east": {"uv": [7, 13, 7.4, 15], "rotation": 90, "texture": "#all", "cullface": "up"},
				"south": {"uv": [7, 14, 8, 14.4], "rotation": 180, "texture": "#all", "cullface": "up"},
				"west": {"uv": [7, 13, 7.4, 15], "rotation": 270, "texture": "#all", "cullface": "up"},
				"up": {"uv": [7, 13, 8, 15], "texture": "#all", "cullface": "up"}
			}
		},
		{
			"from": [10, 16, 8],
			"to": [13, 16.4, 9],
			"rotation": {"angle": 0, "axis": "y", "origin": [8, 16, 8]},
			"faces": {
				"north": {"uv": [13, 8, 10, 8.4], "texture": "#all", "cullface": "up"},
				"east": {"uv": [12, 8, 12.4, 9], "rotation": 90, "texture": "#all", "cullface": "up"},
				"south": {"uv": [13, 8, 10, 8.4], "rotation": 180, "texture": "#all", "cullface": "up"},
				"west": {"uv": [10, 8, 10.4, 9], "rotation": 270, "texture": "#all", "cullface": "up"},
				"up": {"uv": [10, 8, 13, 9], "texture": "#all", "cullface": "up"}
			}
		},
		{
			"from": [10, 16, 3],
			"to": [12, 16.4, 4],
			"rotation": {"angle": 0, "axis": "y", "origin": [8, 16, 8]},
			"faces": {
				"north": {"uv": [12, 3, 10, 3.4], "texture": "#all", "cullface": "up"},
				"east": {"uv": [11, 3, 11.4, 4], "rotation": 90, "texture": "#all", "cullface": "up"},
				"south": {"uv": [12, 3, 10, 3.4], "rotation": 180, "texture": "#all", "cullface": "up"},
				"west": {"uv": [10, 3, 10.4, 4], "rotation": 270, "texture": "#all", "cullface": "up"},
				"up": {"uv": [10, 3, 12, 4], "texture": "#all", "cullface": "up"}
			}
		},
		{
			"from": [1, 16, 2],
			"to": [2, 16.4, 3],
			"rotation": {"angle": 0, "axis": "y", "origin": [8, 16, 8]},
			"faces": {
				"north": {"uv": [1, 2, 2, 3], "texture": "#all", "cullface": "up"},
				"east": {"uv": [1, 2, 2, 3], "rotation": 90, "texture": "#all", "cullface": "up"},
				"south": {"uv": [1, 2, 2, 3], "rotation": 180, "texture": "#all", "cullface": "up"},
				"west": {"uv": [1, 2, 2, 3], "rotation": 270, "texture": "#all", "cullface": "up"},
				"up": {"uv": [1, 2, 2, 3], "texture": "#all", "cullface": "up"}
			}
		},
		{
			"from": [13, 16, 13],
			"to": [14, 16.4, 14],
			"rotation": {"angle": 0, "axis": "y", "origin": [8, 16, 8]},
			"faces": {
				"north": {"uv": [13, 13, 14, 14], "texture": "#all", "cullface": "up"},
				"south": {"uv": [13, 13, 14, 14], "rotation": 180, "texture": "#all", "cullface": "up"},
				"west": {"uv": [13, 13, 14, 14], "rotation": 270, "texture": "#all", "cullface": "up"},
				"up": {"uv": [13, 13, 14, 14], "texture": "#all", "cullface": "up"}
			}
		},
		{
			"from": [13, 16, 0],
			"to": [14, 16.4, 1],
			"rotation": {"angle": 0, "axis": "y", "origin": [8, 16, 8]},
			"faces": {
				"north": {"uv": [13, 0, 14, 1], "texture": "#all", "cullface": "north"},
				"south": {"uv": [13, 0, 14, 1], "rotation": 180, "texture": "#all", "cullface": "up"},
				"west": {"uv": [13, 0, 14, 1], "rotation": 270, "texture": "#all", "cullface": "up"},
				"up": {"uv": [13, 0, 14, 1], "texture": "#all", "cullface": "up"}
			}
		},
		{
			"from": [12, 16, 15],
			"to": [13, 16.4, 16],
			"rotation": {"angle": 0, "axis": "y", "origin": [8, 16, 8]},
			"faces": {
				"north": {"uv": [12, 15, 13, 16], "texture": "#all", "cullface": "up"},
				"east": {"uv": [12, 15, 13, 16], "rotation": 90, "texture": "#all", "cullface": "up"},
				"south": {"uv": [12, 15, 13, 16], "rotation": 180, "texture": "#all", "cullface": "up"},
				"west": {"uv": [12, 15, 13, 16], "rotation": 270, "texture": "#all", "cullface": "up"},
				"up": {"uv": [12, 15, 13, 16], "texture": "#all", "cullface": "up"}
			}
		},
		{
			"from": [0, 16, 3],
			"to": [1, 16.4, 4],
			"rotation": {"angle": 0, "axis": "y", "origin": [8, 16, 8]},
			"faces": {
				"north": {"uv": [0, 3, 1, 4], "texture": "#all", "cullface": "up"},
				"east": {"uv": [0, 3, 1, 4], "rotation": 90, "texture": "#all", "cullface": "up"},
				"south": {"uv": [0, 3, 1, 4], "rotation": 180, "texture": "#all", "cullface": "up"},
				"west": {"uv": [0, 3, 1, 4], "rotation": 270, "texture": "#all", "cullface": "up"},
				"up": {"uv": [0, 3, 1, 4], "texture": "#all", "cullface": "up"}
			}
		},
		{
			"from": [9, 16, 9],
			"to": [10, 16.4, 10],
			"rotation": {"angle": 0, "axis": "y", "origin": [8, 16, 8]},
			"faces": {
				"north": {"uv": [9, 9, 10, 10], "texture": "#all", "cullface": "up"},
				"east": {"uv": [9, 9, 10, 10], "rotation": 90, "texture": "#all", "cullface": "up"},
				"south": {"uv": [9, 9, 10, 10], "rotation": 180, "texture": "#all", "cullface": "up"},
				"west": {"uv": [9, 9, 10, 10], "rotation": 270, "texture": "#all", "cullface": "up"},
				"up": {"uv": [9, 9, 10, 10], "texture": "#all", "cullface": "up"}
			}
		},
		{
			"from": [15, 16, 4],
			"to": [16, 16.4, 6],
			"rotation": {"angle": 0, "axis": "y", "origin": [8, 16, 8]},
			"faces": {
				"north": {"uv": [15, 4, 16, 4.4], "texture": "#all", "cullface": "up"},
				"east": {"uv": [15, 4, 16, 6], "rotation": 90, "texture": "#all", "cullface": "up"},
				"south": {"uv": [15, 5, 16, 5.4], "rotation": 180, "texture": "#all", "cullface": "up"},
				"west": {"uv": [15, 4, 16, 6], "rotation": 270, "texture": "#all", "cullface": "up"},
				"up": {"uv": [15, 4, 16, 6], "texture": "#all", "cullface": "up"}
			}
		},
		{
			"from": [14, 16, 12],
			"to": [15, 16.4, 14],
			"rotation": {"angle": 0, "axis": "y", "origin": [8, 16, 8]},
			"faces": {
				"north": {"uv": [14, 12, 15, 12.4], "texture": "#all", "cullface": "up"},
				"east": {"uv": [14, 12, 14.4, 14], "rotation": 90, "texture": "#all", "cullface": "up"},
				"south": {"uv": [14, 13, 15, 13.4], "rotation": 180, "texture": "#all", "cullface": "up"},
				"west": {"uv": [14, 12, 14.4, 14], "rotation": 270, "texture": "#all", "cullface": "up"},
				"up": {"uv": [14, 12, 15, 14], "texture": "#all", "cullface": "up"}
			}
		},
		{
			"from": [14, 16, 0],
			"to": [15, 16.4, 2],
			"rotation": {"angle": 0, "axis": "y", "origin": [8, 16, 8]},
			"faces": {
				"north": {"uv": [14, 0, 15, 0.4], "texture": "#all", "cullface": "north"},
				"east": {"uv": [14, 0, 14.4, 2], "rotation": 90, "texture": "#all", "cullface": "up"},
				"south": {"uv": [14, 1, 15, 1.4], "rotation": 180, "texture": "#all", "cullface": "up"},
				"west": {"uv": [14, 0, 14.4, 2], "rotation": 270, "texture": "#all", "cullface": "up"},
				"up": {"uv": [14, 0, 15, 2], "texture": "#all", "cullface": "up"}
			}
		},
		{
			"from": [6, 16, 11],
			"to": [7, 16.4, 13],
			"rotation": {"angle": 0, "axis": "y", "origin": [8, 16, 8]},
			"faces": {
				"north": {"uv": [6, 11, 7, 11.4], "texture": "#all", "cullface": "up"},
				"east": {"uv": [6, 11, 6.4, 13], "rotation": 90, "texture": "#all", "cullface": "up"},
				"south": {"uv": [6, 12, 7, 12.4], "rotation": 180, "texture": "#all", "cullface": "up"},
				"west": {"uv": [6, 11, 6.4, 13], "rotation": 270, "texture": "#all", "cullface": "up"},
				"up": {"uv": [6, 11, 7, 13], "texture": "#all", "cullface": "up"}
			}
		},
		{
			"from": [7, 16, 6],
			"to": [8, 16.4, 7],
			"rotation": {"angle": 0, "axis": "y", "origin": [8, 16, 8]},
			"faces": {
				"north": {"uv": [7, 6, 8, 7], "texture": "#all", "cullface": "up"},
				"east": {"uv": [7, 6, 8, 7], "rotation": 90, "texture": "#all", "cullface": "up"},
				"south": {"uv": [7, 6, 8, 7], "rotation": 180, "texture": "#all", "cullface": "up"},
				"west": {"uv": [7, 6, 8, 7], "rotation": 270, "texture": "#all", "cullface": "up"},
				"up": {"uv": [7, 6, 8, 7], "texture": "#all", "cullface": "up"}
			}
		},
		{
			"from": [4, 16, 10],
			"to": [6, 16.4, 11],
			"rotation": {"angle": 0, "axis": "y", "origin": [8, 16, 8]},
			"faces": {
				"north": {"uv": [6, 10, 4, 10.4], "texture": "#all", "cullface": "up"},
				"east": {"uv": [5, 10, 5.4, 11], "rotation": 90, "texture": "#all", "cullface": "up"},
				"south": {"uv": [6, 10, 4, 10.4], "rotation": 180, "texture": "#all", "cullface": "up"},
				"west": {"uv": [4, 10, 4.4, 11], "rotation": 270, "texture": "#all", "cullface": "up"},
				"up": {"uv": [4, 10, 6, 11], "texture": "#all", "cullface": "up"}
			}
		},
		{
			"from": [2, 16, 1],
			"to": [5, 16.4, 2],
			"rotation": {"angle": 0, "axis": "y", "origin": [8, 16, 8]},
			"faces": {
				"north": {"uv": [5, 1, 2, 1.4], "texture": "#all", "cullface": "up"},
				"east": {"uv": [4, 1, 4.4, 2], "rotation": 90, "texture": "#all", "cullface": "up"},
				"south": {"uv": [5, 1.4, 2, 1.8], "rotation": 180, "texture": "#all", "cullface": "up"},
				"west": {"uv": [2, 1, 2.4, 2], "rotation": 270, "texture": "#all", "cullface": "up"},
				"up": {"uv": [2, 1, 5, 2], "texture": "#all", "cullface": "up"}
			}
		}
	]
}