{
	"credit": "Made with Blockbench",
	"ambientocclusion": false,
	"textures": {
		"particle": "block/iron_bars",
		"bars": "block/iron_bars"
	},
	"elements": [
		{
			"from": [7, 0, 7.5],
			"to": [9, 16, 8.5],
			"faces": {
				"north": {"uv": [7, 0, 9, 16], "texture": "#bars"},
				"east": {"uv": [7, 0, 8, 16], "texture": "#bars"},
				"south": {"uv": [9, 0, 7, 16], "texture": "#bars"},
				"west": {"uv": [8, 0, 9, 16], "texture": "#bars"},
				"up": {"uv": [7, 0, 9, 1], "rotation": 180, "texture": "#bars"},
				"down": {"uv": [9, 16, 7, 15], "texture": "#bars"}
			}
		},
		{
			"from": [7.49, 0.01, 8.01],
			"to": [8.47, 15.99, 9.01],
			"faces": {
				"north": {"uv": [8, 0, 9, 16], "texture": "#bars"},
				"east": {"uv": [8, 0, 9, 16], "texture": "#bars"},
				"south": {"uv": [8, 0, 9, 16], "texture": "#bars"},
				"west": {"uv": [8, 0, 9, 16], "texture": "#bars"},
				"up": {"uv": [8, 0, 9, 1], "texture": "#bars"},
				"down": {"uv": [8, 15, 9, 16], "texture": "#bars"}
			}
		}
	]
}