{
	"credit": "Made with Blockbench",
	"ambientocclusion": false,
	"textures": {
		"particle": "block/iron_bars",
		"bars": "block/iron_bars"
	},
	"elements": [
		{
			"from": [7.5, 0, 7],
			"to": [8.5, 16, 8],
			"faces": {
				"north": {"uv": [8, 0, 9, 16], "texture": "#bars"},
				"east": {"uv": [8, 0, 9, 16], "texture": "#bars"},
				"south": {"uv": [8, 0, 9, 16], "texture": "#bars"},
				"west": {"uv": [8, 0, 9, 16], "texture": "#bars"},
				"up": {"uv": [8, 0, 9, 1], "rotation": 180, "texture": "#bars"},
				"down": {"uv": [8, 15, 9, 16], "rotation": 180, "texture": "#bars"}
			}
		},
		{
			"from": [7.5, 2, 4],
			"to": [8.5, 4, 7],
			"faces": {
				"east": {"uv": [9, 12, 12, 14], "texture": "#bars"},
				"west": {"uv": [12, 12, 9, 14], "texture": "#bars"},
				"up": {"uv": [9, 12, 12, 13], "rotation": 270, "texture": "#bars"},
				"down": {"uv": [12, 13, 9, 14], "rotation": 270, "texture": "#bars"}
			}
		},
		{
			"from": [7.5, 7, 0],
			"to": [8.5, 9, 2],
			"faces": {
				"north": {"uv": [15, 7, 16, 9], "texture": "#bars"},
				"east": {"uv": [14, 7, 16, 9], "texture": "#bars"},
				"west": {"uv": [16, 7, 14, 9], "texture": "#bars"},
				"up": {"uv": [14, 7, 16, 8], "rotation": 270, "texture": "#bars"},
				"down": {"uv": [14, 8, 16, 9], "rotation": 270, "texture": "#bars"}
			}
		},
		{
			"from": [7.5, 0, 2],
			"to": [8.5, 15.999, 4],
			"faces": {
				"north": {"uv": [13, 0, 14, 16], "texture": "#bars"},
				"east": {"uv": [12, 0, 14, 16], "texture": "#bars"},
				"south": {"uv": [12, 0, 13, 16], "texture": "#bars"},
				"west": {"uv": [14, 0, 12, 16], "texture": "#bars"},
				"up": {"uv": [14, 0, 12, 1], "rotation": 90, "texture": "#bars"},
				"down": {"uv": [14, 15, 12, 16], "rotation": 270, "texture": "#bars"}
			}
		}
	]
}