{
	"credit": "Made with Blockbench",
	"ambientocclusion": false,
	"textures": {
		"particle": "block/iron_bars",
		"bars": "block/iron_bars"
	},
	"elements": [
		{
			"from": [7, 0.01, 7.5],
			"to": [9, 16.01, 8.5],
			"faces": {
				"north": {"uv": [7, 0, 9, 16], "texture": "#bars"},
				"east": {"uv": [7, 0, 8, 16], "texture": "#bars"},
				"south": {"uv": [9, 0, 7, 16], "texture": "#bars"},
				"west": {"uv": [8, 0, 9, 16], "texture": "#bars"},
				"up": {"uv": [9, 0, 7, 1], "texture": "#bars"},
				"down": {"uv": [9, 15, 7, 16], "texture": "#bars"}
			}
		},
		{
			"from": [7.5, 0, 7],
			"to": [8.5, 15.99, 9],
			"faces": {
				"north": {"uv": [7, 0, 8, 16], "texture": "#bars"},
				"east": {"uv": [9, 0, 7, 16], "texture": "#bars"},
				"south": {"uv": [8, 0, 9, 16], "texture": "#bars"},
				"west": {"uv": [7, 0, 9, 16], "texture": "#bars"},
				"up": {"uv": [7, 0, 9, 1], "rotation": 90, "texture": "#bars"},
				"down": {"uv": [7, 15, 9, 16], "rotation": 270, "texture": "#bars"}
			}
		}
	]
}