{
	"credit": "Made with Blockbench",
	"ambientocclusion": false,
	"textures": {
		"particle": "block/iron_bars",
		"bars": "block/iron_bars"
	},
	"elements": [
		{
			"from": [7.5, 0, 8],
			"to": [8.5, 16, 9],
			"faces": {
				"north": {"uv": [7, 0, 8, 16], "texture": "#bars"},
				"east": {"uv": [7, 0, 8, 16], "texture": "#bars"},
				"south": {"uv": [7, 0, 8, 16], "texture": "#bars"},
				"west": {"uv": [7, 0, 8, 16], "texture": "#bars"},
				"up": {"uv": [7, 0, 8, 1], "texture": "#bars"},
				"down": {"uv": [7, 15, 8, 16], "texture": "#bars"}
			}
		},
		{
			"from": [7.5, 12, 9],
			"to": [8.5, 14, 12],
			"faces": {
				"east": {"uv": [4, 2, 7, 4], "texture": "#bars"},
				"west": {"uv": [4, 2, 7, 4], "texture": "#bars"},
				"up": {"uv": [4, 2, 7, 3], "rotation": 90, "texture": "#bars"},
				"down": {"uv": [4, 3, 7, 4], "rotation": 90, "texture": "#bars"}
			}
		},
		{
			"from": [7.5, 7, 14],
			"to": [8.5, 9, 16],
			"faces": {
				"east": {"uv": [0, 7, 2, 9], "texture": "#bars"},
				"west": {"uv": [2, 7, 0, 9], "texture": "#bars"},
				"up": {"uv": [2, 7, 0, 8], "rotation": 90, "texture": "#bars"},
				"down": {"uv": [0, 8, 2, 9], "rotation": 90, "texture": "#bars"}
			}
		},
		{
			"from": [7.5, 0, 12],
			"to": [8.5, 15.999, 14],
			"faces": {
				"north": {"uv": [3, 0, 4, 16], "texture": "#bars"},
				"east": {"uv": [2, 0, 4, 16], "texture": "#bars"},
				"south": {"uv": [2, 0, 3, 16], "texture": "#bars"},
				"west": {"uv": [4, 0, 2, 16], "texture": "#bars"},
				"up": {"uv": [4, 0, 2, 1], "rotation": 90, "texture": "#bars"},
				"down": {"uv": [2, 15, 4, 16], "rotation": 90, "texture": "#bars"}
			}
		}
	]
}