{
	"credit": "Made with Blockbench",
	"parent": "minecraft:block/trapdoor_display",
	"textures": {
		"1": "block/iron_trapdoor_side",
		"texture": "block/iron_trapdoor",
		"particle": "block/iron_trapdoor_side"
	},
	"elements": [
		{
			"from": [0, 13, 0],
			"to": [3, 16, 16],
			"faces": {
				"east": {"uv": [2, 0, 3, 16], "rotation": 90, "texture": "#texture"},
				"west": {"uv": [0, 0, 16, 3], "texture": "#1"},
				"up": {"uv": [0, 0, 3, 16], "texture": "#texture"},
				"down": {"uv": [0, 16, 3, 0], "texture": "#texture"}
			}
		},
		{
			"from": [13, 13, 0],
			"to": [16, 16, 16],
			"faces": {
				"east": {"uv": [0, 0, 16, 3], "texture": "#1"},
				"west": {"uv": [13, 16, 14, 0], "rotation": 90, "texture": "#texture"},
				"up": {"uv": [13, 0, 16, 16], "texture": "#texture"},
				"down": {"uv": [13, 16, 16, 0], "texture": "#texture"}
			}
		},
		{
			"from": [0, 13, 0],
			"to": [16, 16, 3],
			"faces": {
				"north": {"uv": [0, 0, 16, 3], "texture": "#1"},
				"south": {"uv": [0, 2, 16, 3], "texture": "#texture"},
				"up": {"uv": [0, 0, 16, 3], "texture": "#texture"},
				"down": {"uv": [0, 3, 16, 0], "texture": "#texture"}
			}
		},
		{
			"from": [0, 13, 13],
			"to": [16, 16, 16],
			"faces": {
				"north": {"uv": [16, 13, 0, 14], "texture": "#texture"},
				"south": {"uv": [0, 0, 16, 3], "texture": "#1"},
				"up": {"uv": [0, 13, 16, 16], "texture": "#texture"},
				"down": {"uv": [0, 16, 16, 13], "texture": "#texture"}
			}
		},
		{
			"from": [3, 13.7, 6],
			"to": [13, 15.3, 10],
			"faces": {
				"north": {"uv": [13, 6, 3, 7], "texture": "#texture"},
				"south": {"uv": [3, 9, 13, 10], "texture": "#texture"},
				"up": {"uv": [3, 6, 13, 10], "texture": "#texture"},
				"down": {"uv": [3, 10, 13, 6], "texture": "#texture"}
			}
		},
		{
			"from": [6, 13.7, 3],
			"to": [10, 15.3, 13],
			"faces": {
				"east": {"uv": [9, 3, 10, 13], "rotation": 90, "texture": "#texture"},
				"west": {"uv": [6, 13, 7, 3], "rotation": 90, "texture": "#texture"},
				"up": {"uv": [6, 3, 10, 13], "texture": "#texture"},
				"down": {"uv": [6, 13, 10, 3], "texture": "#texture"}
			}
		}
	]
}