{
	"credit": "Made with Blockbench",
	"parent": "minecraft:block/door_top",
	"textures": {
		"top": "block/jungle_door_top"
	},
	"elements": [
		{
			"from": [0, 0, 0],
			"to": [3, 16, 4],
			"faces": {
				"north": {"uv": [0, 0, 1, 16], "texture": "#top"},
				"east": {"uv": [4, 0, 0, 16], "texture": "#top"},
				"south": {"uv": [3, 0, 4, 16], "texture": "#top"},
				"west": {"uv": [0, 0, 4, 16], "texture": "#top"}
			}
		},
		{
			"from": [0, 0, 12],
			"to": [3, 16, 16],
			"faces": {
				"north": {"uv": [12, 0, 13, 16], "texture": "#top"},
				"east": {"uv": [16, 0, 12, 16], "texture": "#top"},
				"south": {"uv": [15, 0, 16, 16], "texture": "#top"},
				"west": {"uv": [12, 0, 16, 16], "texture": "#top"}
			}
		},
		{
			"from": [0.7, 6, 4],
			"to": [2.3, 8, 12],
			"faces": {
				"east": {"uv": [12, 8, 4, 10], "texture": "#top"},
				"west": {"uv": [4, 8, 12, 10], "texture": "#top"},
				"up": {"uv": [4, 8, 12, 9], "rotation": 90, "texture": "#top"},
				"down": {"uv": [4, 9, 12, 10], "rotation": 90, "texture": "#top"}
			}
		},
		{
			"from": [0.7, 4, 4],
			"to": [2.3, 6, 6],
			"faces": {
				"east": {"uv": [6, 10, 4, 12], "texture": "#top"},
				"south": {"uv": [5, 10, 6, 12], "texture": "#top"},
				"west": {"uv": [4, 10, 6, 12], "texture": "#top"}
			}
		},
		{
			"from": [0.7, 4, 10],
			"to": [2.3, 6, 12],
			"faces": {
				"north": {"uv": [10, 10, 11, 12], "texture": "#top"},
				"east": {"uv": [12, 10, 10, 12], "texture": "#top"},
				"west": {"uv": [10, 10, 12, 12], "texture": "#top"}
			}
		},
		{
			"from": [0.7, 4, 6],
			"to": [2.3, 5, 7],
			"faces": {
				"north": {"uv": [7, 11, 6, 12], "texture": "#top"},
				"east": {"uv": [7, 11, 6, 12], "texture": "#top"},
				"south": {"uv": [7, 11, 6, 12], "texture": "#top"},
				"west": {"uv": [7, 11, 6, 12], "texture": "#top"},
				"up": {"uv": [7, 11, 6, 12], "texture": "#top"},
				"down": {"uv": [7, 11, 6, 12], "texture": "#top"}
			}
		},
		{
			"from": [0.7, 4, 9],
			"to": [2.3, 5, 10],
			"faces": {
				"north": {"uv": [9, 11, 10, 12], "texture": "#top"},
				"east": {"uv": [9, 11, 10, 12], "texture": "#top"},
				"south": {"uv": [9, 11, 10, 12], "texture": "#top"},
				"west": {"uv": [9, 11, 10, 12], "texture": "#top"},
				"up": {"uv": [9, 11, 10, 12], "texture": "#top"},
				"down": {"uv": [9, 11, 10, 12], "texture": "#top"}
			}
		},
		{
			"from": [0, 0, 4],
			"to": [3, 8, 5],
			"faces": {
				"east": {"uv": [4, 8, 5, 16], "texture": "#top"},
				"south": {"uv": [4, 8, 5, 16], "texture": "#top"},
				"west": {"uv": [4, 8, 5, 16], "texture": "#top"},
				"up": {"uv": [4, 8, 5, 9], "texture": "#top"}
			}
		},
		{
			"from": [0, 11, 4],
			"to": [3, 16, 5],
			"faces": {
				"east": {"uv": [4, 0, 5, 5], "texture": "#top"},
				"south": {"uv": [4, 0, 5, 5], "texture": "#top"},
				"west": {"uv": [4, 0, 5, 5], "texture": "#top"},
				"down": {"uv": [4, 4, 5, 5], "texture": "#top"}
			}
		},
		{
			"from": [0, 0, 11],
			"to": [3, 8, 12],
			"faces": {
				"north": {"uv": [12, 8, 11, 16], "texture": "#top"},
				"east": {"uv": [11, 8, 12, 16], "texture": "#top"},
				"west": {"uv": [11, 8, 12, 16], "texture": "#top"},
				"up": {"uv": [11, 8, 12, 9], "texture": "#top"}
			}
		},
		{
			"from": [0, 11, 11],
			"to": [3, 16, 12],
			"faces": {
				"north": {"uv": [11, 0, 12, 5], "texture": "#top"},
				"east": {"uv": [11, 0, 12, 5], "texture": "#top"},
				"west": {"uv": [12, 0, 11, 5], "texture": "#top"},
				"down": {"uv": [11, 4, 12, 5], "texture": "#top"}
			}
		},
		{
			"from": [0, 0, 6],
			"to": [3, 4, 10],
			"faces": {
				"north": {"uv": [6, 12, 7, 16], "texture": "#top"},
				"east": {"uv": [10, 12, 6, 16], "texture": "#top"},
				"south": {"uv": [9, 12, 10, 16], "texture": "#top"},
				"west": {"uv": [6, 12, 10, 16], "texture": "#top"},
				"up": {"uv": [6, 12, 10, 13], "rotation": 90, "texture": "#top"}
			}
		},
		{
			"from": [0.7, 0, 5],
			"to": [2.3, 4, 11],
			"faces": {
				"east": {"uv": [11, 12, 5, 16], "texture": "#top"},
				"west": {"uv": [5, 12, 11, 16], "texture": "#top"}
			}
		},
		{
			"from": [0.7, 8, 6],
			"to": [2.3, 13, 7],
			"faces": {
				"north": {"uv": [6, 3, 7, 8], "texture": "#top"},
				"east": {"uv": [6, 3, 7, 8], "texture": "#top"},
				"south": {"uv": [6, 3, 7, 8], "texture": "#top"},
				"west": {"uv": [6, 3, 7, 8], "texture": "#top"}
			}
		},
		{
			"from": [0.7, 8, 9],
			"to": [2.3, 13, 10],
			"faces": {
				"north": {"uv": [9, 3, 10, 8], "texture": "#top"},
				"east": {"uv": [9, 3, 10, 8], "texture": "#top"},
				"south": {"uv": [9, 3, 10, 8], "texture": "#top"},
				"west": {"uv": [9, 3, 10, 8], "texture": "#top"}
			}
		},
		{
			"from": [0, 13, 0],
			"to": [3, 16, 16],
			"faces": {
				"east": {"uv": [16, 0, 0, 3], "texture": "#top"},
				"west": {"uv": [0, 0, 16, 3], "texture": "#top"},
				"up": {"uv": [0, 0, 16, 1], "rotation": 90, "texture": "#top"},
				"down": {"uv": [0, 2, 16, 3], "rotation": 90, "texture": "#top"}
			}
		},
		{
			"from": [-1, 1, 11],
			"to": [4, 2, 14],
			"faces": {
				"north": {"uv": [11, 14, 12, 15], "texture": "#top"},
				"east": {"uv": [14, 14, 11, 15], "texture": "#top"},
				"south": {"uv": [13, 14, 14, 15], "texture": "#top"},
				"west": {"uv": [11, 14, 14, 15], "texture": "#top"},
				"up": {"uv": [14, 14, 11, 15], "rotation": 270, "texture": "#top"},
				"down": {"uv": [11, 14, 14, 15], "rotation": 270, "texture": "#top"}
			}
		},
		{
			"from": [-1, 0, 11],
			"to": [4, 1, 12],
			"faces": {
				"north": {"uv": [11, 15, 12, 16], "texture": "#top"},
				"east": {"uv": [11, 15, 12, 16], "texture": "#top"},
				"south": {"uv": [11, 15, 12, 16], "texture": "#top"},
				"west": {"uv": [11, 15, 12, 16], "texture": "#top"},
				"down": {"uv": [11, 15, 12, 16], "texture": "#top"}
			}
		}
	]
}