{
	"credit": "Made with Blockbench",
	"parent": "minecraft:block/door_bottom",
	"textures": {
		"bottom": "block/jungle_door_bottom"
	},
	"elements": [
		{
			"from": [0.7, 0, 0],
			"to": [2.3, 16, 16],
			"faces": {
				"east": {"uv": [16, 0, 0, 16], "texture": "#bottom"},
				"west": {"uv": [0, 0, 16, 16], "texture": "#bottom"},
				"down": {"uv": [16, 15, 0, 16], "rotation": 90, "texture": "#bottom"}
			}
		},
		{
			"from": [0, 0, 0],
			"to": [3, 16, 5],
			"faces": {
				"north": {"uv": [0, 0, 1, 16], "texture": "#bottom"},
				"east": {"uv": [5, 0, 0, 16], "texture": "#bottom"},
				"south": {"uv": [4, 0, 5, 16], "texture": "#bottom"},
				"west": {"uv": [0, 0, 5, 16], "texture": "#bottom"},
				"down": {"uv": [5, 15, 0, 16], "rotation": 90, "texture": "#bottom"}
			}
		},
		{
			"from": [0, 0, 6],
			"to": [3, 16, 10],
			"faces": {
				"north": {"uv": [6, 0, 7, 16], "texture": "#bottom"},
				"east": {"uv": [10, 0, 6, 16], "texture": "#bottom"},
				"south": {"uv": [9, 0, 10, 16], "texture": "#bottom"},
				"west": {"uv": [6, 0, 10, 16], "texture": "#bottom"},
				"down": {"uv": [10, 15, 6, 16], "rotation": 90, "texture": "#bottom"}
			}
		},
		{
			"from": [0, 0, 11],
			"to": [3, 16, 16],
			"faces": {
				"north": {"uv": [11, 0, 12, 16], "texture": "#bottom"},
				"east": {"uv": [16, 0, 11, 16], "texture": "#bottom"},
				"south": {"uv": [15, 0, 16, 16], "texture": "#bottom"},
				"west": {"uv": [11, 0, 16, 16], "texture": "#bottom"},
				"down": {"uv": [16, 15, 11, 16], "rotation": 90, "texture": "#bottom"}
			}
		}
	]
}