{
	"credit": "Made with Blockbench",
	"parent": "minecraft:block/trapdoor_display",
	"textures": {
		"1": "block/jungle_trapdoor_side",
		"particle": "block/jungle_trapdoor_side",
		"texture": "block/jungle_trapdoor"
	},
	"elements": [
		{
			"from": [13, 13, 0],
			"to": [16, 16, 16],
			"faces": {
				"east": {"uv": [0, 6, 16, 9], "texture": "#1"},
				"west": {"uv": [2, 0, 3, 16], "rotation": 90, "texture": "#texture"},
				"up": {"uv": [0, 0, 3, 16], "rotation": 180, "texture": "#texture"},
				"down": {"uv": [0, 16, 3, 0], "rotation": 180, "texture": "#texture"}
			}
		},
		{
			"from": [0, 13, 0],
			"to": [3, 16, 16],
			"faces": {
				"east": {"uv": [13, 16, 14, 0], "rotation": 90, "texture": "#texture"},
				"west": {"uv": [0, 0, 16, 3], "texture": "#1"},
				"up": {"uv": [13, 0, 16, 16], "rotation": 180, "texture": "#texture"},
				"down": {"uv": [13, 16, 16, 0], "rotation": 180, "texture": "#texture"}
			}
		},
		{
			"from": [0, 13, 13],
			"to": [16, 16, 16],
			"faces": {
				"north": {"uv": [0, 2, 16, 3], "texture": "#texture"},
				"south": {"uv": [0, 3, 16, 6], "texture": "#1"},
				"up": {"uv": [0, 0, 16, 3], "rotation": 180, "texture": "#texture"},
				"down": {"uv": [0, 3, 16, 0], "rotation": 180, "texture": "#texture"}
			}
		},
		{
			"from": [0, 13, 0],
			"to": [16, 16, 4],
			"faces": {
				"north": {"uv": [0, 9, 16, 12], "texture": "#1"},
				"south": {"uv": [0, 12, 16, 13], "texture": "#texture"},
				"up": {"uv": [0, 12, 16, 16], "rotation": 180, "texture": "#texture"},
				"down": {"uv": [0, 16, 16, 12], "rotation": 180, "texture": "#texture"}
			}
		},
		{
			"from": [3, 13.7, 7],
			"to": [13, 15.3, 9],
			"faces": {
				"north": {"uv": [3, 8, 13, 9], "texture": "#texture"},
				"south": {"uv": [3, 7, 13, 8], "texture": "#texture"},
				"up": {"uv": [3, 7, 13, 9], "rotation": 180, "texture": "#texture"},
				"down": {"uv": [3, 9, 13, 7], "rotation": 180, "texture": "#texture"}
			}
		},
		{
			"from": [11, 13.7, 4],
			"to": [12, 15.3, 5],
			"faces": {
				"south": {"uv": [4, 11, 5, 12], "texture": "#texture"},
				"west": {"uv": [4, 11, 5, 12], "texture": "#texture"},
				"up": {"uv": [4, 11, 5, 12], "rotation": 180, "texture": "#texture"},
				"down": {"uv": [4, 11, 5, 12], "rotation": 180, "texture": "#texture"}
			}
		},
		{
			"from": [4, 13.7, 4],
			"to": [5, 15.3, 5],
			"faces": {
				"north": {"uv": [11, 11, 12, 12], "texture": "#texture"},
				"east": {"uv": [11, 11, 12, 12], "texture": "#texture"},
				"south": {"uv": [11, 11, 12, 12], "texture": "#texture"},
				"west": {"uv": [11, 11, 12, 12], "texture": "#texture"},
				"up": {"uv": [11, 11, 12, 12], "rotation": 180, "texture": "#texture"},
				"down": {"uv": [11, 11, 12, 12], "rotation": 180, "texture": "#texture"}
			}
		},
		{
			"from": [4, 13, 12],
			"to": [5, 16, 13],
			"faces": {
				"north": {"uv": [11, 3, 12, 4], "texture": "#texture"},
				"east": {"uv": [11, 3, 12, 4], "texture": "#texture"},
				"south": {"uv": [11, 3, 12, 4], "texture": "#texture"},
				"west": {"uv": [11, 3, 12, 4], "texture": "#texture"},
				"up": {"uv": [11, 3, 12, 4], "rotation": 180, "texture": "#texture"},
				"down": {"uv": [11, 3, 12, 4], "rotation": 180, "texture": "#texture"}
			}
		},
		{
			"from": [11, 13, 12],
			"to": [12, 16, 13],
			"faces": {
				"north": {"uv": [4, 3, 5, 4], "texture": "#texture"},
				"east": {"uv": [4, 3, 5, 4], "texture": "#texture"},
				"south": {"uv": [4, 3, 5, 4], "texture": "#texture"},
				"west": {"uv": [4, 3, 5, 4], "texture": "#texture"},
				"up": {"uv": [4, 3, 5, 4], "rotation": 180, "texture": "#texture"},
				"down": {"uv": [4, 3, 5, 4], "rotation": 180, "texture": "#texture"}
			}
		},
		{
			"from": [12, 13, 11],
			"to": [13, 16, 13],
			"faces": {
				"north": {"uv": [3, 4, 4, 5], "texture": "#texture"},
				"west": {"uv": [3, 3, 4, 5], "rotation": 90, "texture": "#texture"},
				"up": {"uv": [3, 3, 4, 5], "rotation": 180, "texture": "#texture"},
				"down": {"uv": [3, 5, 4, 3], "rotation": 180, "texture": "#texture"}
			}
		},
		{
			"from": [3, 13, 11],
			"to": [4, 16, 13],
			"faces": {
				"north": {"uv": [12, 4, 13, 5], "texture": "#texture"},
				"east": {"uv": [12, 3, 13, 5], "rotation": 90, "texture": "#texture"},
				"up": {"uv": [12, 3, 13, 5], "rotation": 180, "texture": "#texture"},
				"down": {"uv": [12, 5, 13, 3], "rotation": 180, "texture": "#texture"}
			}
		},
		{
			"from": [9, 13.7, 4],
			"to": [10, 15.3, 13],
			"faces": {
				"east": {"uv": [6, 12, 7, 3], "rotation": 90, "texture": "#texture"},
				"west": {"uv": [6, 3, 7, 12], "rotation": 90, "texture": "#texture"},
				"up": {"uv": [6, 3, 7, 12], "rotation": 180, "texture": "#texture"},
				"down": {"uv": [6, 12, 7, 3], "rotation": 180, "texture": "#texture"}
			}
		},
		{
			"from": [6, 13.7, 4],
			"to": [7, 15.3, 13],
			"faces": {
				"east": {"uv": [9, 12, 10, 3], "rotation": 90, "texture": "#texture"},
				"west": {"uv": [9, 3, 10, 12], "rotation": 90, "texture": "#texture"},
				"up": {"uv": [9, 3, 10, 12], "rotation": 180, "texture": "#texture"},
				"down": {"uv": [9, 12, 10, 3], "rotation": 180, "texture": "#texture"}
			}
		},
		{
			"from": [12, 13.7, 4],
			"to": [13, 15.3, 7],
			"faces": {
				"west": {"uv": [3, 9, 4, 12], "rotation": 90, "texture": "#texture"},
				"up": {"uv": [3, 9, 4, 12], "rotation": 180, "texture": "#texture"},
				"down": {"uv": [3, 12, 4, 9], "rotation": 180, "texture": "#texture"}
			}
		},
		{
			"from": [3, 13.7, 4],
			"to": [4, 15.3, 7],
			"faces": {
				"east": {"uv": [12, 12, 13, 9], "rotation": 90, "texture": "#texture"},
				"up": {"uv": [13, 9, 12, 12], "rotation": 180, "texture": "#texture"},
				"down": {"uv": [12, 12, 13, 9], "rotation": 180, "texture": "#texture"}
			}
		},
		{
			"from": [5, 12, 1],
			"to": [11, 16.999, 2],
			"faces": {
				"north": {"uv": [5, 14, 11, 15], "texture": "#texture"},
				"east": {"uv": [5, 14, 6, 15], "texture": "#texture"},
				"south": {"uv": [11, 14, 5, 15], "texture": "#texture"},
				"west": {"uv": [10, 14, 11, 15], "texture": "#texture"},
				"up": {"uv": [5, 14, 11, 15], "rotation": 180, "texture": "#texture"},
				"down": {"uv": [5, 14, 11, 15], "rotation": 180, "texture": "#texture"}
			}
		}
	]
}