{
	"credit": "Made with Blockbench",
	"ambientocclusion": false,
	"textures": {
		"particle": "block/ladder",
		"texture": "block/ladder"
	},
	"elements": [
		{
			"from": [2, 0, 15],
			"to": [4, 16, 16],
			"faces": {
				"north": {"uv": [12, 0, 14, 16], "texture": "#texture"},
				"east": {"uv": [12, 0, 13, 16], "texture": "#texture"},
				"south": {"uv": [14, 0, 12, 16], "texture": "#texture", "cullface": "south"},
				"west": {"uv": [13, 0, 14, 16], "texture": "#texture"},
				"up": {"uv": [14, 0, 12, 1], "texture": "#texture", "cullface": "up"},
				"down": {"uv": [14, 15, 12, 16], "texture": "#texture", "cullface": "down"}
			}
		},
		{
			"from": [12, 0, 15],
			"to": [14, 16, 16],
			"faces": {
				"north": {"uv": [2, 0, 4, 16], "texture": "#texture"},
				"east": {"uv": [2, 0, 3, 16], "texture": "#texture"},
				"south": {"uv": [4, 0, 2, 16], "texture": "#texture", "cullface": "south"},
				"west": {"uv": [3, 0, 4, 16], "texture": "#texture"},
				"up": {"uv": [4, 0, 2, 1], "texture": "#texture", "cullface": "up"},
				"down": {"uv": [4, 15, 2, 16], "texture": "#texture", "cullface": "down"}
			}
		},
		{
			"from": [1, 13, 14.1],
			"to": [15, 15, 15.5],
			"faces": {
				"north": {"uv": [1, 1, 15, 3], "texture": "#texture"},
				"east": {"uv": [1, 1, 2, 3], "texture": "#texture"},
				"south": {"uv": [15, 1, 1, 3], "texture": "#texture"},
				"west": {"uv": [14, 1, 15, 3], "texture": "#texture"},
				"up": {"uv": [15, 1, 1, 2], "texture": "#texture"},
				"down": {"uv": [1, 2, 15, 3], "texture": "#texture"}
			}
		},
		{
			"from": [1, 9, 14.1],
			"to": [15, 11, 15.5],
			"faces": {
				"north": {"uv": [1, 5, 15, 7], "texture": "#texture"},
				"east": {"uv": [1, 5, 2, 7], "texture": "#texture"},
				"south": {"uv": [15, 5, 1, 7], "texture": "#texture"},
				"west": {"uv": [14, 5, 15, 7], "texture": "#texture"},
				"up": {"uv": [15, 5, 1, 6], "texture": "#texture"},
				"down": {"uv": [1, 6, 15, 7], "texture": "#texture"}
			}
		},
		{
			"from": [1, 5, 14.1],
			"to": [15, 7, 15.5],
			"faces": {
				"north": {"uv": [1, 9, 15, 11], "texture": "#texture"},
				"east": {"uv": [1, 9, 2, 11], "texture": "#texture"},
				"south": {"uv": [15, 9, 1, 11], "texture": "#texture"},
				"west": {"uv": [14, 9, 15, 11], "texture": "#texture"},
				"up": {"uv": [15, 9, 1, 10], "texture": "#texture"},
				"down": {"uv": [1, 10, 15, 11], "texture": "#texture"}
			}
		},
		{
			"from": [1, 1, 14.1],
			"to": [15, 3, 15.5],
			"faces": {
				"north": {"uv": [1, 13, 15, 15], "texture": "#texture"},
				"east": {"uv": [1, 13, 2, 15], "texture": "#texture"},
				"south": {"uv": [15, 13, 1, 15], "texture": "#texture"},
				"west": {"uv": [14, 13, 15, 15], "texture": "#texture"},
				"up": {"uv": [15, 13, 1, 14], "texture": "#texture"},
				"down": {"uv": [1, 14, 15, 15], "texture": "#texture"}
			}
		}
	]
}