{
	"credit": "Made with Blockbench",
	"ambientocclusion": false,
	"textures": {
		"particle": "block/cobblestone",
		"base": "block/cobblestone",
		"lever": "block/lever"
	},
	"elements": [
		{
			"from": [7, 1, 7],
			"to": [9, 11, 9],
			"rotation": {"angle": -45, "axis": "x", "origin": [8, 1, 8]},
			"faces": {
				"north": {"uv": [7, 6, 9, 16], "texture": "#lever"},
				"east": {"uv": [7, 6, 9, 16], "texture": "#lever"},
				"south": {"uv": [7, 6, 9, 16], "texture": "#lever"},
				"west": {"uv": [7, 6, 9, 16], "texture": "#lever"},
				"up": {"uv": [7, 6, 9, 8], "texture": "#lever"}
			}
		},
		{
			"from": [7, 0, 4],
			"to": [9, 2.3, 12],
			"faces": {
				"up": {"uv": [14, 8, 16, 16], "texture": "#lever"},
				"down": {"uv": [7, 12, 9, 4], "texture": "#base"}
			}
		},
		{
			"from": [5, 0, 4],
			"to": [7, 3, 12],
			"faces": {
				"east": {"uv": [6, 4, 7, 12], "rotation": 90, "texture": "#base"},
				"west": {"uv": [4, 0, 12, 3], "texture": "#base"},
				"up": {"uv": [5, 4, 7, 12], "texture": "#base"},
				"down": {"uv": [5, 12, 7, 4], "texture": "#base"}
			}
		},
		{
			"from": [9, 0, 4],
			"to": [11, 3, 12],
			"faces": {
				"east": {"uv": [3, 0, 11, 3], "texture": "#base"},
				"west": {"uv": [9, 4, 10, 12], "rotation": 270, "texture": "#base"},
				"up": {"uv": [9, 4, 11, 12], "texture": "#base"},
				"down": {"uv": [9, 12, 11, 4], "texture": "#base"}
			}
		},
		{
			"from": [5, 0, 4],
			"to": [11, 3.001, 5],
			"faces": {
				"north": {"uv": [5, 0, 11, 3], "texture": "#base"},
				"south": {"uv": [5, 4, 11, 5], "texture": "#base"},
				"up": {"uv": [5, 4, 11, 5], "texture": "#base"}
			}
		},
		{
			"from": [5, 0, 11],
			"to": [11, 3.001, 12],
			"faces": {
				"north": {"uv": [5, 0, 11, 1], "texture": "#base"},
				"south": {"uv": [5, 0, 11, 3], "texture": "#base"},
				"up": {"uv": [5, 11, 11, 12], "texture": "#base"}
			}
		}
	]
}