{
	"credit": "Made with Blockbench",
	"parent": "minecraft:block/orientable_with_bottom",
	"ambientocclusion": false,
	"textures": {
		"4": "block/loom_line1",
		"5": "block/loom_line2",
		"6": "block/loom_bottom",
		"particle": "block/loom_line1",
		"top": "block/loom_top",
		"side": "block/loom_side",
		"front": "block/loom_front"
	},
	"elements": [
		{
			"from": [0, 0, 0],
			"to": [16, 2, 16],
			"faces": {
				"north": {"uv": [0, 14, 16, 16], "texture": "#front", "cullface": "north"},
				"east": {"uv": [0, 14, 16, 16], "texture": "#side", "cullface": "east"},
				"south": {"uv": [0, 14, 16, 16], "texture": "#side", "cullface": "south"},
				"west": {"uv": [0, 14, 16, 16], "texture": "#side", "cullface": "west"},
				"up": {"uv": [16, 14, 0, 15], "texture": "#front"},
				"down": {"uv": [0, 0, 16, 16], "texture": "#6", "cullface": "down"}
			}
		},
		{
			"from": [0, 2, 0],
			"to": [1, 16, 16],
			"faces": {
				"north": {"uv": [15, 0, 16, 14], "texture": "#front", "cullface": "north"},
				"east": {"uv": [15, 0, 16, 14], "texture": "#side"},
				"south": {"uv": [0, 0, 1, 14], "texture": "#side", "cullface": "south"},
				"west": {"uv": [0, 0, 16, 14], "texture": "#side", "cullface": "west"},
				"up": {"uv": [0, 0, 1, 16], "texture": "#top", "cullface": "up"}
			}
		},
		{
			"from": [15, 2, 0],
			"to": [16, 16, 16],
			"faces": {
				"north": {"uv": [0, 0, 1, 14], "texture": "#front", "cullface": "north"},
				"east": {"uv": [0, 0, 16, 14], "texture": "#side", "cullface": "east"},
				"south": {"uv": [15, 0, 16, 14], "texture": "#top", "cullface": "south"},
				"west": {"uv": [0, 0, 1, 14], "texture": "#side"},
				"up": {"uv": [15, 0, 16, 16], "texture": "#top", "cullface": "up"}
			}
		},
		{
			"from": [1, 2, 3],
			"to": [15, 5, 16],
			"faces": {
				"north": {"uv": [1, 11, 15, 14], "texture": "#front"},
				"south": {"uv": [1, 11, 15, 14], "texture": "#side", "cullface": "south"}
			}
		},
		{
			"from": [1, 5, 0],
			"to": [15, 8, 16],
			"faces": {
				"north": {"uv": [1, 8, 15, 11], "texture": "#front", "cullface": "north"},
				"south": {"uv": [1, 8, 15, 11], "texture": "#side", "cullface": "south"},
				"up": {"uv": [1, 8, 15, 9], "texture": "#front", "cullface": "north"},
				"down": {"uv": [1, 10, 15, 11], "texture": "#front", "cullface": "north"}
			}
		},
		{
			"from": [1, 15, 0],
			"to": [15, 16, 1],
			"faces": {
				"north": {"uv": [15, 0, 1, 1], "texture": "#top", "cullface": "north"},
				"south": {"uv": [1, 7, 15, 8], "texture": "#top", "cullface": "up"},
				"up": {"uv": [1, 0, 15, 1], "texture": "#top", "cullface": "up"},
				"down": {"uv": [1, 7, 15, 8], "texture": "#top", "cullface": "north"}
			}
		},
		{
			"from": [1, 8, 15],
			"to": [15, 16, 16],
			"faces": {
				"north": {"uv": [1, 0, 15, 8], "texture": "#side", "cullface": "up"},
				"south": {"uv": [1, 0, 15, 8], "texture": "#side", "cullface": "south"},
				"up": {"uv": [1, 15, 15, 16], "texture": "#top", "cullface": "up"}
			}
		},
		{
			"from": [1, 8, 1],
			"to": [15, 15, 15],
			"faces": {
				"north": {"uv": [1, 1, 15, 8], "texture": "#front"},
				"up": {"uv": [1, 1, 15, 15], "texture": "#top"}
			}
		},
		{
			"from": [1, 15, 12],
			"to": [15, 16, 13],
			"faces": {
				"north": {"uv": [1, 12, 15, 13], "texture": "#top", "cullface": "up"},
				"south": {"uv": [15, 12, 1, 13], "texture": "#top", "cullface": "up"},
				"up": {"uv": [1, 12, 15, 13], "texture": "#5", "cullface": "up"}
			}
		},
		{
			"from": [2, 10, 0],
			"to": [15, 16, 0],
			"faces": {
				"north": {"uv": [1, 2, 14, 8], "texture": "#4", "cullface": "north"},
				"south": {"uv": [1, 2, 14, 8], "texture": "#4", "cullface": "north"}
			}
		},
		{
			"from": [1, 10, 0],
			"to": [15, 11, 1],
			"faces": {
				"north": {"uv": [1, 12, 15, 11], "texture": "#4", "cullface": "north"},
				"up": {"uv": [15, 6, 1, 5], "texture": "#front", "cullface": "north"},
				"down": {"uv": [15, 5, 1, 6], "texture": "#front", "cullface": "north"}
			}
		},
		{
			"from": [2, 7.8, 0],
			"to": [15, 10, 0],
			"rotation": {"angle": -22.5, "axis": "x", "origin": [15, 10, 0]},
			"faces": {
				"north": {"uv": [1, 8, 14, 10], "texture": "#4"},
				"south": {"uv": [1, 8, 14, 10], "texture": "#4"}
			}
		},
		{
			"from": [2, 16, 1],
			"to": [3, 16, 13],
			"faces": {
				"up": {"uv": [2, 1, 3, 13], "texture": "#5", "cullface": "up"},
				"down": {"uv": [2, 1, 3, 13], "texture": "#5", "cullface": "up"}
			}
		},
		{
			"from": [4, 16, 1],
			"to": [5, 16, 13],
			"faces": {
				"up": {"uv": [4, 1, 5, 13], "texture": "#5", "cullface": "up"},
				"down": {"uv": [4, 1, 5, 13], "texture": "#5", "cullface": "up"}
			}
		},
		{
			"from": [6, 16, 1],
			"to": [7, 16, 13],
			"faces": {
				"up": {"uv": [6, 1, 7, 13], "texture": "#5", "cullface": "up"},
				"down": {"uv": [6, 1, 7, 13], "texture": "#5", "cullface": "up"}
			}
		},
		{
			"from": [8, 16, 1],
			"to": [9, 16, 13],
			"faces": {
				"up": {"uv": [8, 1, 9, 13], "texture": "#5", "cullface": "up"},
				"down": {"uv": [8, 1, 9, 13], "texture": "#5", "cullface": "up"}
			}
		},
		{
			"from": [10, 16, 1],
			"to": [11, 16, 13],
			"faces": {
				"up": {"uv": [10, 1, 11, 13], "texture": "#5", "cullface": "up"},
				"down": {"uv": [10, 1, 11, 13], "texture": "#5", "cullface": "up"}
			}
		},
		{
			"from": [12, 16, 1],
			"to": [13, 16, 13],
			"faces": {
				"up": {"uv": [12, 1, 13, 13], "texture": "#5", "cullface": "up"},
				"down": {"uv": [12, 1, 13, 13], "texture": "#5", "cullface": "up"}
			}
		},
		{
			"from": [14, 16, 1],
			"to": [15, 16, 13],
			"faces": {
				"up": {"uv": [14, 1, 15, 13], "texture": "#5", "cullface": "up"},
				"down": {"uv": [14, 1, 15, 13], "texture": "#5", "cullface": "up"}
			}
		},
		{
			"from": [2, 16, 13],
			"to": [3, 16, 15.2],
			"rotation": {"angle": 22.5, "axis": "x", "origin": [0, 16, 13]},
			"faces": {
				"up": {"uv": [2, 13, 3, 14], "texture": "#5"}
			}
		},
		{
			"from": [4, 16, 13],
			"to": [5, 16, 15.2],
			"rotation": {"angle": 22.5, "axis": "x", "origin": [0, 16, 13]},
			"faces": {
				"up": {"uv": [4, 13, 5, 14], "texture": "#5"}
			}
		},
		{
			"from": [6, 16, 13],
			"to": [7, 16, 15.2],
			"rotation": {"angle": 22.5, "axis": "x", "origin": [0, 16, 13]},
			"faces": {
				"up": {"uv": [6, 13, 7, 14], "texture": "#5"}
			}
		},
		{
			"from": [8, 16, 13],
			"to": [9, 16, 15.2],
			"rotation": {"angle": 22.5, "axis": "x", "origin": [0, 16, 13]},
			"faces": {
				"up": {"uv": [8, 13, 9, 14], "texture": "#5"}
			}
		},
		{
			"from": [10, 16, 13],
			"to": [11, 16, 15.2],
			"rotation": {"angle": 22.5, "axis": "x", "origin": [0, 16, 13]},
			"faces": {
				"up": {"uv": [10, 13, 11, 14], "texture": "#5"}
			}
		},
		{
			"from": [12, 16, 13],
			"to": [13, 16, 15.2],
			"rotation": {"angle": 22.5, "axis": "x", "origin": [0, 16, 13]},
			"faces": {
				"up": {"uv": [12, 13, 13, 14], "texture": "#5"}
			}
		},
		{
			"from": [14, 16, 13],
			"to": [15, 16, 15.2],
			"rotation": {"angle": 22.5, "axis": "x", "origin": [0, 16, 13]},
			"faces": {
				"up": {"uv": [14, 13, 15, 14], "texture": "#5"}
			}
		},
		{
			"from": [1, 15, 7],
			"to": [15, 15.999, 8],
			"faces": {
				"north": {"uv": [1, 7, 15, 8], "texture": "#top", "cullface": "up"},
				"south": {"uv": [1, 7, 15, 8], "texture": "#top", "cullface": "up"},
				"up": {"uv": [1, 7, 15, 8], "texture": "#top", "cullface": "up"}
			}
		}
	]
}