{
	"credit": "Made with Blockbench",
	"parent": "minecraft:block/door_top",
	"ambientocclusion": false,
	"textures": {
		"1": "block/door_doorknob",
		"2": "block/oak_door_top",
		"particle": "block/door_doorknob"
	},
	"elements": [
		{
			"from": [0, 0, 13],
			"to": [3, 16, 16],
			"rotation": {"angle": 0, "axis": "y", "origin": [8, 7.75, 1.5]},
			"faces": {
				"north": {"uv": [13, 0, 14, 16], "texture": "#2"},
				"east": {"uv": [16, 0, 13, 16], "texture": "#2"},
				"south": {"uv": [15, 0, 16, 16], "texture": "#2", "cullface": "south"},
				"west": {"uv": [13, 0, 16, 16], "texture": "#2", "cullface": "west"},
				"up": {"uv": [13, 1, 16, 0], "rotation": 90, "texture": "#2", "cullface": "up"}
			}
		},
		{
			"from": [0, 0, 0],
			"to": [3, 16, 3],
			"rotation": {"angle": 0, "axis": "y", "origin": [8, 7.75, 1.5]},
			"faces": {
				"north": {"uv": [0, 0, 1, 16], "texture": "#2", "cullface": "north"},
				"east": {"uv": [3, 0, 0, 16], "texture": "#2"},
				"south": {"uv": [2, 0, 3, 16], "texture": "#2"},
				"west": {"uv": [0, 0, 3, 16], "texture": "#2", "cullface": "west"},
				"up": {"uv": [3, 0, 0, 1], "rotation": 270, "texture": "#2", "cullface": "up"}
			}
		},
		{
			"from": [0, 2, 3],
			"to": [3, 5, 13],
			"rotation": {"angle": 0, "axis": "y", "origin": [8, 7.75, 1.5]},
			"faces": {
				"east": {"uv": [13, 11, 3, 14], "texture": "#2"},
				"west": {"uv": [3, 11, 13, 14], "texture": "#2", "cullface": "west"},
				"up": {"uv": [13, 11, 3, 12], "rotation": 270, "texture": "#2"},
				"down": {"uv": [13, 13, 3, 14], "rotation": 90, "texture": "#2"}
			}
		},
		{
			"from": [0, 13, 3],
			"to": [3, 16, 13],
			"rotation": {"angle": 0, "axis": "y", "origin": [8, 7.75, 1.5]},
			"faces": {
				"north": {"uv": [0, 0, 0, 0], "texture": "#2"},
				"east": {"uv": [13, 0, 3, 3], "texture": "#2"},
				"south": {"uv": [0, 0, 0, 0], "texture": "#2"},
				"west": {"uv": [3, 0, 13, 3], "texture": "#2", "cullface": "west"},
				"up": {"uv": [13, 0, 3, 1], "rotation": 270, "texture": "#2", "cullface": "up"},
				"down": {"uv": [13, 2, 3, 3], "rotation": 90, "texture": "#2"}
			}
		},
		{
			"from": [0.7, 5, 7],
			"to": [2.3, 13, 9],
			"rotation": {"angle": 0, "axis": "y", "origin": [8, 7.75, 1.5]},
			"faces": {
				"north": {"uv": [7, 3, 8, 11], "texture": "#2"},
				"east": {"uv": [9, 3, 7, 11], "texture": "#2"},
				"south": {"uv": [8, 3, 9, 11], "texture": "#2"},
				"west": {"uv": [7, 3, 9, 11], "texture": "#2"}
			}
		},
		{
			"from": [0.7, 8, 3],
			"to": [2.3, 10, 13],
			"rotation": {"angle": 0, "axis": "y", "origin": [8, 7.75, 1.5]},
			"faces": {
				"east": {"uv": [13, 6, 3, 8], "texture": "#2"},
				"west": {"uv": [3, 6, 13, 8], "texture": "#2"},
				"up": {"uv": [3, 6, 7, 7], "rotation": 270, "texture": "#2"},
				"down": {"uv": [3, 7, 7, 8], "rotation": 90, "texture": "#2"}
			}
		},
		{
			"from": [-1, 1, 11],
			"to": [0, 2, 14],
			"faces": {
				"north": {"uv": [4, 0, 5, 1], "texture": "#1", "cullface": "west"},
				"south": {"uv": [6, 0, 7, 1], "texture": "#1", "cullface": "west"},
				"west": {"uv": [4, 0, 7, 1], "texture": "#1", "cullface": "west"},
				"up": {"uv": [4, 0, 7, 1], "rotation": 90, "texture": "#1", "cullface": "west"},
				"down": {"uv": [4, 0, 7, 1], "rotation": 270, "texture": "#1", "cullface": "west"}
			}
		},
		{
			"from": [3, 1, 11],
			"to": [4, 2, 14],
			"rotation": {"angle": 0, "axis": "y", "origin": [3.5, 1.5, 12.5]},
			"faces": {
				"north": {"uv": [4, 0, 5, 1], "texture": "#1"},
				"east": {"uv": [7, 0, 4, 1], "texture": "#1"},
				"south": {"uv": [6, 0, 7, 1], "texture": "#1"},
				"up": {"uv": [4, 0, 7, 1], "rotation": 90, "texture": "#1"},
				"down": {"uv": [4, 0, 7, 1], "rotation": 270, "texture": "#1"}
			}
		},
		{
			"from": [-1, 0, 11],
			"to": [0, 1, 12],
			"faces": {
				"north": {"uv": [4, 1, 5, 2], "texture": "#1", "cullface": "west"},
				"south": {"uv": [4, 1, 5, 2], "texture": "#1", "cullface": "west"},
				"west": {"uv": [4, 1, 5, 2], "texture": "#1", "cullface": "west"},
				"down": {"uv": [4, 1, 5, 2], "texture": "#1", "cullface": "west"}
			}
		},
		{
			"from": [3, 0, 11],
			"to": [4, 1, 12],
			"faces": {
				"north": {"uv": [4, 1, 5, 2], "texture": "#1", "cullface": "down"},
				"east": {"uv": [4, 1, 5, 2], "texture": "#1", "cullface": "down"},
				"south": {"uv": [4, 1, 5, 2], "texture": "#1", "cullface": "down"},
				"down": {"uv": [4, 1, 5, 2], "texture": "#1", "cullface": "down"}
			}
		},
		{
			"from": [0, 0, 7],
			"to": [3, 2, 9],
			"faces": {
				"north": {"uv": [7, 14, 8, 16], "texture": "#2"},
				"east": {"uv": [9, 14, 7, 16], "texture": "#2"},
				"south": {"uv": [8, 14, 9, 16], "texture": "#2"},
				"west": {"uv": [7, 14, 9, 16], "texture": "#2"},
				"up": {"uv": [0, 0, 0, 0], "texture": "#2"}
			}
		},
		{
			"from": [0.7, 0, 3],
			"to": [2.3, 2, 13],
			"faces": {
				"east": {"uv": [13, 14, 3, 16], "texture": "#2"},
				"west": {"uv": [3, 14, 13, 16], "texture": "#2"}
			}
		}
	]
}