{
	"credit": "Made with Blockbench",
	"parent": "minecraft:block/door_bottom",
	"ambientocclusion": false,
	"textures": {
		"0": "block/oak_door_bottom",
		"particle": "block/oak_door_bottom"
	},
	"elements": [
		{
			"from": [0, 0, 3],
			"to": [3, 3, 13],
			"rotation": {"angle": 0, "axis": "y", "origin": [8, 0, 8]},
			"faces": {
				"east": {"uv": [13, 13, 3, 16], "texture": "#0"},
				"west": {"uv": [3, 13, 13, 16], "texture": "#0", "cullface": "west"},
				"up": {"uv": [3, 13, 13, 14], "rotation": 270, "texture": "#0"},
				"down": {"uv": [3, 15, 13, 16], "rotation": 90, "texture": "#0", "cullface": "down"}
			}
		},
		{
			"from": [0, 0, 13],
			"to": [3, 16, 16],
			"rotation": {"angle": 0, "axis": "y", "origin": [8, 0, 8]},
			"faces": {
				"north": {"uv": [13, 0, 14, 16], "texture": "#0"},
				"east": {"uv": [16, 0, 13, 16], "texture": "#0"},
				"south": {"uv": [15, 0, 16, 16], "texture": "#0", "cullface": "south"},
				"west": {"uv": [13, 0, 16, 16], "texture": "#0", "cullface": "west"},
				"down": {"uv": [13, 15, 16, 16], "rotation": 90, "texture": "#0", "cullface": "down"}
			}
		},
		{
			"from": [0, 13, 3],
			"to": [3, 15, 13],
			"rotation": {"angle": 0, "axis": "y", "origin": [8, 0, 8]},
			"faces": {
				"east": {"uv": [13, 1, 3, 3], "texture": "#0"},
				"west": {"uv": [3, 1, 13, 3], "texture": "#0", "cullface": "west"},
				"up": {"uv": [3, 1, 13, 2], "rotation": 90, "texture": "#0"},
				"down": {"uv": [13, 2, 3, 3], "rotation": 90, "texture": "#0"}
			}
		},
		{
			"from": [0, 7, 3],
			"to": [3, 9, 13],
			"rotation": {"angle": 0, "axis": "y", "origin": [8, 0, 8]},
			"faces": {
				"east": {"uv": [13, 7, 3, 9], "texture": "#0"},
				"west": {"uv": [3, 7, 13, 9], "texture": "#0", "cullface": "west"},
				"up": {"uv": [13, 7, 2, 8], "rotation": 270, "texture": "#0"},
				"down": {"uv": [13, 8, 3, 9], "rotation": 90, "texture": "#0"}
			}
		},
		{
			"from": [0, 0, 0],
			"to": [3, 16, 3],
			"rotation": {"angle": 0, "axis": "y", "origin": [8, 0, 8]},
			"faces": {
				"north": {"uv": [0, 0, 1, 16], "texture": "#0", "cullface": "north"},
				"east": {"uv": [3, 0, 0, 16], "texture": "#0"},
				"south": {"uv": [2, 0, 3, 16], "texture": "#0"},
				"west": {"uv": [0, 0, 3, 16], "texture": "#0", "cullface": "west"},
				"down": {"uv": [3, 15, 0, 16], "rotation": 90, "texture": "#0", "cullface": "down"}
			}
		},
		{
			"from": [0.7, 3, 3],
			"to": [2.3, 16, 13],
			"faces": {
				"east": {"uv": [13, 0, 3, 13], "texture": "#0"},
				"west": {"uv": [3, 0, 13, 13], "texture": "#0"},
				"down": {"uv": [0, 0, 0, 0], "texture": "#0"}
			}
		},
		{
			"from": [0, 3, 7],
			"to": [3, 16, 9],
			"faces": {
				"north": {"uv": [7, 0, 8, 13], "texture": "#0"},
				"east": {"uv": [9, 0, 7, 13], "texture": "#0"},
				"south": {"uv": [8, 0, 9, 13], "texture": "#0"},
				"west": {"uv": [7, 0, 9, 13], "texture": "#0"},
				"down": {"uv": [0, 0, 0, 0], "texture": "#0"}
			}
		}
	]
}