{
	"credit": "Made with Blockbench",
	"parent": "block/block",
	"textures": {
		"bottom": "block/observer_back",
		"side": "block/observer_side",
		"top": "block/observer_top",
		"particle": "block/observer_front",
		"front": "block/observer_front"
	},
	"elements": [
		{
			"from": [0, 0, 1],
			"to": [16, 16, 16],
			"faces": {
				"north": {"uv": [0, 0, 16, 16], "texture": "#front"},
				"east": {"uv": [0, 0, 15, 16], "texture": "#side"},
				"south": {"uv": [0, 0, 16, 16], "texture": "#bottom"},
				"west": {"uv": [1, 0, 16, 16], "texture": "#side"},
				"up": {"uv": [0, 15, 16, 0], "texture": "#top"},
				"down": {"uv": [0, 0, 16, 15], "texture": "#top"}
			}
		},
		{
			"from": [0, 0, 0],
			"to": [3, 16, 1],
			"faces": {
				"north": {"uv": [13, 0, 16, 16], "texture": "#front"},
				"east": {"uv": [13, 0, 14, 16], "texture": "#front"},
				"west": {"uv": [0, 0, 1, 16], "texture": "#side"},
				"up": {"uv": [0, 15, 3, 16], "texture": "#top"},
				"down": {"uv": [0, 15, 3, 16], "texture": "#top"}
			}
		},
		{
			"from": [13, 0, 0],
			"to": [16, 16, 1],
			"faces": {
				"north": {"uv": [0, 0, 3, 16], "texture": "#front"},
				"east": {"uv": [15, 0, 16, 16], "texture": "#side"},
				"west": {"uv": [2, 0, 3, 16], "texture": "#front"},
				"up": {"uv": [13, 15, 16, 16], "texture": "#top"},
				"down": {"uv": [13, 15, 16, 16], "texture": "#top"}
			}
		},
		{
			"from": [3, 0, 0],
			"to": [13, 5, 1],
			"faces": {
				"north": {"uv": [3, 11, 13, 16], "texture": "#front"},
				"up": {"uv": [3, 11, 13, 12], "texture": "#front"},
				"down": {"uv": [3, 15, 13, 16], "texture": "#top"}
			}
		},
		{
			"from": [3, 7, 0],
			"to": [13, 16, 1],
			"faces": {
				"north": {"uv": [3, 0, 13, 9], "texture": "#front"},
				"up": {"uv": [3, 15, 13, 16], "texture": "#top"},
				"down": {"uv": [3, 8, 13, 9], "texture": "#front"}
			}
		},
		{
			"from": [5, 5, 0],
			"to": [11, 7, 1],
			"faces": {
				"north": {"uv": [5, 9, 11, 11], "texture": "#front"},
				"east": {"uv": [5, 9, 6, 11], "texture": "#front"},
				"west": {"uv": [10, 9, 11, 11], "texture": "#front"},
				"up": {"uv": [5, 0, 11, 1], "texture": "#missing"},
				"down": {"uv": [5, 15, 11, 16], "texture": "#missing"}
			}
		}
	]
}