{
	"credit": "Made with Blockbench",
	"parent": "minecraft:block/cube_column",
	"textures": {
		"2": "block/piston_inner",
		"particle": "block/piston_inner",
		"side": "block/piston_side",
		"bottom": "block/piston_bottom"
	},
	"elements": [
		{
			"from": [0, 0, 4],
			"to": [16, 1, 16],
			"faces": {
				"north": {"uv": [16, 4, 0, 5], "rotation": 180, "texture": "#side"},
				"east": {"uv": [15, 4, 16, 16], "rotation": 90, "texture": "#side"},
				"south": {"uv": [0, 15, 16, 16], "texture": "#side"},
				"west": {"uv": [0, 4, 1, 16], "rotation": 270, "texture": "#side"},
				"up": {"uv": [0, 4, 16, 16], "texture": "#side"}
			}
		},
		{
			"from": [15, 0, 4],
			"to": [16, 16, 16],
			"faces": {
				"north": {"uv": [16, 4, 0, 5], "rotation": 90, "texture": "#side"},
				"south": {"uv": [15, 0, 16, 16], "texture": "#bottom"},
				"west": {"uv": [0, 4, 16, 16], "rotation": 270, "texture": "#side"},
				"up": {"uv": [15, 4, 16, 16], "texture": "#side"},
				"down": {"uv": [0, 4, 1, 16], "rotation": 180, "texture": "#side"}
			}
		},
		{
			"from": [0, 0, 4],
			"to": [1, 16, 16],
			"faces": {
				"north": {"uv": [16, 4, 0, 5], "rotation": 270, "texture": "#side"},
				"east": {"uv": [0, 4, 16, 16], "rotation": 90, "texture": "#side"},
				"south": {"uv": [0, 0, 1, 16], "texture": "#bottom"},
				"up": {"uv": [0, 4, 1, 16], "texture": "#side"},
				"down": {"uv": [15, 4, 16, 16], "rotation": 180, "texture": "#side"}
			}
		},
		{
			"from": [0, 15, 4],
			"to": [16, 16, 16],
			"faces": {
				"north": {"uv": [0, 4, 16, 5], "rotation": 180, "texture": "#side"},
				"east": {"uv": [0, 4, 1, 16], "rotation": 90, "texture": "#side"},
				"south": {"uv": [0, 0, 16, 1], "texture": "#bottom"},
				"west": {"uv": [15, 4, 16, 16], "rotation": 270, "texture": "#side"},
				"down": {"uv": [0, 4, 16, 16], "rotation": 180, "texture": "#side"}
			}
		},
		{
			"from": [0, 0, 15],
			"to": [16, 16, 16],
			"faces": {
				"north": {"uv": [0, 0, 16, 16], "rotation": 180, "texture": "#bottom"},
				"east": {"uv": [0, 15, 16, 16], "rotation": 90, "texture": "#side"},
				"west": {"uv": [0, 15, 16, 16], "rotation": 270, "texture": "#side"},
				"up": {"uv": [0, 15, 16, 16], "texture": "#side"},
				"down": {"uv": [0, 15, 16, 16], "rotation": 180, "texture": "#side"}
			}
		},
		{
			"from": [0, 0, 4],
			"to": [16, 16, 5],
			"faces": {
				"east": {"uv": [0, 4, 16, 5], "rotation": 90, "texture": "#side"},
				"south": {"uv": [0, 0, 16, 16], "texture": "#bottom"},
				"west": {"uv": [0, 4, 16, 5], "rotation": 270, "texture": "#side"},
				"up": {"uv": [0, 0, 16, 1], "texture": "#bottom"},
				"down": {"uv": [0, 4, 16, 5], "rotation": 180, "texture": "#side"}
			}
		},
		{
			"from": [0.5, 0.5, 4.5],
			"to": [15.5, 15.5, 15.5],
			"faces": {
				"north": {"uv": [0.5, 0.5, 15.5, 15.5], "rotation": 180, "texture": "#2"},
				"east": {"uv": [0.5, 4.5, 15.5, 15.5], "rotation": 90, "texture": "#side"},
				"south": {"uv": [0.5, 0.5, 15.5, 15.5], "texture": "#bottom"},
				"west": {"uv": [0.5, 4.5, 15.5, 15.5], "rotation": 270, "texture": "#side"},
				"up": {"uv": [0.5, 4.5, 15.5, 15.5], "texture": "#side"},
				"down": {"uv": [0.5, 4.5, 15.5, 15.5], "rotation": 180, "texture": "#side"}
			}
		}
	]
}