{
	"credit": "Made with Blockbench",
	"parent": "minecraft:block/block",
	"textures": {
		"platform": "block/piston_top",
		"bottom": "block/piston_bottom",
		"side": "block/piston_side"
	},
	"elements": [
		{
			"from": [0, 0, 4],
			"to": [16, 1, 16],
			"faces": {
				"east": {"uv": [15, 4, 16, 16], "rotation": 90, "texture": "#side"},
				"south": {"uv": [0, 15, 16, 16], "texture": "#side", "cullface": "south"},
				"west": {"uv": [0, 4, 1, 16], "rotation": 270, "texture": "#side"},
				"up": {"uv": [0, 4, 16, 16], "texture": "#side"}
			}
		},
		{
			"from": [15, 0, 4],
			"to": [16, 16, 16],
			"faces": {
				"south": {"uv": [15, 0, 16, 16], "texture": "#bottom", "cullface": "south"},
				"west": {"uv": [0, 4, 16, 16], "rotation": 270, "texture": "#side"},
				"up": {"uv": [15, 4, 16, 16], "texture": "#side", "cullface": "up"},
				"down": {"uv": [0, 4, 1, 16], "rotation": 180, "texture": "#side"}
			}
		},
		{
			"from": [0, 0, 4],
			"to": [1, 16, 16],
			"faces": {
				"east": {"uv": [0, 4, 16, 16], "rotation": 90, "texture": "#side"},
				"south": {"uv": [0, 0, 1, 16], "texture": "#bottom", "cullface": "south"},
				"up": {"uv": [0, 4, 1, 16], "texture": "#side", "cullface": "up"},
				"down": {"uv": [15, 4, 16, 16], "rotation": 180, "texture": "#side"}
			}
		},
		{
			"from": [0, 15, 4],
			"to": [16, 16, 16],
			"faces": {
				"east": {"uv": [0, 4, 1, 16], "rotation": 90, "texture": "#side"},
				"south": {"uv": [0, 0, 16, 1], "texture": "#bottom", "cullface": "south"},
				"west": {"uv": [15, 4, 16, 16], "rotation": 270, "texture": "#side"},
				"down": {"uv": [0, 4, 16, 16], "rotation": 180, "texture": "#side"}
			}
		},
		{
			"from": [0, 0, 15],
			"to": [16, 16, 16],
			"faces": {
				"north": {"uv": [0, 0, 16, 16], "rotation": 180, "texture": "#bottom"},
				"east": {"uv": [0, 15, 16, 16], "rotation": 90, "texture": "#side"},
				"west": {"uv": [0, 15, 16, 16], "rotation": 270, "texture": "#side"},
				"up": {"uv": [0, 15, 16, 16], "texture": "#side", "cullface": "up"},
				"down": {"uv": [0, 15, 16, 16], "rotation": 180, "texture": "#side"}
			}
		},
		{
			"from": [0, 0, 4],
			"to": [16, 16, 5],
			"faces": {
				"east": {"uv": [0, 4, 16, 5], "rotation": 90, "texture": "#side"},
				"south": {"uv": [0, 0, 16, 16], "texture": "#bottom"},
				"west": {"uv": [0, 4, 16, 5], "rotation": 270, "texture": "#side"},
				"up": {"uv": [0, 0, 16, 1], "texture": "#bottom", "cullface": "up"},
				"down": {"uv": [0, 4, 16, 5], "rotation": 180, "texture": "#side"}
			}
		},
		{
			"from": [0, 0, 0],
			"to": [16, 16, 4],
			"faces": {
				"north": {"uv": [0, 0, 16, 16], "texture": "#platform", "cullface": "north"},
				"east": {"uv": [0, 0, 16, 4], "rotation": 90, "texture": "#side"},
				"west": {"uv": [0, 0, 16, 4], "rotation": 270, "texture": "#side"},
				"up": {"uv": [0, 0, 16, 4], "texture": "#side", "cullface": "up"},
				"down": {"uv": [0, 0, 16, 4], "rotation": 180, "texture": "#side"}
			}
		},
		{
			"from": [7, 14, -0.3],
			"to": [9, 16.3, 4],
			"faces": {
				"north": {"uv": [7, 14, 9, 16], "rotation": 180, "texture": "#platform"},
				"east": {"uv": [9, 0, 7, 4], "rotation": 90, "texture": "#side"},
				"south": {"uv": [7, 3, 9, 4], "texture": "#side", "cullface": "up"},
				"west": {"uv": [9, 0, 7, 4], "rotation": 270, "texture": "#side"},
				"up": {"uv": [7, 0, 9, 4], "texture": "#side", "cullface": "up"},
				"down": {"uv": [7, 14, 9, 15], "rotation": 180, "texture": "#platform"}
			}
		},
		{
			"from": [7, -0.3, -0.29],
			"to": [8.999, 2, 4.01],
			"faces": {
				"north": {"uv": [7, 0, 9, 2], "rotation": 180, "texture": "#platform"},
				"east": {"uv": [14, 0, 16, 4], "rotation": 90, "texture": "#side"},
				"south": {"uv": [7, 3, 9, 4], "texture": "#side", "cullface": "down"},
				"west": {"uv": [7, 0, 9, 4], "rotation": 270, "texture": "#side"},
				"up": {"uv": [7, 0, 9, 4], "texture": "#side", "cullface": "north"},
				"down": {"uv": [7, 0, 9, 4], "rotation": 180, "texture": "#side"}
			}
		},
		{
			"from": [14, -0.3, -0.29],
			"to": [16.3, 2, 4.01],
			"faces": {
				"north": {"uv": [14, 0, 16, 2], "rotation": 180, "texture": "#platform"},
				"east": {"uv": [14, 0, 16, 4], "rotation": 90, "texture": "#side"},
				"south": {"uv": [15, 2.7, 16, 3.7], "texture": "#side"},
				"west": {"uv": [0, 0, 2, 4.1], "rotation": 270, "texture": "#platform"},
				"up": {"uv": [14, 0, 16, 4], "texture": "#side"},
				"down": {"uv": [0, 0, 2, 4], "rotation": 180, "texture": "#side"}
			}
		},
		{
			"from": [-0.3, -0.3, -0.29],
			"to": [1.999, 2, 4.01],
			"faces": {
				"north": {"uv": [0, 0, 2, 2], "rotation": 180, "texture": "#platform"},
				"east": {"uv": [14, 0, 16, 4], "rotation": 90, "texture": "#side"},
				"south": {"uv": [0, 3, 1, 4], "texture": "#side"},
				"west": {"uv": [0, 0, 2, 4], "rotation": 270, "texture": "#side"},
				"up": {"uv": [0, 0, 2, 4], "texture": "#side"},
				"down": {"uv": [14, 0, 16, 4], "rotation": 180, "texture": "#side"}
			}
		},
		{
			"from": [-0.3, 7, -0.3],
			"to": [2, 9, 4],
			"faces": {
				"north": {"uv": [0, 7, 2, 9], "rotation": 180, "texture": "#platform"},
				"east": {"uv": [7, 0, 9, 4], "rotation": 90, "texture": "#side"},
				"south": {"uv": [7, 3, 9, 4], "texture": "#side", "cullface": "west"},
				"west": {"uv": [7, 0, 9, 4], "rotation": 270, "texture": "#side"},
				"up": {"uv": [7, 0, 9, 4], "texture": "#side"},
				"down": {"uv": [7, 0, 9, 4], "rotation": 180, "texture": "#side"}
			}
		},
		{
			"from": [14, 7, -0.29],
			"to": [16.3, 9, 4.01],
			"faces": {
				"north": {"uv": [14, 7, 16, 9], "rotation": 180, "texture": "#platform"},
				"east": {"uv": [7, 0, 9, 4], "rotation": 90, "texture": "#side"},
				"south": {"uv": [7, 3, 8, 4], "texture": "#side"},
				"west": {"uv": [14, 7, 15, 9], "rotation": 270, "texture": "#platform"},
				"up": {"uv": [9, 0, 7, 4], "texture": "#side"},
				"down": {"uv": [7, 0, 9, 4], "rotation": 180, "texture": "#side"}
			}
		},
		{
			"from": [14, 14, -0.3],
			"to": [16.3, 16.3, 4],
			"faces": {
				"north": {"uv": [14, 14, 16, 16], "rotation": 180, "texture": "#platform"},
				"east": {"uv": [0, 0, 2, 4], "rotation": 90, "texture": "#side"},
				"south": {"uv": [15, 3, 16, 4], "texture": "#side"},
				"west": {"uv": [16, 0, 14, 4], "rotation": 270, "texture": "#side"},
				"up": {"uv": [14, 0, 16, 4], "texture": "#side", "cullface": "up"},
				"down": {"uv": [2, 0, 0, 4], "rotation": 180, "texture": "#side"}
			}
		},
		{
			"from": [-0.3, 14, -0.3],
			"to": [2, 16.3, 4],
			"faces": {
				"north": {"uv": [0, 14, 2, 16], "rotation": 180, "texture": "#platform"},
				"east": {"uv": [2, 0, 0, 4], "rotation": 90, "texture": "#side"},
				"south": {"uv": [14, 3, 15, 4], "texture": "#side"},
				"west": {"uv": [14, 0, 16, 4], "rotation": 270, "texture": "#side"},
				"up": {"uv": [0, 0, 2, 4], "texture": "#side", "cullface": "up"},
				"down": {"uv": [14, 0, 16, 4], "rotation": 180, "texture": "#side"}
			}
		},
		{
			"from": [0.5, 0.5, 4.5],
			"to": [15.5, 15.5, 15.5],
			"faces": {
				"east": {"uv": [0.5, 4.5, 15.5, 15.5], "rotation": 90, "texture": "#side", "cullface": "east"},
				"south": {"uv": [0.5, 0.5, 15.5, 15.5], "texture": "#bottom", "cullface": "south"},
				"west": {"uv": [0.5, 4.5, 15.5, 15.5], "rotation": 270, "texture": "#side", "cullface": "west"},
				"up": {"uv": [0.5, 4.5, 15.5, 15.5], "texture": "#side", "cullface": "up"},
				"down": {"uv": [0.5, 4.5, 15.5, 15.5], "rotation": 180, "texture": "#side", "cullface": "down"}
			}
		}
	]
}