{
	"credit": "Made with Blockbench",
	"ambientocclusion": false,
	"textures": {
		"0": "block/powered_rail_on",
		"1": "block/rail2",
		"particle": "block/powered_rail_on"
	},
	"elements": [
		{
			"from": [3, 0.7, 0],
			"to": [5, 1.2, 16],
			"faces": {
				"north": {"uv": [5, 0, 3, 0.5], "texture": "#0", "cullface": "north"},
				"east": {"uv": [4, 0, 4.5, 16], "rotation": 90, "texture": "#0"},
				"south": {"uv": [3, 15, 5, 15.5], "texture": "#0", "cullface": "south"},
				"up": {"uv": [3, 0, 5, 16], "texture": "#0"},
				"down": {"uv": [3, 0, 4, 16], "texture": "#0"}
			}
		},
		{
			"from": [11, 0.7, 0],
			"to": [13, 1.2, 16],
			"faces": {
				"north": {"uv": [13, 0, 11, 0.5], "texture": "#0", "cullface": "north"},
				"south": {"uv": [11, 15, 13, 15.5], "texture": "#0", "cullface": "south"},
				"west": {"uv": [11, 16, 11.5, 0], "rotation": 90, "texture": "#0"},
				"up": {"uv": [11, 0, 13, 16], "texture": "#0"},
				"down": {"uv": [12, 0, 13, 16], "texture": "#0"}
			}
		},
		{
			"from": [2, 0.7, 0],
			"to": [3, 1.7, 16],
			"faces": {
				"north": {"uv": [2, 0, 3, 1], "texture": "#0", "cullface": "north"},
				"east": {"uv": [2, 0, 3, 16], "rotation": 90, "texture": "#0"},
				"south": {"uv": [2, 15, 3, 16], "texture": "#0", "cullface": "south"},
				"west": {"uv": [2, 16, 3, 0], "rotation": 90, "texture": "#0"},
				"up": {"uv": [2, 0, 3, 16], "texture": "#0"},
				"down": {"uv": [2, 0, 3, 16], "texture": "#0"}
			}
		},
		{
			"from": [13, 0.7, 0],
			"to": [14, 1.7, 16],
			"faces": {
				"north": {"uv": [13, 0, 14, 1], "texture": "#0", "cullface": "north"},
				"east": {"uv": [13, 0, 14, 16], "rotation": 90, "texture": "#0"},
				"south": {"uv": [13, 15, 14, 16], "texture": "#0", "cullface": "south"},
				"west": {"uv": [13, 0, 14, 16], "rotation": 90, "texture": "#0"},
				"up": {"uv": [13, 0, 14, 16], "texture": "#0"},
				"down": {"uv": [13, 0, 14, 16], "texture": "#0"}
			}
		},
		{
			"from": [1, 0, 13],
			"to": [15, 0.7, 15],
			"faces": {
				"north": {"uv": [7, 10.85, 14, 10.5], "texture": "#1"},
				"east": {"uv": [7, 11, 8, 10.65], "texture": "#1"},
				"south": {"uv": [14, 10.5, 7, 10.85], "texture": "#1"},
				"west": {"uv": [13, 11, 14, 10.65], "texture": "#1"},
				"up": {"uv": [1, 13, 15, 15], "texture": "#0"},
				"down": {"uv": [7, 10.5, 14, 11.5], "texture": "#1", "cullface": "down"}
			}
		},
		{
			"from": [1, 0, 9],
			"to": [15, 0.7, 11],
			"faces": {
				"north": {"uv": [7, 8.85, 14, 8.5], "texture": "#1"},
				"east": {"uv": [7, 8.5, 8, 8.85], "texture": "#1"},
				"south": {"uv": [14, 8.85, 7, 8.5], "texture": "#1"},
				"west": {"uv": [13, 8.65, 14, 9], "texture": "#1"},
				"up": {"uv": [1, 9, 15, 11], "texture": "#0"},
				"down": {"uv": [7, 8.5, 14, 9.5], "texture": "#1", "cullface": "down"}
			}
		},
		{
			"from": [1, 0, 5],
			"to": [15, 0.7, 7],
			"faces": {
				"north": {"uv": [7, 6.5, 14, 6.85], "texture": "#1"},
				"east": {"uv": [13, 6.5, 14, 6.85], "texture": "#1"},
				"south": {"uv": [14, 6.65, 7, 7], "texture": "#1"},
				"west": {"uv": [8, 7, 7, 7.35], "texture": "#1"},
				"up": {"uv": [15, 5, 1, 7], "texture": "#0"},
				"down": {"uv": [7, 7.5, 14, 6.5], "texture": "#1", "cullface": "down"}
			}
		},
		{
			"from": [1, 0, 1],
			"to": [15, 0.7, 3],
			"faces": {
				"north": {"uv": [7, 4.5, 14, 4.95], "texture": "#1"},
				"east": {"uv": [14, 4.5, 13, 4.85], "texture": "#1"},
				"south": {"uv": [14, 4.85, 7, 4.5], "texture": "#1"},
				"west": {"uv": [8, 4.5, 7, 4.85], "texture": "#1"},
				"up": {"uv": [1, 1, 15, 3], "texture": "#0"},
				"down": {"uv": [7, 4.5, 14, 5.5], "texture": "#1", "cullface": "down"}
			}
		},
		{
			"from": [5, 0.7, 13],
			"to": [6, 1.2, 15],
			"faces": {
				"north": {"uv": [5, 13, 6, 13.5], "texture": "#0"},
				"east": {"uv": [5, 13, 5.5, 15], "rotation": 90, "texture": "#0"},
				"south": {"uv": [5, 14, 6, 14.5], "texture": "#0"},
				"west": {"uv": [0, 0, 0, 0], "texture": "#0"},
				"up": {"uv": [5, 13, 6, 15], "texture": "#0"},
				"down": {"uv": [0, 0, 0, 0], "texture": "#0"}
			}
		},
		{
			"from": [5, 0.7, 9],
			"to": [6, 1.2, 11],
			"faces": {
				"north": {"uv": [5, 13, 6, 13.5], "texture": "#0"},
				"east": {"uv": [5, 13, 5.5, 15], "rotation": 90, "texture": "#0"},
				"south": {"uv": [5, 14, 6, 14.5], "texture": "#0"},
				"west": {"uv": [0, 0, 0, 0], "texture": "#0"},
				"up": {"uv": [5, 13, 6, 15], "texture": "#0"},
				"down": {"uv": [0, 0, 0, 0], "texture": "#0"}
			}
		},
		{
			"from": [5, 0.7, 5],
			"to": [6, 1.2, 7],
			"faces": {
				"north": {"uv": [5, 5, 6, 5.5], "texture": "#0"},
				"east": {"uv": [5, 5, 5.5, 7], "rotation": 90, "texture": "#0"},
				"south": {"uv": [5, 6, 6, 6.5], "texture": "#0"},
				"west": {"uv": [0, 0, 0, 0], "texture": "#0"},
				"up": {"uv": [5, 5, 6, 7], "texture": "#0"},
				"down": {"uv": [0, 0, 0, 0], "texture": "#0"}
			}
		},
		{
			"from": [5, 0.7, 1],
			"to": [6, 1.2, 3],
			"faces": {
				"north": {"uv": [5, 13, 6, 13.5], "texture": "#0"},
				"east": {"uv": [5, 13, 5.5, 15], "rotation": 90, "texture": "#0"},
				"south": {"uv": [5, 14, 6, 14.5], "texture": "#0"},
				"west": {"uv": [0, 0, 0, 0], "texture": "#0"},
				"up": {"uv": [5, 13, 6, 15], "texture": "#0"},
				"down": {"uv": [0, 0, 0, 0], "texture": "#0"}
			}
		},
		{
			"from": [10, 0.7, 1],
			"to": [11, 1.2, 3],
			"faces": {
				"north": {"uv": [5, 13, 6, 13.5], "texture": "#0"},
				"east": {"uv": [0, 0, 0, 0], "texture": "#0"},
				"south": {"uv": [5, 14, 6, 14.5], "texture": "#0"},
				"west": {"uv": [5, 15, 5.5, 13], "rotation": 90, "texture": "#0"},
				"up": {"uv": [5, 13, 6, 15], "texture": "#0"},
				"down": {"uv": [0, 0, 0, 0], "texture": "#0"}
			}
		},
		{
			"from": [10, 0.7, 5],
			"to": [11, 1.2, 7],
			"faces": {
				"north": {"uv": [10, 5, 11, 5.5], "texture": "#0"},
				"east": {"uv": [0, 0, 0, 0], "texture": "#0"},
				"south": {"uv": [10, 6, 11, 6.5], "texture": "#0"},
				"west": {"uv": [10, 7, 10.5, 5], "rotation": 90, "texture": "#0"},
				"up": {"uv": [10, 5, 11, 7], "texture": "#0"},
				"down": {"uv": [0, 0, 0, 0], "texture": "#0"}
			}
		},
		{
			"from": [10, 0.7, 9],
			"to": [11, 1.2, 11],
			"faces": {
				"north": {"uv": [5, 13, 6, 13.5], "texture": "#0"},
				"east": {"uv": [0, 0, 0, 0], "texture": "#0"},
				"south": {"uv": [5, 14, 6, 14.5], "texture": "#0"},
				"west": {"uv": [5, 15, 5.5, 13], "rotation": 90, "texture": "#0"},
				"up": {"uv": [5, 13, 6, 15], "texture": "#0"},
				"down": {"uv": [0, 0, 0, 0], "texture": "#0"}
			}
		},
		{
			"from": [10, 0.7, 13],
			"to": [11, 1.2, 15],
			"faces": {
				"north": {"uv": [10, 13, 11, 13.5], "texture": "#0"},
				"east": {"uv": [0, 0, 0, 0], "texture": "#0"},
				"south": {"uv": [10, 14, 11, 14.5], "texture": "#0"},
				"west": {"uv": [10, 15, 10.5, 13], "rotation": 90, "texture": "#0"},
				"up": {"uv": [10, 13, 11, 15], "texture": "#0"},
				"down": {"uv": [0, 0, 0, 0], "texture": "#0"}
			}
		},
		{
			"from": [7, 0, 3],
			"to": [9, 0.7, 13],
			"faces": {
				"north": {"uv": [0, 0, 0, 0], "texture": "#0"},
				"east": {"uv": [8, 3, 8.7, 13], "rotation": 90, "texture": "#0"},
				"south": {"uv": [0, 0, 0, 0], "texture": "#0"},
				"west": {"uv": [7, 13, 7.7, 3], "rotation": 90, "texture": "#0"},
				"up": {"uv": [7, 3, 9, 13], "texture": "#0"},
				"down": {"uv": [7, 3, 9, 13], "texture": "#0"}
			}
		}
	]
}