{
	"credit": "Made with Blockbench",
	"parent": "block/cube_column",
	"textures": {
		"end": "block/pumpkin_top",
		"side": "block/pumpkin_side"
	},
	"elements": [
		{
			"from": [0, 0, 0],
			"to": [16, 16, 16],
			"faces": {
				"north": {"uv": [0, 0, 16, 16], "texture": "#side", "cullface": "north"},
				"east": {"uv": [0, 0, 16, 16], "texture": "#side", "cullface": "east"},
				"south": {"uv": [0, 0, 16, 16], "texture": "#side", "cullface": "south"},
				"west": {"uv": [0, 0, 16, 16], "texture": "#side", "cullface": "west"},
				"up": {"uv": [0, 0, 16, 16], "texture": "#end", "cullface": "up"},
				"down": {"uv": [0, 0, 16, 16], "texture": "#end", "cullface": "down"}
			}
		},
		{
			"from": [7, 16, 6],
			"to": [9, 16.99, 10],
			"faces": {
				"north": {"uv": [7, 9, 9, 10], "texture": "#end", "cullface": "up"},
				"east": {"uv": [8, 6, 9, 10], "rotation": 90, "texture": "#end", "cullface": "up"},
				"south": {"uv": [7, 9, 9, 10], "texture": "#end", "cullface": "up"},
				"west": {"uv": [7, 10, 8, 6], "rotation": 90, "texture": "#end", "cullface": "up"},
				"up": {"uv": [7, 6, 9, 10], "texture": "#end", "cullface": "up"}
			}
		},
		{
			"from": [5.001, 16, 5.001],
			"to": [7, 16.99, 8],
			"faces": {
				"north": {"uv": [7, 5, 5, 6], "texture": "#end", "cullface": "up"},
				"south": {"uv": [5, 7, 7, 8], "texture": "#end", "cullface": "up"},
				"west": {"uv": [5, 8, 6, 5], "rotation": 90, "texture": "#end", "cullface": "up"},
				"up": {"uv": [5, 5, 7, 8], "texture": "#end", "cullface": "up"}
			}
		},
		{
			"from": [7, 16, 5.001],
			"to": [8, 16.99, 6.001],
			"faces": {
				"north": {"uv": [7, 5, 8, 6], "texture": "#end", "cullface": "up"},
				"east": {"uv": [7, 5, 8, 6], "texture": "#end", "cullface": "up"},
				"up": {"uv": [7, 5, 8, 6], "texture": "#end", "cullface": "up"}
			}
		},
		{
			"from": [6, 16, 8],
			"to": [7, 16.99, 9],
			"faces": {
				"south": {"uv": [6, 8, 7, 9], "texture": "#end", "cullface": "up"},
				"west": {"uv": [6, 8, 7, 9], "texture": "#end", "cullface": "up"},
				"up": {"uv": [6, 8, 7, 9], "texture": "#end", "cullface": "up"}
			}
		},
		{
			"from": [9, 16, 8],
			"to": [9.999, 16.99, 9],
			"faces": {
				"north": {"uv": [9, 8, 10, 9], "texture": "#end", "cullface": "up"},
				"east": {"uv": [9, 8, 10, 9], "texture": "#end", "cullface": "up"},
				"south": {"uv": [9, 8, 10, 9], "texture": "#end", "cullface": "up"},
				"up": {"uv": [9, 8, 10, 9], "texture": "#end", "cullface": "up"}
			}
		}
	],
	"display": {
		"firstperson_righthand": {
			"rotation": [0, 135, 0],
			"scale": [0.4, 0.4, 0.4]
		}
	}
}