{
	"credit": "Made with Blockbench",
	"ambientocclusion": false,
	"textures": {
		"0": "block/rail1",
		"particle": "block/rail"
	},
	"elements": [
		{
			"from": [12, 0.7, 15.7],
			"to": [13, 1.2, 16.7],
			"faces": {
				"south": {"uv": [12, 15, 13, 15.5], "texture": "#particle"},
				"west": {"uv": [12, 15, 13, 15.5], "texture": "#particle"},
				"up": {"uv": [12, 15, 13, 15.5], "texture": "#particle"},
				"down": {"uv": [12, 15, 13, 15.5], "texture": "#particle"}
			}
		},
		{
			"from": [3, 0.7, 15.7],
			"to": [4, 1.2, 16.7],
			"faces": {
				"east": {"uv": [3, 15, 4, 15.5], "texture": "#particle"},
				"south": {"uv": [3, 15, 4, 15.5], "texture": "#particle"},
				"up": {"uv": [3, 15, 4, 15.5], "texture": "#particle"},
				"down": {"uv": [3, 15, 4, 15.5], "texture": "#particle"}
			}
		},
		{
			"from": [13, 0.7, 15.7],
			"to": [14, 1.7, 16.7],
			"faces": {
				"east": {"uv": [13, 15, 14, 16], "texture": "#particle"},
				"south": {"uv": [13, 15, 14, 16], "texture": "#particle"},
				"west": {"uv": [13, 15, 14, 16], "texture": "#particle"},
				"down": {"uv": [13, 15, 14, 16], "texture": "#particle"}
			}
		},
		{
			"from": [2, 0.7, 15.7],
			"to": [3, 1.7, 16.7],
			"faces": {
				"east": {"uv": [2, 15, 3, 16], "texture": "#particle"},
				"south": {"uv": [2, 15, 3, 16], "texture": "#particle"},
				"west": {"uv": [2, 15, 3, 16], "texture": "#particle"},
				"down": {"uv": [2, 15, 3, 16], "texture": "#particle"}
			}
		},
		{
			"from": [12, 8.7, 0],
			"to": [13, 9.2, 16],
			"rotation": {"angle": 45, "axis": "x", "origin": [8, 9, 8], "rescale": true},
			"faces": {
				"north": {"uv": [2, 4.5, 2.45, 4.7], "texture": "#0", "cullface": "north"},
				"south": {"uv": [2, 4, 2.45, 4.2], "texture": "#0", "cullface": "south"},
				"west": {"uv": [12.5, 16, 12, 0], "rotation": 90, "texture": "#particle"},
				"up": {"uv": [12, 0, 13, 16], "texture": "#particle"},
				"down": {"uv": [12, 16, 13, 0], "texture": "#particle"}
			}
		},
		{
			"from": [2, 8.7, 0],
			"to": [3, 9.7, 16],
			"rotation": {"angle": 45, "axis": "x", "origin": [8, 9, 8], "rescale": true},
			"faces": {
				"north": {"uv": [1.5, 4, 2, 4.5], "texture": "#0", "cullface": "north"},
				"east": {"uv": [2, 0, 3, 16], "rotation": 90, "texture": "#particle"},
				"south": {"uv": [1.5, 11.5, 2, 12], "texture": "#0", "cullface": "south"},
				"west": {"uv": [2, 16, 3, 0], "rotation": 90, "texture": "#particle"},
				"up": {"uv": [2, 0, 3, 16], "texture": "#particle"},
				"down": {"uv": [2, 16, 3, 0], "texture": "#particle"}
			}
		},
		{
			"from": [13, 8.7, 0],
			"to": [14, 9.7, 16],
			"rotation": {"angle": 45, "axis": "x", "origin": [8, 9, 8], "rescale": true},
			"faces": {
				"north": {"uv": [3, 4, 3.5, 4.5], "texture": "#0", "cullface": "north"},
				"east": {"uv": [13, 0, 14, 16], "rotation": 90, "texture": "#particle"},
				"south": {"uv": [3, 11.5, 3.5, 12], "texture": "#0", "cullface": "south"},
				"west": {"uv": [13, 0, 14, 16], "rotation": 90, "texture": "#particle"},
				"up": {"uv": [13, 0, 14, 16], "texture": "#particle"},
				"down": {"uv": [13, 16, 14, 0], "texture": "#particle"}
			}
		},
		{
			"name": "1",
			"from": [1, 8, 13],
			"to": [15, 8.7, 15],
			"rotation": {"angle": 45, "axis": "x", "origin": [8, 9, 8], "rescale": true},
			"faces": {
				"north": {"uv": [7, 5.5, 14, 5], "texture": "#0"},
				"east": {"uv": [14.1, 13, 14.8, 15], "rotation": 90, "texture": "#particle"},
				"south": {"uv": [14, 4.5, 7, 5], "texture": "#0"},
				"west": {"uv": [1.7, 15, 1, 13], "rotation": 90, "texture": "#particle"},
				"up": {"uv": [14, 5.5, 7, 4.5], "texture": "#0"},
				"down": {"uv": [14, 4.5, 7, 5.5], "texture": "#0"}
			}
		},
		{
			"name": "2",
			"from": [1, 8, 9],
			"to": [15, 8.7, 11],
			"rotation": {"angle": 45, "axis": "x", "origin": [8, 9, 8], "rescale": true},
			"faces": {
				"north": {"uv": [7, 9.5, 14, 9], "texture": "#0"},
				"east": {"uv": [14, 9, 14.7, 11], "rotation": 90, "texture": "#particle"},
				"south": {"uv": [14, 9, 7, 8.5], "texture": "#0"},
				"west": {"uv": [1, 11, 1.7, 9], "rotation": 90, "texture": "#particle"},
				"up": {"uv": [14, 7.5, 7, 6.5], "texture": "#0"},
				"down": {"uv": [14, 6.5, 7, 7.5], "texture": "#0"}
			}
		},
		{
			"name": "3",
			"from": [1, 8, 5],
			"to": [15, 8.7, 7],
			"rotation": {"angle": 45, "axis": "x", "origin": [8, 9, 8], "rescale": true},
			"faces": {
				"north": {"uv": [7, 9, 14, 9.5], "texture": "#0"},
				"east": {"uv": [14, 5, 14.7, 7], "rotation": 90, "texture": "#particle"},
				"south": {"uv": [14, 8.5, 7, 9], "texture": "#0"},
				"west": {"uv": [1, 7, 1.7, 5], "rotation": 90, "texture": "#particle"},
				"up": {"uv": [14, 9.5, 7, 8.5], "texture": "#0"},
				"down": {"uv": [14, 8.5, 7, 9.5], "texture": "#0"}
			}
		},
		{
			"name": "4",
			"from": [1, 8, 1],
			"to": [15, 8.7, 3],
			"rotation": {"angle": 45, "axis": "x", "origin": [8, 9, 8], "rescale": true},
			"faces": {
				"north": {"uv": [7, 11, 14, 11.5], "texture": "#0"},
				"east": {"uv": [14, 1, 14.7, 3], "rotation": 90, "texture": "#particle"},
				"south": {"uv": [14, 11, 7, 10.5], "texture": "#0"},
				"west": {"uv": [1, 3, 1.7, 1], "rotation": 90, "texture": "#particle"},
				"up": {"uv": [14, 11.5, 7, 10.5], "texture": "#0"},
				"down": {"uv": [14, 10.5, 7, 11.5], "texture": "#0"}
			}
		},
		{
			"from": [3, 8.7, 0],
			"to": [4, 9.2, 16],
			"rotation": {"angle": 45, "axis": "x", "origin": [8, 9, 8], "rescale": true},
			"faces": {
				"north": {"uv": [3, 4, 3.45, 4.2], "texture": "#0", "cullface": "north"},
				"east": {"uv": [3.5, 0, 4, 16], "rotation": 90, "texture": "#particle"},
				"south": {"uv": [3, 4.5, 3.45, 4.7], "texture": "#0", "cullface": "south"},
				"up": {"uv": [3, 0, 4, 16], "texture": "#particle"},
				"down": {"uv": [3, 0, 4, 16], "texture": "#particle"}
			}
		},
		{
			"from": [2, 16.7, -0.3],
			"to": [3, 17.7, 0.7],
			"rotation": {"angle": 0, "axis": "x", "origin": [8, 9, 8]},
			"faces": {
				"north": {"uv": [2, 0, 3, 1], "texture": "#particle"},
				"east": {"uv": [2, 0, 3, 1], "texture": "#particle"},
				"south": {"uv": [2, 0, 3, 1], "texture": "#particle"},
				"west": {"uv": [2, 0, 3, 1], "texture": "#particle"},
				"up": {"uv": [2, 0, 3, 1], "texture": "#particle"},
				"down": {"uv": [2, 0, 3, 1], "texture": "#particle"}
			}
		},
		{
			"from": [3, 16.7, -0.8],
			"to": [4, 17.2, 0.2],
			"rotation": {"angle": 0, "axis": "y", "origin": [8, 9, 8]},
			"faces": {
				"east": {"uv": [3, 0, 4, 1], "texture": "#particle"},
				"west": {"uv": [3, 0, 4, 1], "texture": "#particle"},
				"up": {"uv": [3, 0, 4, 1], "texture": "#particle"},
				"down": {"uv": [3, 0, 4, 1], "texture": "#particle"}
			}
		},
		{
			"from": [12, 16.7, -0.8],
			"to": [13, 17.2, 0.2],
			"rotation": {"angle": 0, "axis": "y", "origin": [8, 9, 8]},
			"faces": {
				"east": {"uv": [12, 0, 13, 1], "texture": "#particle"},
				"west": {"uv": [12, 0, 13, 1], "texture": "#particle"},
				"up": {"uv": [12, 0, 13, 1], "texture": "#particle"},
				"down": {"uv": [12, 0, 13, 1], "texture": "#particle"}
			}
		},
		{
			"from": [13, 16.7, -0.3],
			"to": [14, 17.7, 0.7],
			"rotation": {"angle": 0, "axis": "y", "origin": [8, 9, 8]},
			"faces": {
				"north": {"uv": [13, 0, 14, 1], "texture": "#particle"},
				"east": {"uv": [13, 0, 14, 1], "texture": "#particle"},
				"south": {"uv": [13, 0, 14, 1], "texture": "#particle"},
				"west": {"uv": [13, 0, 14, 1], "texture": "#particle"},
				"up": {"uv": [13, 0, 14, 1], "texture": "#particle"},
				"down": {"uv": [13, 0, 14, 1], "texture": "#particle"}
			}
		}
	]
}