{
	"credit": "Made with Blockbench",
	"parent": "minecraft:block/rail_curved",
	"ambientocclusion": false,
	"textures": {
		"1": "block/rail",
		"2": "block/rail1",
		"particle": "block/rail"
	},
	"elements": [
		{
			"from": [9.2, 0, 0.9],
			"to": [11.2, 0.71, 15.3],
			"rotation": {"angle": 22.5, "axis": "y", "origin": [12, 0, 1]},
			"faces": {
				"north": {"uv": [7, 8.5, 7.355, 9.5], "rotation": 270, "texture": "#2"},
				"east": {"uv": [14, 8.5, 7, 8.855], "texture": "#2"},
				"south": {"uv": [13.5, 8.5, 13.855, 9.5], "rotation": 90, "texture": "#2"},
				"west": {"uv": [7, 9, 14, 9.355], "texture": "#2"},
				"up": {"uv": [7, 8.5, 14, 9.5], "rotation": 90, "texture": "#2"}
			}
		},
		{
			"from": [2.5307, 0, 1.79552],
			"to": [16.8307, 0.69, 3.79552],
			"rotation": {"angle": -45, "axis": "y", "origin": [1, 0, 7]},
			"faces": {
				"north": {"uv": [7, 6.5, 14, 6.845], "texture": "#2"},
				"east": {"uv": [13.5, 6.5, 13.845, 7.5], "rotation": 90, "texture": "#2"},
				"south": {"uv": [7, 7, 14, 7.345], "texture": "#2"},
				"west": {"uv": [7, 7.5, 7.345, 6.5], "rotation": 90, "texture": "#2"},
				"up": {"uv": [7, 6.5, 14, 7.5], "texture": "#2"}
			}
		},
		{
			"from": [0.7, 0, 9.2],
			"to": [15, 0.7, 11.2],
			"rotation": {"angle": -22.5, "axis": "y", "origin": [1, 0, 13]},
			"faces": {
				"north": {"uv": [14, 4.5, 7, 4.85], "texture": "#2"},
				"east": {"uv": [13.5, 4.5, 13.85, 5.5], "rotation": 90, "texture": "#2"},
				"south": {"uv": [7, 5, 14, 5.35], "texture": "#2"},
				"west": {"uv": [7, 5.5, 7.35, 4.5], "rotation": 90, "texture": "#2"},
				"up": {"uv": [7, 4.5, 14, 5.5], "texture": "#2"}
			}
		},
		{
			"from": [14.34315, 0.7, 12],
			"to": [17.65685, 1.2, 13],
			"rotation": {"angle": 45, "axis": "y", "origin": [16, 1.2, 16]},
			"faces": {
				"north": {"uv": [12, 8.91371, 12.5, 5.6], "rotation": 90, "texture": "#1"},
				"up": {"uv": [12, 5.6, 13, 8.91371], "rotation": 90, "texture": "#1"},
				"down": {"uv": [12, 5.6, 13, 8.91371], "rotation": 90, "texture": "#1"}
			}
		},
		{
			"from": [14.34315, 0.7, 12],
			"to": [15.99715, 1.199, 13],
			"rotation": {"angle": 0, "axis": "y", "origin": [16, 1.2, 16]},
			"faces": {
				"north": {"uv": [12, 5.075, 13, 3.4], "rotation": 90, "texture": "#1"},
				"east": {"uv": [12, 3.4, 13, 3.9], "texture": "#1"},
				"up": {"uv": [12, 3.4, 13, 5.075], "rotation": 90, "texture": "#1"},
				"down": {"uv": [12, 3.4, 13, 5.075], "rotation": 90, "texture": "#1"}
			}
		},
		{
			"from": [12, 0.7, 14.34315],
			"to": [13, 1.2, 16.00685],
			"rotation": {"angle": 0, "axis": "y", "origin": [16, 1.2, 16]},
			"faces": {
				"south": {"uv": [12, 15, 13, 15.5], "texture": "#1"},
				"west": {"uv": [12, 15.66371, 12.5, 14], "rotation": 90, "texture": "#1"},
				"up": {"uv": [12, 14, 13, 15.66371], "texture": "#1"},
				"down": {"uv": [12, 15.66371, 13, 14], "texture": "#1"}
			}
		},
		{
			"from": [14.75736, 0.7, 13],
			"to": [17.24264, 1.7, 14],
			"rotation": {"angle": 45, "axis": "y", "origin": [16, 1.2, 16]},
			"faces": {
				"north": {"uv": [2, 8.8, 3, 6.3], "rotation": 90, "texture": "#1"},
				"south": {"uv": [2, 6.3, 3, 8.8], "rotation": 90, "texture": "#1"},
				"up": {"uv": [2, 6.3, 3, 8.8], "rotation": 90, "texture": "#1"},
				"down": {"uv": [2, 6, 3, 8.5], "rotation": 90, "texture": "#1"}
			}
		},
		{
			"from": [14.75736, 0.7, 13],
			"to": [16.00736, 1.7, 14],
			"rotation": {"angle": 0, "axis": "y", "origin": [16, 1.2, 16]},
			"faces": {
				"north": {"uv": [2, 12, 3, 13.25], "rotation": 90, "texture": "#1"},
				"east": {"uv": [2, 12, 3, 13], "rotation": 90, "texture": "#1"},
				"south": {"uv": [2, 12, 3, 13.25], "rotation": 90, "texture": "#1"},
				"up": {"uv": [2, 12, 3, 13.25], "rotation": 90, "texture": "#1"},
				"down": {"uv": [2, 12, 3, 13.25], "rotation": 90, "texture": "#1"}
			}
		},
		{
			"from": [13, 0.7, 14.75736],
			"to": [14, 1.7, 16.00736],
			"rotation": {"angle": 0, "axis": "y", "origin": [16, 1.2, 16]},
			"faces": {
				"east": {"uv": [2, 3.3, 3, 4.6], "rotation": 90, "texture": "#1"},
				"south": {"uv": [2, 5.6, 3, 6.6], "texture": "#1"},
				"west": {"uv": [2, 4.6, 3, 3.3], "rotation": 90, "texture": "#1"},
				"up": {"uv": [2, 3.3, 3, 4.6], "texture": "#1"},
				"down": {"uv": [2, 3.3, 3, 4.6], "texture": "#1"}
			}
		},
		{
			"from": [12.41414, 0.7, 3],
			"to": [16.01414, 1.2, 4],
			"rotation": {"angle": 0, "axis": "y", "origin": [16, 1.2, 16]},
			"faces": {
				"east": {"uv": [3, 8, 4, 8.5], "texture": "#1"},
				"south": {"uv": [3, 8, 3.5, 11.6], "rotation": 90, "texture": "#1"},
				"up": {"uv": [3, 8, 4, 11.6], "rotation": 90, "texture": "#1"},
				"down": {"uv": [3, 8, 4, 11.6], "rotation": 90, "texture": "#1"}
			}
		},
		{
			"from": [12.91414, 0.7, 2.575],
			"to": [17.91414, 1.2, 3.575],
			"rotation": {"angle": 22.5, "axis": "y", "origin": [16, 1.2, 16]},
			"faces": {
				"south": {"uv": [3, 2, 3.5, 7], "rotation": 90, "texture": "#1"},
				"up": {"uv": [3, 2, 4, 7], "rotation": 90, "texture": "#1"},
				"down": {"uv": [4, 7, 3, 2], "rotation": 90, "texture": "#1"}
			}
		},
		{
			"from": [13.6, 0.7, 2.425],
			"to": [18.3, 1.2, 3.425],
			"rotation": {"angle": 45, "axis": "y", "origin": [16, 1.2, 16]},
			"faces": {
				"south": {"uv": [3, 2, 3.5, 7], "rotation": 90, "texture": "#1"},
				"up": {"uv": [3, 2, 4, 7], "rotation": 90, "texture": "#1"},
				"down": {"uv": [3, 2, 4, 7], "rotation": 90, "texture": "#1"}
			}
		},
		{
			"from": [2.55, 0.7, 13.01414],
			"to": [3.55, 1.2, 17.41414],
			"rotation": {"angle": -22.5, "axis": "y", "origin": [16, 1.2, 16]},
			"faces": {
				"east": {"uv": [3, 8, 3.5, 12.4], "rotation": 90, "texture": "#1"},
				"up": {"uv": [3, 8, 4, 12.4], "texture": "#1"},
				"down": {"uv": [3, 8, 4, 12.4], "texture": "#1"}
			}
		},
		{
			"from": [3, 0.7, 12.11414],
			"to": [4, 1.2, 16.01414],
			"rotation": {"angle": 0, "axis": "y", "origin": [16, 1.2, 16]},
			"faces": {
				"east": {"uv": [3, 12, 3.5, 16], "rotation": 90, "texture": "#1"},
				"south": {"uv": [3, 15, 4, 15.5], "texture": "#1"},
				"up": {"uv": [3, 12, 4, 16], "texture": "#1"},
				"down": {"uv": [3, 12, 4, 16], "texture": "#1"}
			}
		},
		{
			"from": [12.1, 0.7, 2],
			"to": [16, 1.7, 3],
			"rotation": {"angle": 0, "axis": "y", "origin": [14.6, 2.2, 14.6]},
			"faces": {
				"north": {"uv": [2, 4, 3, 0], "rotation": 90, "texture": "#1"},
				"east": {"uv": [2, 0, 3, 1], "texture": "#1"},
				"south": {"uv": [2, 0, 3, 4], "rotation": 90, "texture": "#1"},
				"west": {"uv": [2, 3, 2.5, 3.5], "texture": "#1"},
				"up": {"uv": [2, 0, 3, 4], "rotation": 90, "texture": "#1"},
				"down": {"uv": [2, 0, 3, 3.9], "rotation": 90, "texture": "#1"}
			}
		},
		{
			"from": [12.1, 0.7, 2],
			"to": [17.1, 1.7, 3],
			"rotation": {"angle": 22.5, "axis": "y", "origin": [14.6, 2.2, 14.6]},
			"faces": {
				"north": {"uv": [2, 3, 3, 8], "rotation": 270, "texture": "#1"},
				"south": {"uv": [2, 3, 3, 8], "rotation": 90, "texture": "#1"},
				"west": {"uv": [2, 7, 2.5, 7.5], "texture": "#1"},
				"up": {"uv": [2, 3, 3, 8], "rotation": 90, "texture": "#1"},
				"down": {"uv": [2, 3, 3, 8], "rotation": 90, "texture": "#1"}
			}
		},
		{
			"from": [12.1, 0.7, 2],
			"to": [17.1, 1.7, 3],
			"rotation": {"angle": 45, "axis": "y", "origin": [14.6, 2.2, 14.6]},
			"faces": {
				"north": {"uv": [2, 3, 3, 8], "rotation": 90, "texture": "#1"},
				"south": {"uv": [2, 3, 3, 8], "rotation": 90, "texture": "#1"},
				"west": {"uv": [2, 7, 3, 8], "texture": "#1"},
				"up": {"uv": [2, 3, 3, 8], "rotation": 90, "texture": "#1"},
				"down": {"uv": [2, 3, 3, 8], "rotation": 90, "texture": "#1"}
			}
		},
		{
			"from": [2, 0.7, 12.1],
			"to": [3, 1.7, 17.1],
			"rotation": {"angle": -22.5, "axis": "y", "origin": [14.6, 2.2, 14.6]},
			"faces": {
				"east": {"uv": [2, 8, 3, 13], "rotation": 90, "texture": "#1"},
				"south": {"uv": [2, 12, 3, 13], "texture": "#1"},
				"west": {"uv": [2, 8, 3, 13], "rotation": 270, "texture": "#1"},
				"up": {"uv": [2, 8, 3, 13], "texture": "#1"},
				"down": {"uv": [2, 8, 3, 13], "rotation": 180, "texture": "#1"}
			}
		},
		{
			"from": [2, 0.7, 12.1],
			"to": [3, 1.7, 16],
			"rotation": {"angle": 0, "axis": "y", "origin": [14.6, 2.2, 14.6]},
			"faces": {
				"north": {"uv": [2, 12, 3, 13], "texture": "#1"},
				"east": {"uv": [2, 12, 3, 15.9], "rotation": 90, "texture": "#1"},
				"south": {"uv": [2, 15, 3, 16], "texture": "#1"},
				"west": {"uv": [2, 12, 3, 16], "rotation": 90, "texture": "#1"},
				"up": {"uv": [2, 12, 3, 16], "texture": "#1"},
				"down": {"uv": [2, 12, 3, 16], "texture": "#1"}
			}
		}
	]
}