{
	"credit": "Made with Blockbench",
	"ambientocclusion": false,
	"textures": {
		"0": "block/rail1",
		"particle": "block/rail"
	},
	"elements": [
		{
			"from": [3, 0.7, 0],
			"to": [4, 1.2, 16],
			"faces": {
				"north": {"uv": [3, 0, 4, 0.5], "texture": "#particle", "cullface": "north"},
				"east": {"uv": [3.5, 0, 4, 16], "rotation": 90, "texture": "#particle"},
				"south": {"uv": [3, 15.5, 4, 16], "texture": "#particle", "cullface": "south"},
				"up": {"uv": [3, 0, 4, 16], "texture": "#particle"},
				"down": {"uv": [3, 16, 4, 0], "texture": "#particle"}
			}
		},
		{
			"from": [12, 0.7, 0],
			"to": [13, 1.2, 16],
			"faces": {
				"north": {"uv": [12, 0.5, 13, 1], "texture": "#particle", "cullface": "north"},
				"south": {"uv": [12, 15, 13, 15.5], "texture": "#particle", "cullface": "south"},
				"west": {"uv": [12, 16, 12.5, 0], "rotation": 90, "texture": "#particle"},
				"up": {"uv": [12, 0, 13, 16], "texture": "#particle"},
				"down": {"uv": [12, 0, 13, 16], "texture": "#particle"}
			}
		},
		{
			"from": [2, 0.7, 0],
			"to": [3, 1.7, 16],
			"faces": {
				"north": {"uv": [2, 0, 3, 1], "texture": "#particle", "cullface": "north"},
				"east": {"uv": [2, 0, 3, 16], "rotation": 90, "texture": "#particle"},
				"south": {"uv": [2, 15, 3, 16], "texture": "#particle", "cullface": "south"},
				"west": {"uv": [2, 16, 3, 0], "rotation": 90, "texture": "#particle"},
				"up": {"uv": [2, 0, 3, 16], "texture": "#particle"},
				"down": {"uv": [2, 0, 3, 16], "texture": "#particle"}
			}
		},
		{
			"from": [13, 0.7, 0],
			"to": [14, 1.7, 16],
			"faces": {
				"north": {"uv": [3, 4, 3.5, 4.5], "texture": "#0", "cullface": "north"},
				"east": {"uv": [13, 0, 14, 16], "rotation": 90, "texture": "#particle"},
				"south": {"uv": [3, 11.5, 3.5, 12], "texture": "#0", "cullface": "south"},
				"west": {"uv": [13, 16, 14, 0], "rotation": 90, "texture": "#particle"},
				"up": {"uv": [13, 0, 14, 16], "texture": "#particle"},
				"down": {"uv": [13, 16, 14, 0], "texture": "#particle"}
			}
		},
		{
			"from": [1, 0, 13],
			"to": [15, 0.7, 15],
			"faces": {
				"north": {"uv": [7, 5.5, 14, 5], "texture": "#0"},
				"east": {"uv": [14, 15, 14.7, 13], "rotation": 90, "texture": "#particle"},
				"south": {"uv": [14, 4.5, 7, 5], "texture": "#0"},
				"west": {"uv": [1.7, 13, 1, 15], "rotation": 90, "texture": "#particle"},
				"up": {"uv": [15, 15, 1, 13], "texture": "#particle"},
				"down": {"uv": [14, 4.5, 7, 5.5], "texture": "#0", "cullface": "down"}
			}
		},
		{
			"from": [1, 0, 9],
			"to": [15, 0.7, 11],
			"faces": {
				"north": {"uv": [7, 9.5, 14, 9], "texture": "#0"},
				"east": {"uv": [14, 11, 14.7, 9], "rotation": 90, "texture": "#particle"},
				"south": {"uv": [14, 9, 7, 8.5], "texture": "#0"},
				"west": {"uv": [1, 9, 1.7, 11], "rotation": 90, "texture": "#particle"},
				"up": {"uv": [15, 11, 1, 9], "texture": "#particle"},
				"down": {"uv": [14, 6.5, 7, 7.5], "texture": "#0", "cullface": "down"}
			}
		},
		{
			"from": [1, 0, 5],
			"to": [15, 0.7, 7],
			"faces": {
				"north": {"uv": [7, 9, 14, 9.5], "texture": "#0"},
				"east": {"uv": [14, 5, 14.7, 7], "rotation": 90, "texture": "#particle"},
				"south": {"uv": [14, 8.5, 7, 9], "texture": "#0"},
				"west": {"uv": [1, 7, 1.7, 5], "rotation": 90, "texture": "#particle"},
				"up": {"uv": [15, 7, 1, 5], "texture": "#particle"},
				"down": {"uv": [14, 8.5, 7, 9.5], "texture": "#0", "cullface": "down"}
			}
		},
		{
			"from": [1, 0, 1],
			"to": [15, 0.7, 3],
			"faces": {
				"north": {"uv": [7, 11, 14, 11.5], "texture": "#0"},
				"east": {"uv": [14, 1, 14.7, 3], "rotation": 90, "texture": "#particle"},
				"south": {"uv": [14, 11, 7, 10.5], "texture": "#0"},
				"west": {"uv": [1, 3, 1.7, 1], "rotation": 90, "texture": "#particle"},
				"up": {"uv": [15, 3, 1, 1], "texture": "#particle"},
				"down": {"uv": [14, 10.5, 7, 11.5], "texture": "#0", "cullface": "down"}
			}
		}
	]
}