{
	"credit": "Made with Blockbench",
	"parent": "minecraft:block/cross",
	"textures": {
		"cross": "block/red_mushroom"
	},
	"elements": [
		{
			"from": [7, 0, 7.5],
			"to": [9, 5, 9.5],
			"faces": {
				"north": {"uv": [7, 13, 9, 16], "texture": "#cross"},
				"east": {"uv": [9, 13, 7, 16], "texture": "#cross"},
				"south": {"uv": [7, 13, 9, 16], "texture": "#cross"},
				"west": {"uv": [9, 13, 7, 16], "texture": "#cross"},
				"down": {"uv": [7, 15, 8, 16], "texture": "#cross"}
			}
		},
		{
			"from": [5, 3, 11.4],
			"to": [11, 5, 12.4],
			"faces": {
				"north": {"uv": [9, 14, 8, 15], "texture": "#cross"},
				"south": {"uv": [5, 11, 11, 13], "texture": "#cross"},
				"up": {"uv": [5, 11, 11, 12], "texture": "#cross"},
				"down": {"uv": [5, 12, 11, 13], "texture": "#cross"}
			}
		},
		{
			"from": [5, 3, 4.4],
			"to": [11, 5, 5.4],
			"faces": {
				"north": {"uv": [5, 11, 11, 13], "texture": "#cross"},
				"south": {"uv": [9, 14, 8, 15], "texture": "#cross"},
				"up": {"uv": [11, 11, 5, 12], "texture": "#cross"},
				"down": {"uv": [11, 12, 5, 13], "texture": "#cross"}
			}
		},
		{
			"from": [11, 3, 4.4],
			"to": [12, 5, 12.4],
			"faces": {
				"north": {"uv": [4, 11, 5, 13], "texture": "#cross"},
				"east": {"uv": [12, 11, 4, 13], "texture": "#cross"},
				"south": {"uv": [11, 11, 12, 13], "texture": "#cross"},
				"west": {"uv": [8, 14, 9, 15], "texture": "#cross"},
				"up": {"uv": [4, 11, 12, 12], "rotation": 90, "texture": "#cross"},
				"down": {"uv": [12, 12, 4, 13], "rotation": 90, "texture": "#cross"}
			}
		},
		{
			"from": [4, 3, 4.4],
			"to": [5, 5, 12.4],
			"faces": {
				"north": {"uv": [11, 11, 12, 13], "texture": "#cross"},
				"east": {"uv": [8, 14, 9, 15], "texture": "#cross"},
				"south": {"uv": [4, 11, 5, 13], "texture": "#cross"},
				"west": {"uv": [12, 11, 4, 13], "texture": "#cross"},
				"up": {"uv": [4, 11, 12, 12], "rotation": 270, "texture": "#cross"},
				"down": {"uv": [4, 12, 12, 13], "rotation": 90, "texture": "#cross"}
			}
		},
		{
			"from": [5, 5, 5.4],
			"to": [11, 6, 11.4],
			"faces": {
				"north": {"uv": [11, 10, 5, 11], "texture": "#cross"},
				"east": {"uv": [5, 10, 11, 11], "texture": "#cross"},
				"south": {"uv": [11, 10, 5, 11], "texture": "#cross"},
				"west": {"uv": [5, 10, 11, 11], "texture": "#cross"},
				"up": {"uv": [9, 10, 10, 11], "texture": "#cross"},
				"down": {"uv": [8, 13, 9, 14], "texture": "#cross"}
			}
		},
		{
			"from": [6, 6, 6.3],
			"to": [10, 7, 10.3],
			"faces": {
				"north": {"uv": [6, 9, 10, 10], "texture": "#cross"},
				"east": {"uv": [10, 9, 6, 10], "texture": "#cross"},
				"south": {"uv": [6, 9, 10, 10], "texture": "#cross"},
				"west": {"uv": [10, 9, 6, 10], "texture": "#cross"},
				"up": {"uv": [4, 0, 0, 4], "texture": "#cross"},
				"down": {"uv": [0, 0, 4, 4], "texture": "#missing"}
			}
		}
	],
	"display": {
		"thirdperson_righthand": {
			"rotation": [75, 45, 0],
			"translation": [0, 1, 1.75],
			"scale": [0.375, 0.375, 0.375]
		},
		"thirdperson_lefthand": {
			"rotation": [75, 45, 0],
			"translation": [0, 1, 1.75],
			"scale": [0.375, 0.375, 0.375]
		},
		"firstperson_righthand": {
			"rotation": [0, 90, 25],
			"translation": [0, 1.6, 0.8],
			"scale": [0.68, 0.68, 0.68]
		},
		"firstperson_lefthand": {
			"rotation": [0, 90, -25],
			"translation": [1.13, 3.2, 1.13],
			"scale": [0.68, 0.68, 0.68]
		},
		"ground": {
			"translation": [0, 2, 0],
			"scale": [0.5, 0.5, 0.5]
		},
		"gui": {
			"rotation": [24.5, -45, 0],
			"translation": [0, 4.25, 0],
			"scale": [1.3, 1.3, 1.3]
		},
		"head": {
			"translation": [0, 14.25, 0]
		},
		"fixed": {
			"rotation": [0, 180, 0],
			"translation": [0, 5.5, -1]
		}
	},
	"groups": [
		0,
		{
			"name": "group",
			"origin": [0, 0, 0],
			"color": 0,
			"children": [1, 2, 3, 4, 5, 6]
		}
	]
}