{
	"credit": "Made with Blockbench",
	"ambientocclusion": false,
	"textures": {
		"particle": "block/redstone_dust_dot",
		"line": "block/redstone_dust_dot"
	},
	"elements": [
		{
			"from": [5, 0, 6],
			"to": [11, 1, 7],
			"faces": {
				"north": {"uv": [5, 6, 11, 7], "rotation": 180, "texture": "#line", "tintindex": 0},
				"east": {"uv": [10, 6, 11, 7], "texture": "#line", "tintindex": 0},
				"south": {"uv": [5, 6, 11, 7], "texture": "#line", "tintindex": 0},
				"west": {"uv": [5, 6, 6, 7], "texture": "#line", "tintindex": 0},
				"up": {"uv": [5, 6, 11, 7], "texture": "#line", "tintindex": 0}
			}
		},
		{
			"from": [6, 0, 5],
			"to": [7, 1, 10],
			"faces": {
				"north": {"uv": [6, 5, 7, 6], "texture": "#line", "tintindex": 0},
				"east": {"uv": [6, 5, 7, 10], "rotation": 90, "texture": "#line", "tintindex": 0},
				"west": {"uv": [6, 10, 7, 5], "rotation": 90, "texture": "#line", "tintindex": 0},
				"up": {"uv": [6, 5, 7, 10], "texture": "#line", "tintindex": 0}
			}
		},
		{
			"from": [5, 0, 8],
			"to": [8, 1, 10],
			"faces": {
				"north": {"uv": [5, 8, 8, 9], "texture": "#line", "tintindex": 0},
				"south": {"uv": [5, 9, 8, 10], "texture": "#line", "tintindex": 0},
				"west": {"uv": [5, 8, 6, 10], "rotation": 90, "texture": "#line", "tintindex": 0},
				"up": {"uv": [5, 8, 8, 10], "texture": "#line", "tintindex": 0}
			}
		},
		{
			"from": [7, 0, 7],
			"to": [8, 1, 11],
			"faces": {
				"east": {"uv": [7, 7, 8, 11], "rotation": 90, "texture": "#line", "tintindex": 0},
				"south": {"uv": [7, 10, 8, 11], "texture": "#line", "tintindex": 0},
				"west": {"uv": [7, 11, 8, 7], "rotation": 90, "texture": "#line", "tintindex": 0},
				"up": {"uv": [7, 7, 8, 11], "texture": "#line", "tintindex": 0}
			}
		},
		{
			"from": [8, 0, 10],
			"to": [9, 1, 11],
			"faces": {
				"north": {"uv": [8, 10, 9, 11], "texture": "#line", "tintindex": 0},
				"east": {"uv": [8, 10, 9, 11], "texture": "#line", "tintindex": 0},
				"south": {"uv": [8, 10, 9, 11], "texture": "#line", "tintindex": 0},
				"up": {"uv": [8, 10, 9, 11], "texture": "#line", "tintindex": 0}
			}
		},
		{
			"from": [9, 0, 7],
			"to": [11, 1, 10],
			"faces": {
				"east": {"uv": [10, 7, 11, 10], "rotation": 90, "texture": "#line", "tintindex": 0},
				"south": {"uv": [9, 9, 11, 10], "texture": "#line", "tintindex": 0},
				"west": {"uv": [9, 7, 10, 10], "rotation": 270, "texture": "#line", "tintindex": 0},
				"up": {"uv": [9, 7, 11, 10], "texture": "#line", "tintindex": 0}
			}
		},
		{
			"from": [8, 0, 8],
			"to": [9, 1, 9],
			"faces": {
				"north": {"uv": [8, 8, 9, 9], "texture": "#line", "tintindex": 0},
				"south": {"uv": [8, 8, 9, 9], "texture": "#line", "tintindex": 0},
				"up": {"uv": [8, 8, 9, 9], "texture": "#line", "tintindex": 0}
			}
		},
		{
			"from": [9, 0, 11],
			"to": [10, 1, 12],
			"faces": {
				"north": {"uv": [9, 11, 10, 12], "texture": "#line", "tintindex": 0},
				"east": {"uv": [9, 11, 10, 12], "texture": "#line", "tintindex": 0},
				"south": {"uv": [9, 11, 10, 12], "texture": "#line", "tintindex": 0},
				"west": {"uv": [9, 11, 10, 12], "texture": "#line", "tintindex": 0},
				"up": {"uv": [9, 11, 10, 12], "texture": "#line", "tintindex": 0}
			}
		},
		{
			"from": [10, 0, 10],
			"to": [11, 1, 11],
			"faces": {
				"east": {"uv": [10, 10, 11, 11], "texture": "#line", "tintindex": 0},
				"south": {"uv": [10, 10, 11, 11], "texture": "#line", "tintindex": 0},
				"west": {"uv": [10, 10, 11, 11], "texture": "#line", "tintindex": 0},
				"up": {"uv": [10, 10, 11, 11], "texture": "#line", "tintindex": 0}
			}
		},
		{
			"from": [8, 0, 5],
			"to": [10, 1, 6],
			"faces": {
				"north": {"uv": [8, 5, 10, 6], "rotation": 180, "texture": "#line", "tintindex": 0},
				"east": {"uv": [9, 5, 10, 6], "texture": "#line", "tintindex": 0},
				"west": {"uv": [8, 5, 9, 6], "texture": "#line", "tintindex": 0},
				"up": {"uv": [8, 5, 10, 6], "texture": "#line", "tintindex": 0}
			}
		},
		{
			"from": [11, 0, 7],
			"to": [12, 1, 8],
			"faces": {
				"north": {"uv": [11, 7, 12, 8], "texture": "#line", "tintindex": 0},
				"east": {"uv": [11, 7, 12, 8], "texture": "#line", "tintindex": 0},
				"south": {"uv": [11, 7, 12, 8], "texture": "#line", "tintindex": 0},
				"up": {"uv": [11, 7, 12, 8], "texture": "#line", "tintindex": 0}
			}
		}
	]
}