{
	"credit": "Made with Blockbench",
	"parent": "block/redstone_dust_side",
	"textures": {
		"line": "block/redstone_dust_line0"
	},
	"elements": [
		{
			"from": [8, 0, 0.01],
			"to": [9, 1, 1.01],
			"faces": {
				"north": {"uv": [8, 0, 9, 1], "texture": "#line", "tintindex": 0},
				"east": {"uv": [8, 0, 9, 1], "texture": "#line", "tintindex": 0},
				"south": {"uv": [8, 0, 9, 1], "texture": "#line", "tintindex": 0},
				"west": {"uv": [8, 0, 9, 1], "texture": "#line", "tintindex": 0},
				"up": {"uv": [8, 0, 9, 1], "texture": "#line", "tintindex": 0}
			}
		},
		{
			"from": [8, 0, 2],
			"to": [9, 1, 4],
			"faces": {
				"north": {"uv": [8, 2, 9, 3], "texture": "#line", "tintindex": 0},
				"east": {"uv": [8, 2, 9, 4], "rotation": 90, "texture": "#line", "tintindex": 0},
				"south": {"uv": [8, 3, 9, 4], "texture": "#line", "tintindex": 0},
				"west": {"uv": [8, 2, 9, 4], "rotation": 90, "texture": "#line", "tintindex": 0},
				"up": {"uv": [8, 2, 9, 4], "texture": "#line", "tintindex": 0}
			}
		},
		{
			"from": [7, 0, 3],
			"to": [8, 1, 5],
			"faces": {
				"north": {"uv": [7, 3, 8, 4], "texture": "#line", "tintindex": 0},
				"east": {"uv": [7, 3, 8, 5], "rotation": 90, "texture": "#line", "tintindex": 0},
				"south": {"uv": [7, 4, 8, 5], "texture": "#line", "tintindex": 0},
				"west": {"uv": [7, 3, 8, 5], "rotation": 90, "texture": "#line", "tintindex": 0},
				"up": {"uv": [7, 3, 8, 5], "texture": "#line", "tintindex": 0}
			}
		},
		{
			"from": [7, 0, 7],
			"to": [8, 1, 8],
			"faces": {
				"north": {"uv": [7, 7, 8, 8], "texture": "#line", "tintindex": 0},
				"east": {"uv": [7, 7, 8, 8], "texture": "#line", "tintindex": 0},
				"south": {"uv": [7, 7, 8, 8], "texture": "#line", "tintindex": 0},
				"west": {"uv": [7, 7, 8, 8], "texture": "#line", "tintindex": 0},
				"up": {"uv": [7, 7, 8, 8], "texture": "#line", "tintindex": 0}
			}
		},
		{
			"from": [8, 0, 6],
			"to": [9, 1, 7],
			"faces": {
				"north": {"uv": [8, 6, 9, 7], "texture": "#line", "tintindex": 0},
				"south": {"uv": [8, 6, 9, 7], "texture": "#line", "tintindex": 0},
				"west": {"uv": [8, 6, 9, 7], "texture": "#line", "tintindex": 0},
				"up": {"uv": [8, 6, 9, 7], "texture": "#line", "tintindex": 0}
			}
		},
		{
			"from": [9, 0, 4],
			"to": [10, 1, 7],
			"faces": {
				"north": {"uv": [9, 4, 10, 5], "texture": "#line", "tintindex": 0},
				"east": {"uv": [9, 4, 10, 7], "rotation": 90, "texture": "#line", "tintindex": 0},
				"south": {"uv": [9, 6, 10, 7], "texture": "#line", "tintindex": 0},
				"west": {"uv": [9, 4, 10, 7], "rotation": 270, "texture": "#line", "tintindex": 0},
				"up": {"uv": [9, 4, 10, 7], "texture": "#line", "tintindex": 0}
			}
		}
	]
}