{
	"credit": "Made with Blockbench",
	"parent": "minecraft:block/block_display",
	"textures": {
		"particle": "block/smithing_table_front",
		"north": "block/smithing_table_front",
		"east": "block/smithing_table_side",
		"up": "block/smithing_table_top",
		"down": "block/smithing_table_bottom"
	},
	"elements": [
		{
			"from": [0, 0, 0],
			"to": [16, 2, 16],
			"faces": {
				"north": {"uv": [0, 14, 16, 16], "texture": "#north"},
				"east": {"uv": [0, 14, 16, 16], "texture": "#east"},
				"south": {"uv": [16, 14, 0, 16], "texture": "#north"},
				"west": {"uv": [16, 14, 0, 16], "texture": "#east"},
				"up": {"uv": [0, 0, 16, 16], "texture": "#down"},
				"down": {"uv": [0, 0, 16, 16], "texture": "#down"}
			}
		},
		{
			"from": [0, 2, 0],
			"to": [2, 16, 2],
			"faces": {
				"north": {"uv": [14, 0, 16, 14], "texture": "#north"},
				"east": {"uv": [14, 0, 15, 14], "texture": "#north"},
				"south": {"uv": [1, 0, 2, 14], "texture": "#east"},
				"west": {"uv": [0, 0, 2, 14], "texture": "#east"}
			}
		},
		{
			"from": [14, 2, 0],
			"to": [16, 16, 2],
			"faces": {
				"north": {"uv": [0, 0, 2, 14], "texture": "#north"},
				"east": {"uv": [14, 0, 16, 14], "texture": "#east"},
				"south": {"uv": [14, 0, 15, 14], "texture": "#east"},
				"west": {"uv": [1, 0, 2, 14], "texture": "#north"}
			}
		},
		{
			"from": [0, 2, 14],
			"to": [2, 16, 16],
			"faces": {
				"north": {"uv": [14, 0, 15, 14], "texture": "#east"},
				"east": {"uv": [1, 0, 2, 14], "texture": "#north"},
				"south": {"uv": [0, 0, 2, 14], "texture": "#north"},
				"west": {"uv": [14, 0, 16, 14], "texture": "#east"}
			}
		},
		{
			"from": [14, 2, 14],
			"to": [16, 16, 16],
			"faces": {
				"north": {"uv": [1, 0, 2, 14], "texture": "#east"},
				"east": {"uv": [0, 0, 2, 14], "texture": "#east"},
				"south": {"uv": [14, 0, 16, 14], "texture": "#north"},
				"west": {"uv": [14, 0, 15, 14], "texture": "#east"}
			}
		},
		{
			"from": [1, 2, 1],
			"to": [15, 16, 15],
			"faces": {
				"north": {"uv": [1, 0, 15, 14], "texture": "#north"},
				"east": {"uv": [1, 0, 15, 14], "texture": "#east"},
				"south": {"uv": [15, 0, 1, 14], "texture": "#north"},
				"west": {"uv": [15, 0, 1, 14], "texture": "#east"},
				"down": {"uv": [0, 0, 14, 14], "texture": "#missing"}
			}
		},
		{
			"from": [0, 12, 0],
			"to": [16, 16, 16],
			"faces": {
				"north": {"uv": [0, 0, 16, 4], "texture": "#north"},
				"east": {"uv": [0, 0, 16, 4], "texture": "#east"},
				"south": {"uv": [16, 0, 0, 4], "texture": "#north"},
				"west": {"uv": [16, 0, 0, 4], "texture": "#east"},
				"up": {"uv": [0, 0, 16, 16], "texture": "#up"},
				"down": {"uv": [0, 0, 16, 16], "texture": "#up"}
			}
		},
		{
			"from": [10, 4, 0],
			"to": [11, 11, 16],
			"faces": {
				"north": {"uv": [5, 5, 6, 12], "texture": "#north"},
				"east": {"uv": [5, 5, 6, 12], "texture": "#north"},
				"south": {"uv": [5, 5, 6, 12], "texture": "#north"},
				"west": {"uv": [5, 5, 6, 12], "texture": "#north"},
				"up": {"uv": [5, 5, 6, 6], "texture": "#north"},
				"down": {"uv": [5, 11, 6, 12], "texture": "#north"}
			}
		},
		{
			"from": [12, 4, 0],
			"to": [13, 10, 16],
			"faces": {
				"north": {"uv": [3, 6, 4, 12], "texture": "#north"},
				"east": {"uv": [3, 6, 4, 12], "texture": "#north"},
				"south": {"uv": [3, 6, 4, 12], "texture": "#north"},
				"west": {"uv": [3, 6, 4, 12], "texture": "#north"},
				"up": {"uv": [3, 6, 4, 7], "texture": "#north"},
				"down": {"uv": [3, 11, 4, 12], "texture": "#north"}
			}
		},
		{
			"from": [3, 9, 0],
			"to": [5, 10, 16],
			"faces": {
				"north": {"uv": [11, 6, 13, 7], "texture": "#north"},
				"east": {"uv": [11, 6, 12, 7], "texture": "#north"},
				"south": {"uv": [11, 6, 13, 7], "texture": "#north"},
				"west": {"uv": [12, 6, 13, 7], "texture": "#north"},
				"up": {"uv": [11, 6, 13, 7], "rotation": 180, "texture": "#north"},
				"down": {"uv": [13, 6, 11, 7], "texture": "#north"}
			}
		},
		{
			"from": [6, 9, 0],
			"to": [8, 10, 16],
			"faces": {
				"north": {"uv": [8, 6, 10, 7], "texture": "#north"},
				"east": {"uv": [8, 6, 9, 7], "texture": "#north"},
				"south": {"uv": [8, 6, 10, 7], "rotation": 180, "texture": "#north"},
				"west": {"uv": [9, 6, 10, 7], "texture": "#north"},
				"up": {"uv": [8, 6, 10, 7], "rotation": 180, "texture": "#north"},
				"down": {"uv": [10, 6, 8, 7], "texture": "#north"}
			}
		},
		{
			"from": [3, 7, 0],
			"to": [4, 9, 16],
			"faces": {
				"north": {"uv": [12, 7, 13, 9], "texture": "#north"},
				"east": {"uv": [12, 7, 13, 9], "texture": "#north"},
				"south": {"uv": [12, 7, 13, 9], "texture": "#north"},
				"west": {"uv": [12, 7, 13, 9], "texture": "#north"},
				"down": {"uv": [12, 8, 13, 9], "texture": "#north"}
			}
		},
		{
			"from": [6, 5, 0],
			"to": [7, 7, 16],
			"faces": {
				"north": {"uv": [9, 9, 10, 11], "texture": "#north"},
				"east": {"uv": [9, 9, 10, 11], "texture": "#north"},
				"south": {"uv": [9, 9, 10, 11], "texture": "#north"},
				"west": {"uv": [9, 9, 10, 11], "texture": "#north"},
				"up": {"uv": [9, 9, 10, 10], "texture": "#north"},
				"down": {"uv": [9, 10, 10, 11], "texture": "#north"}
			}
		},
		{
			"from": [4, 5, 0],
			"to": [5, 7, 16],
			"faces": {
				"north": {"uv": [11, 9, 12, 11], "texture": "#north"},
				"east": {"uv": [11, 9, 12, 11], "texture": "#north"},
				"south": {"uv": [11, 9, 12, 11], "texture": "#north"},
				"west": {"uv": [11, 9, 12, 11], "texture": "#north"},
				"up": {"uv": [11, 9, 12, 10], "texture": "#north"},
				"down": {"uv": [11, 10, 12, 11], "texture": "#north"}
			}
		},
		{
			"from": [7, 7, 0],
			"to": [8, 9, 16],
			"faces": {
				"north": {"uv": [8, 7, 9, 9], "texture": "#north"},
				"east": {"uv": [8, 7, 9, 9], "texture": "#north"},
				"south": {"uv": [8, 7, 9, 9], "texture": "#north"},
				"west": {"uv": [8, 7, 9, 9], "texture": "#north"},
				"down": {"uv": [8, 8, 9, 9], "texture": "#north"}
			}
		},
		{
			"from": [5, 3, 0],
			"to": [6, 5, 16],
			"faces": {
				"north": {"uv": [10, 11, 11, 13], "texture": "#north"},
				"east": {"uv": [10, 11, 11, 13], "texture": "#north"},
				"south": {"uv": [10, 11, 11, 13], "texture": "#north"},
				"west": {"uv": [10, 11, 11, 13], "texture": "#north"},
				"up": {"uv": [10, 11, 11, 12], "texture": "#north"},
				"down": {"uv": [10, 12, 11, 13], "texture": "#north"}
			}
		},
		{
			"from": [0, 3, 10],
			"to": [16, 11, 11],
			"faces": {
				"north": {"uv": [5, 5, 6, 13], "texture": "#east"},
				"east": {"uv": [5, 5, 6, 13], "texture": "#east"},
				"south": {"uv": [5, 5, 6, 13], "texture": "#east"},
				"west": {"uv": [5, 5, 6, 13], "texture": "#east"},
				"up": {"uv": [5, 5, 6, 6], "texture": "#east"},
				"down": {"uv": [5, 12, 6, 13], "texture": "#east"}
			}
		},
		{
			"from": [0, 7, 8],
			"to": [16, 10, 13],
			"faces": {
				"north": {"uv": [7, 6, 8, 9], "texture": "#east"},
				"east": {"uv": [3, 6, 8, 9], "texture": "#east"},
				"south": {"uv": [4, 6, 5, 9], "texture": "#east"},
				"west": {"uv": [8, 6, 3, 9], "texture": "#east"},
				"up": {"uv": [3, 6, 8, 7], "rotation": 270, "texture": "#east"},
				"down": {"uv": [3, 8, 8, 9], "rotation": 90, "texture": "#east"}
			}
		}
	]
}