{
	"credit": "Made with Blockbench",
	"textures": {
		"top": "block/smoker_top",
		"bottom": "block/smoker_bottom",
		"side": "block/smoker_side",
		"front": "block/smoker_front",
		"particle": "block/stone"
	},
	"elements": [
		{
			"name": "0",
			"from": [2, 8, 0],
			"to": [4, 13, 1],
			"faces": {
				"north": {"uv": [12, 3, 14, 8], "texture": "#front", "cullface": "north"},
				"east": {"uv": [12, 3, 13, 8], "texture": "#front", "cullface": "north"}
			}
		},
		{
			"name": "1",
			"from": [0, 0, 0],
			"to": [2, 16, 2],
			"faces": {
				"north": {"uv": [14, 0, 16, 16], "texture": "#front", "cullface": "north"},
				"east": {"uv": [14, 0, 16, 16], "texture": "#front", "cullface": "north"},
				"west": {"uv": [0, 0, 2, 16], "texture": "#side"},
				"up": {"uv": [0, 0, 2, 2], "texture": "#top"},
				"down": {"uv": [0, 0, 2, 2], "texture": "#bottom"}
			}
		},
		{
			"name": "2",
			"from": [14, 0, 0],
			"to": [16, 16, 2],
			"faces": {
				"north": {"uv": [0, 0, 2, 16], "texture": "#front", "cullface": "north"},
				"east": {"uv": [14, 0, 16, 16], "texture": "#side"},
				"west": {"uv": [0, 0, 2, 16], "texture": "#front", "cullface": "north"},
				"up": {"uv": [14, 0, 16, 2], "texture": "#top"},
				"down": {"uv": [14, 0, 16, 2], "texture": "#bottom"}
			}
		},
		{
			"name": "3",
			"from": [2, 1, 1],
			"to": [4, 4, 2],
			"faces": {
				"north": {"uv": [12, 12, 14, 15], "texture": "#front", "cullface": "north"},
				"east": {"uv": [12, 12, 13, 15], "texture": "#front", "cullface": "north"}
			}
		},
		{
			"name": "4",
			"from": [5, 5, 1],
			"to": [7, 6, 2],
			"faces": {
				"north": {"uv": [9, 11, 11, 12], "texture": "#front", "cullface": "north"},
				"east": {"uv": [9, 11, 10, 12], "texture": "#front", "cullface": "north"},
				"west": {"uv": [10, 11, 11, 12], "texture": "#front", "cullface": "north"},
				"up": {"uv": [11, 11, 9, 12], "texture": "#front", "cullface": "north"}
			}
		},
		{
			"name": "5",
			"from": [11, 5, 1],
			"to": [13, 6, 2],
			"faces": {
				"north": {"uv": [2, 11, 4, 12], "texture": "#front", "cullface": "north"},
				"east": {"uv": [2, 11, 3, 12], "texture": "#front", "cullface": "north"},
				"west": {"uv": [3, 11, 4, 12], "texture": "#front", "cullface": "north"},
				"up": {"uv": [4, 11, 2, 12], "texture": "#front", "cullface": "north"}
			}
		},
		{
			"name": "6",
			"from": [2, 4, 1],
			"to": [14, 5, 2],
			"faces": {
				"north": {"uv": [2, 11, 14, 12], "texture": "#front", "cullface": "north"},
				"up": {"uv": [2, 11, 14, 12], "texture": "#front", "cullface": "north"},
				"down": {"uv": [2, 11, 14, 12], "texture": "#front", "cullface": "north"}
			}
		},
		{
			"name": "7",
			"from": [5, 1, 1],
			"to": [7, 4, 2],
			"faces": {
				"north": {"uv": [9, 12, 11, 15], "texture": "#front", "cullface": "north"},
				"east": {"uv": [9, 12, 10, 15], "texture": "#front", "cullface": "north"},
				"west": {"uv": [10, 12, 11, 15], "texture": "#front", "cullface": "north"}
			}
		},
		{
			"name": "8",
			"from": [8, 1, 1],
			"to": [10, 4, 2],
			"faces": {
				"north": {"uv": [6, 12, 8, 15], "texture": "#front", "cullface": "north"},
				"east": {"uv": [6, 12, 7, 15], "texture": "#front", "cullface": "north"},
				"west": {"uv": [7, 12, 8, 15], "texture": "#front"}
			}
		},
		{
			"name": "9",
			"from": [11, 1, 1],
			"to": [13, 4, 2],
			"faces": {
				"north": {"uv": [3, 12, 5, 15], "texture": "#front", "cullface": "north"},
				"east": {"uv": [3, 12, 4, 15], "texture": "#front", "cullface": "north"},
				"west": {"uv": [4, 12, 5, 15], "texture": "#front", "cullface": "north"}
			}
		},
		{
			"name": "10",
			"from": [13, 8, 0],
			"to": [14, 13, 1],
			"faces": {
				"north": {"uv": [2, 3, 3, 8], "texture": "#front", "cullface": "north"},
				"west": {"uv": [2, 3, 3, 8], "texture": "#front", "cullface": "north"}
			}
		},
		{
			"name": "11",
			"from": [11, 8, 1],
			"to": [13, 12, 2],
			"faces": {
				"north": {"uv": [3, 4, 5, 8], "texture": "#front", "cullface": "north"},
				"west": {"uv": [4, 4, 5, 8], "texture": "#front", "cullface": "north"}
			}
		},
		{
			"name": "12",
			"from": [11.05, 9.1, 0.2],
			"to": [11.95, 10.9, 1],
			"faces": {
				"north": {"uv": [4, 5, 5, 6.8], "texture": "#front", "cullface": "north"},
				"east": {"uv": [4, 5, 4.4, 6.8], "texture": "#front", "cullface": "north"},
				"west": {"uv": [4.4, 5, 4.8, 6.8], "texture": "#front", "cullface": "north"},
				"up": {"uv": [4, 5, 5, 5.4], "texture": "#front", "cullface": "north"},
				"down": {"uv": [4, 6, 5, 6.4], "texture": "#front", "cullface": "north"}
			}
		},
		{
			"name": "13",
			"from": [2, 7, 0],
			"to": [14, 8, 14],
			"faces": {
				"north": {"uv": [2, 8, 14, 9], "texture": "#front", "cullface": "north"},
				"up": {"uv": [2, 0, 14, 14], "texture": "#bottom", "cullface": "north"},
				"down": {"uv": [2, 0, 14, 14], "texture": "#bottom", "cullface": "north"}
			}
		},
		{
			"name": "14",
			"from": [4, 12, 0],
			"to": [13, 13, 1],
			"faces": {
				"north": {"uv": [3, 3, 12, 4], "texture": "#front", "cullface": "north"},
				"down": {"uv": [3, 3, 12, 4], "texture": "#front", "cullface": "north"}
			}
		},
		{
			"from": [0, 0, 2],
			"to": [16, 7, 16],
			"faces": {
				"north": {"uv": [0, 9, 16, 16], "texture": "#front"},
				"east": {"uv": [0, 9, 14, 16], "texture": "#side"},
				"south": {"uv": [0, 9, 16, 16], "texture": "#side"},
				"west": {"uv": [2, 9, 16, 16], "texture": "#side"},
				"down": {"uv": [0, 0, 16, 14], "texture": "#bottom"}
			}
		},
		{
			"from": [2, 0, 0],
			"to": [14, 1, 2],
			"faces": {
				"north": {"uv": [2, 15, 14, 16], "texture": "#front"},
				"up": {"uv": [2, 16, 14, 14], "texture": "#front"},
				"down": {"uv": [2, 0, 14, 2], "texture": "#bottom"}
			}
		},
		{
			"from": [0, 7, 2],
			"to": [2, 16, 16],
			"faces": {
				"east": {"uv": [0, 0, 14, 9], "texture": "#side"},
				"south": {"uv": [0, 0, 2, 9], "texture": "#side"},
				"west": {"uv": [2, 0, 16, 9], "texture": "#side"},
				"up": {"uv": [0, 2, 2, 16], "texture": "#top"}
			}
		},
		{
			"from": [14, 7, 2],
			"to": [16, 16, 16],
			"faces": {
				"east": {"uv": [0, 0, 14, 9], "texture": "#side"},
				"south": {"uv": [14, 0, 16, 9], "texture": "#side"},
				"west": {"uv": [2, 0, 16, 9], "texture": "#side"},
				"up": {"uv": [14, 2, 16, 16], "texture": "#top"}
			}
		},
		{
			"from": [2, 7, 14],
			"to": [14, 16, 16],
			"faces": {
				"north": {"uv": [2, 0, 14, 9], "texture": "#side"},
				"south": {"uv": [2, 0, 14, 9], "texture": "#side"},
				"up": {"uv": [2, 14, 14, 16], "texture": "#top"},
				"down": {"uv": [0, 0, 12, 2], "texture": "#missing"}
			}
		},
		{
			"from": [2, 15, 0],
			"to": [14, 16, 14],
			"faces": {
				"north": {"uv": [2, 0, 14, 1], "texture": "#front"},
				"up": {"uv": [2, 0, 14, 14], "texture": "#top"},
				"down": {"uv": [2, 0, 14, 14], "texture": "#top"}
			}
		},
		{
			"from": [2, 13, 0],
			"to": [14, 15, 1],
			"faces": {
				"north": {"uv": [2, 1, 14, 3], "texture": "#front"},
				"down": {"uv": [2, 2, 14, 3], "texture": "#front"}
			}
		},
		{
			"from": [12, 11, 0],
			"to": [13, 12, 1],
			"faces": {
				"north": {"uv": [3, 3, 4, 4], "texture": "#front"},
				"west": {"uv": [3, 3, 4, 4], "texture": "#front"},
				"down": {"uv": [3, 3, 4, 4], "texture": "#front"}
			}
		},
		{
			"from": [12, 8, 0],
			"to": [13, 9, 1],
			"faces": {
				"north": {"uv": [3, 8, 4, 9], "texture": "#front"},
				"west": {"uv": [3, 8, 4, 9], "texture": "#front"},
				"up": {"uv": [3, 8, 4, 9], "texture": "#front"}
			}
		}
	],
	"display": {
		"thirdperson_righthand": {
			"rotation": [75, 45, 0],
			"translation": [0, 2.5, 0],
			"scale": [0.375, 0.375, 0.375]
		},
		"thirdperson_lefthand": {
			"rotation": [75, 45, 0],
			"translation": [0, 2.5, 0],
			"scale": [0.375, 0.375, 0.375]
		},
		"firstperson_righthand": {
			"rotation": [0, 45, 0],
			"scale": [0.4, 0.4, 0.4]
		},
		"firstperson_lefthand": {
			"rotation": [0, 225, 0],
			"scale": [0.4, 0.4, 0.4]
		},
		"ground": {
			"translation": [0, 3, 0],
			"scale": [0.25, 0.25, 0.25]
		},
		"gui": {
			"rotation": [30, 225, 0],
			"scale": [0.625, 0.625, 0.625]
		},
		"fixed": {
			"scale": [0.5, 0.5, 0.5]
		}
	}
}