{
	"credit": "Made with Blockbench",
	"ambientocclusion": false,
	"textures": {
		"5": "block/smoker_front_on",
		"6": "block/smoker1",
		"top": "block/smoker_top",
		"bottom": "block/smoker_bottom",
		"side": "block/smoker_side",
		"front": "block/smoker_front",
		"particle": "block/stone"
	},
	"elements": [
		{
			"name": "1",
			"from": [0, 0, 0],
			"to": [2, 16, 2],
			"faces": {
				"north": {"uv": [14, 0, 16, 16], "texture": "#front"},
				"east": {"uv": [14, 0, 16, 16], "texture": "#front"},
				"west": {"uv": [0, 0, 2, 16], "texture": "#side"},
				"up": {"uv": [0, 0, 2, 2], "texture": "#top"},
				"down": {"uv": [0, 0, 2, 2], "texture": "#bottom"}
			}
		},
		{
			"name": "2",
			"from": [14, 0, 0],
			"to": [16, 16, 2],
			"faces": {
				"north": {"uv": [0, 0, 2, 16], "texture": "#front"},
				"east": {"uv": [14, 0, 16, 16], "texture": "#side"},
				"west": {"uv": [0, 0, 2, 16], "texture": "#front"},
				"up": {"uv": [14, 0, 16, 2], "texture": "#top"},
				"down": {"uv": [14, 0, 16, 2], "texture": "#bottom"}
			}
		},
		{
			"name": "0",
			"from": [2, 8, 0],
			"to": [4, 13, 1],
			"faces": {
				"north": {"uv": [12, 3, 14, 8], "texture": "#front", "cullface": "north"},
				"east": {"uv": [12, 3, 13, 8], "texture": "#front", "cullface": "north"}
			}
		},
		{
			"name": "10",
			"from": [13, 8, 0],
			"to": [14, 13, 1],
			"faces": {
				"north": {"uv": [2, 3, 3, 8], "texture": "#front", "cullface": "north"},
				"west": {"uv": [2, 3, 3, 8], "texture": "#front", "cullface": "north"}
			}
		},
		{
			"name": "11",
			"from": [4, 8, 1],
			"to": [13, 12, 2],
			"faces": {
				"north": {"uv": [3, 3, 12, 7], "texture": "#6", "cullface": "north"},
				"east": {"uv": [9, 0, 10, 4], "texture": "#6"},
				"west": {"uv": [9, 4, 10, 8], "texture": "#6", "cullface": "north"},
				"up": {"uv": [9, 9, 0, 8], "texture": "#6"},
				"down": {"uv": [9, 9, 0, 10], "texture": "#6"}
			}
		},
		{
			"name": "12",
			"from": [4.05, 9.1, 0.2],
			"to": [4.95, 10.9, 1],
			"faces": {
				"north": {"uv": [4, 5, 5, 6.8], "texture": "#front", "cullface": "north"},
				"east": {"uv": [4, 5, 4.4, 6.8], "texture": "#front", "cullface": "north"},
				"west": {"uv": [4.4, 5, 4.8, 6.8], "texture": "#front", "cullface": "north"},
				"up": {"uv": [4, 5, 5, 5.4], "texture": "#front", "cullface": "north"},
				"down": {"uv": [4, 6, 5, 6.4], "texture": "#front", "cullface": "north"}
			}
		},
		{
			"from": [2, 0, 0],
			"to": [14, 2, 2],
			"faces": {
				"north": {"uv": [2, 14, 14, 16], "texture": "#front"},
				"up": {"uv": [14, 14, 2, 16], "texture": "#front"},
				"down": {"uv": [2, 0, 14, 2], "texture": "#bottom"}
			}
		},
		{
			"from": [0, 7, 2],
			"to": [2, 16, 16],
			"faces": {
				"south": {"uv": [0, 0, 2, 9], "texture": "#side"},
				"west": {"uv": [2, 0, 16, 9], "texture": "#side"},
				"up": {"uv": [0, 2, 2, 16], "texture": "#top"}
			}
		},
		{
			"from": [14, 7, 2],
			"to": [16, 16, 16],
			"faces": {
				"east": {"uv": [0, 0, 14, 9], "texture": "#side"},
				"south": {"uv": [14, 0, 16, 9], "texture": "#side"},
				"up": {"uv": [14, 2, 16, 16], "texture": "#top"}
			}
		},
		{
			"from": [2, 7, 14],
			"to": [14, 16, 16],
			"faces": {
				"south": {"uv": [2, 0, 14, 9], "texture": "#side"},
				"up": {"uv": [2, 14, 14, 16], "texture": "#top"}
			}
		},
		{
			"from": [2, 15, 0],
			"to": [14, 16, 14],
			"faces": {
				"north": {"uv": [2, 0, 14, 1], "texture": "#front"},
				"up": {"uv": [2, 0, 14, 14], "texture": "#top"}
			}
		},
		{
			"from": [2, 13, 0],
			"to": [14, 15, 1],
			"faces": {
				"north": {"uv": [2, 1, 14, 3], "texture": "#front"},
				"down": {"uv": [2, 2, 14, 3], "texture": "#front"}
			}
		},
		{
			"name": "a1",
			"from": [4, 12, 0],
			"to": [13, 13, 1],
			"faces": {
				"north": {"uv": [3, 3, 12, 4], "texture": "#front", "cullface": "north"},
				"down": {"uv": [3, 3, 12, 4], "texture": "#front", "cullface": "north"}
			}
		},
		{
			"name": "a2",
			"from": [12, 8, 0],
			"to": [13, 9, 1],
			"faces": {
				"north": {"uv": [3, 6, 4, 7], "texture": "#6", "cullface": "north"},
				"east": {"uv": [3, 6, 4, 7], "texture": "#6", "cullface": "north"},
				"west": {"uv": [3, 6, 4, 7], "texture": "#6", "cullface": "north"},
				"up": {"uv": [3, 6, 4, 7], "texture": "#6", "cullface": "north"},
				"down": {"uv": [3, 6, 4, 7], "texture": "#6", "cullface": "north"}
			}
		},
		{
			"name": "a3",
			"from": [12, 11, 0],
			"to": [13, 12, 1],
			"faces": {
				"north": {"uv": [2.5, 3, 3.5, 4], "texture": "#6", "cullface": "north"},
				"east": {"uv": [2.5, 3, 3.5, 4], "texture": "#6", "cullface": "north"},
				"west": {"uv": [2.5, 3, 3.5, 4], "texture": "#6", "cullface": "north"},
				"up": {"uv": [2.5, 3, 3.5, 4], "texture": "#6", "cullface": "north"},
				"down": {"uv": [2.5, 3, 3.5, 4], "texture": "#6", "cullface": "north"}
			}
		},
		{
			"from": [13, 2, 1],
			"to": [14, 3, 2],
			"faces": {
				"north": {"uv": [1, 6.5, 1.5, 7], "texture": "#5", "cullface": "north"},
				"up": {"uv": [1, 6.5, 1.5, 7], "texture": "#5", "cullface": "north"}
			}
		},
		{
			"from": [11, 4, 1],
			"to": [12, 5, 2],
			"faces": {
				"north": {"uv": [2, 5.5, 2.5, 6], "texture": "#5", "cullface": "north"},
				"east": {"uv": [2, 5.5, 2.5, 6], "texture": "#5", "cullface": "north"},
				"west": {"uv": [2, 5.5, 2.5, 6], "texture": "#5", "cullface": "north"},
				"up": {"uv": [2, 5.5, 2.5, 6], "texture": "#5", "cullface": "north"},
				"down": {"uv": [2, 5.5, 2.5, 6], "texture": "#5", "cullface": "north"}
			}
		},
		{
			"from": [8, 5, 1],
			"to": [9, 6, 2],
			"faces": {
				"north": {"uv": [3.5, 5, 4, 5.5], "texture": "#5", "cullface": "north"},
				"east": {"uv": [3.5, 5, 4, 5.5], "texture": "#5", "cullface": "north"},
				"west": {"uv": [3.5, 5, 4, 5.5], "texture": "#5", "cullface": "north"},
				"up": {"uv": [3.5, 5, 4, 5.5], "texture": "#5", "cullface": "north"},
				"down": {"uv": [3.5, 5, 4, 5.5], "texture": "#5", "cullface": "north"}
			}
		},
		{
			"from": [4, 5, 1],
			"to": [5, 6, 2],
			"faces": {
				"north": {"uv": [5.5, 5, 6, 5.5], "texture": "#5", "cullface": "north"},
				"east": {"uv": [5.5, 5, 6, 5.5], "texture": "#5", "cullface": "north"},
				"west": {"uv": [5.5, 5, 6, 5.5], "texture": "#5", "cullface": "north"},
				"up": {"uv": [5.5, 5, 6, 5.5], "texture": "#5", "cullface": "north"},
				"down": {"uv": [5.5, 5, 6, 5.5], "texture": "#5", "cullface": "north"}
			}
		},
		{
			"from": [5, 6, 1],
			"to": [6, 7, 2],
			"faces": {
				"north": {"uv": [5, 4.5, 5.5, 5], "texture": "#5", "cullface": "north"},
				"east": {"uv": [5, 4.5, 5.5, 5], "texture": "#5", "cullface": "north"},
				"west": {"uv": [5, 4.5, 5.5, 5], "texture": "#5", "cullface": "north"},
				"up": {"uv": [5, 4.5, 5.5, 5], "texture": "#5", "cullface": "north"},
				"down": {"uv": [5, 4.5, 5.5, 5], "texture": "#5", "cullface": "north"}
			}
		},
		{
			"from": [7, 4, 1],
			"to": [9, 5, 2],
			"faces": {
				"north": {"uv": [3.5, 5.5, 4.5, 6], "texture": "#5", "cullface": "north"},
				"east": {"uv": [3.5, 5.5, 4, 6], "texture": "#5", "cullface": "north"},
				"west": {"uv": [4, 5.5, 4.5, 6], "texture": "#5", "cullface": "north"},
				"up": {"uv": [4.5, 5.5, 3.5, 6], "texture": "#5", "cullface": "north"}
			}
		},
		{
			"from": [3, 4, 1],
			"to": [5, 5, 2],
			"faces": {
				"north": {"uv": [5.5, 5.5, 6.5, 6], "texture": "#5", "cullface": "north"},
				"east": {"uv": [5.5, 5.5, 6, 6], "texture": "#5", "cullface": "north"},
				"west": {"uv": [6, 5.5, 6.5, 6], "texture": "#5", "cullface": "north"},
				"up": {"uv": [6.5, 5.5, 5.5, 6], "texture": "#5", "cullface": "north"}
			}
		},
		{
			"from": [11, 2, 1],
			"to": [13, 4, 2],
			"faces": {
				"north": {"uv": [1.5, 6, 2.5, 7], "texture": "#5", "cullface": "north"},
				"east": {"uv": [1.5, 6, 2, 7], "texture": "#5", "cullface": "north"},
				"west": {"uv": [2, 6, 2.5, 7], "texture": "#5", "cullface": "north"},
				"up": {"uv": [2.5, 6, 1.5, 6.5], "texture": "#5", "cullface": "north"}
			}
		},
		{
			"from": [7, 2, 1],
			"to": [10, 4, 2],
			"faces": {
				"north": {"uv": [3, 6, 4.5, 7], "texture": "#5", "cullface": "north"},
				"east": {"uv": [3, 6, 3.5, 7], "texture": "#5", "cullface": "north"},
				"west": {"uv": [4, 6, 4.5, 7], "texture": "#5", "cullface": "north"},
				"up": {"uv": [3, 6, 4.5, 6.5], "texture": "#5", "cullface": "north"}
			}
		},
		{
			"from": [2, 2, 1],
			"to": [6, 4, 2],
			"faces": {
				"north": {"uv": [5, 6, 7, 7], "texture": "#5", "cullface": "north"},
				"east": {"uv": [5, 6, 5.5, 7], "texture": "#5", "cullface": "north"},
				"up": {"uv": [5, 6, 7, 6.5], "texture": "#5", "cullface": "north"}
			}
		},
		{
			"from": [0, 0, 2],
			"to": [16, 7, 16],
			"faces": {
				"north": {"uv": [0, 4.5, 8, 8], "texture": "#5", "cullface": "north"},
				"down": {"uv": [0, 0, 16, 14], "texture": "#bottom"}
			}
		},
		{
			"from": [2, 7, 0],
			"to": [14, 8, 14],
			"faces": {
				"north": {"uv": [1, 4, 7, 4.5], "texture": "#5", "cullface": "north"},
				"down": {"uv": [2, 0, 14, 14], "texture": "#bottom"}
			}
		},
		{
			"from": [0, 0, 2],
			"to": [16, 7, 16],
			"faces": {
				"north": {"uv": [8, 4.5, 16, 8], "texture": "#5", "cullface": "north"},
				"down": {"uv": [0, 0, 16, 14], "texture": "#bottom"}
			}
		},
		{
			"from": [2, 2, 1],
			"to": [14, 3, 2],
			"faces": {
				"north": {"uv": [9, 6.5, 15, 7], "texture": "#5", "cullface": "north"},
				"up": {"uv": [9, 6.5, 15, 7], "texture": "#5", "cullface": "north"}
			}
		},
		{
			"from": [8, 5, 1],
			"to": [9, 7, 2],
			"faces": {
				"north": {"uv": [11.5, 4.5, 12, 5.5], "texture": "#5", "cullface": "north"},
				"east": {"uv": [11.5, 4.5, 12, 5.5], "texture": "#5", "cullface": "north"},
				"west": {"uv": [11.5, 4.5, 12, 5.5], "texture": "#5", "cullface": "north"}
			}
		},
		{
			"from": [11, 3, 1],
			"to": [13, 5, 2],
			"faces": {
				"north": {"uv": [9.5, 5.5, 10.5, 6.5], "texture": "#5", "cullface": "north"},
				"east": {"uv": [9.5, 5.5, 10, 6.5], "texture": "#5", "cullface": "north"},
				"west": {"uv": [10, 5.5, 10.5, 6.5], "texture": "#5", "cullface": "north"},
				"up": {"uv": [10.5, 5.5, 9.5, 6], "texture": "#5", "cullface": "north"}
			}
		},
		{
			"from": [3, 3, 1],
			"to": [4, 4, 2],
			"faces": {
				"north": {"uv": [14, 6, 14.5, 6.5], "texture": "#5", "cullface": "north"},
				"east": {"uv": [14, 6, 14.5, 6.5], "texture": "#5", "cullface": "north"},
				"south": {"uv": [14, 6, 14.5, 6.5], "texture": "#5", "cullface": "north"},
				"west": {"uv": [14, 6, 14.5, 6.5], "texture": "#5", "cullface": "north"},
				"up": {"uv": [14, 6, 14.5, 6.5], "texture": "#5", "cullface": "north"},
				"down": {"uv": [14, 6, 14.5, 6.5], "texture": "#5", "cullface": "north"}
			}
		},
		{
			"from": [4, 3, 1],
			"to": [6, 5, 2],
			"faces": {
				"north": {"uv": [13, 5.5, 14, 6.5], "texture": "#5", "cullface": "north"},
				"east": {"uv": [13, 5.5, 13.5, 6.5], "texture": "#5", "cullface": "north"},
				"west": {"uv": [13.5, 5.5, 14, 6.5], "texture": "#5", "cullface": "north"},
				"up": {"uv": [14, 5.5, 13, 6], "texture": "#5", "cullface": "north"}
			}
		},
		{
			"from": [7, 3, 1],
			"to": [10, 5, 2],
			"faces": {
				"north": {"uv": [11, 5.5, 12.5, 6.5], "texture": "#5", "cullface": "north"},
				"east": {"uv": [11, 5.5, 11.5, 6.5], "texture": "#5", "cullface": "north"},
				"west": {"uv": [12, 5.5, 12.5, 6.5], "texture": "#5", "cullface": "north"},
				"up": {"uv": [11, 5.5, 12.5, 6], "texture": "#5", "cullface": "north"}
			}
		},
		{
			"from": [2, 7, 0],
			"to": [14, 8, 14],
			"faces": {
				"north": {"uv": [9, 4, 15, 4.5], "texture": "#5", "cullface": "north"},
				"up": {"uv": [2, 0, 14, 14], "texture": "#bottom"},
				"down": {"uv": [2, 0, 14, 14], "texture": "#bottom"}
			}
		},
		{
			"from": [0, 0, 2],
			"to": [16, 7, 16],
			"faces": {
				"north": {"uv": [0, 12.5, 8, 16], "texture": "#5", "cullface": "north"},
				"east": {"uv": [0, 9, 14, 16], "texture": "#side"},
				"south": {"uv": [0, 9, 16, 16], "texture": "#side"},
				"west": {"uv": [2, 9, 16, 16], "texture": "#side"},
				"down": {"uv": [0, 0, 16, 14], "texture": "#bottom"}
			}
		},
		{
			"from": [10, 2, 1],
			"to": [14, 4, 2],
			"faces": {
				"north": {"uv": [1, 14, 3, 15], "texture": "#5", "cullface": "north"},
				"west": {"uv": [2.5, 14, 3, 15], "texture": "#5", "cullface": "north"},
				"up": {"uv": [3, 14, 1, 14.5], "texture": "#5", "cullface": "north"}
			}
		},
		{
			"from": [6, 2, 1],
			"to": [9, 4, 2],
			"faces": {
				"north": {"uv": [3.5, 14, 5, 15], "texture": "#5", "cullface": "north"},
				"east": {"uv": [3.5, 14, 4, 15], "texture": "#5", "cullface": "north"},
				"west": {"uv": [4.5, 14, 5, 15], "texture": "#5", "cullface": "north"},
				"up": {"uv": [5, 14, 3.5, 14.5], "texture": "#5", "cullface": "north"}
			}
		},
		{
			"from": [3, 2, 1],
			"to": [5, 4, 2],
			"faces": {
				"north": {"uv": [5.5, 14, 6.5, 15], "texture": "#5", "cullface": "north"},
				"east": {"uv": [5.5, 14, 6, 15], "texture": "#5", "cullface": "north"},
				"west": {"uv": [6, 14, 6.5, 15], "texture": "#5", "cullface": "north"},
				"up": {"uv": [6.5, 14, 5.5, 14.5], "texture": "#5", "cullface": "north"}
			}
		},
		{
			"from": [4, 4, 1],
			"to": [5, 5, 2],
			"faces": {
				"north": {"uv": [5.5, 13.5, 6, 14], "texture": "#5", "cullface": "north"},
				"east": {"uv": [5.5, 13.5, 6, 14], "texture": "#5", "cullface": "north"},
				"west": {"uv": [5.5, 13.5, 6, 14], "texture": "#5", "cullface": "north"},
				"up": {"uv": [5.5, 13.5, 6, 14], "texture": "#5", "cullface": "north"}
			}
		},
		{
			"from": [9, 2, 1],
			"to": [10, 3, 2],
			"faces": {
				"north": {"uv": [3, 14.5, 3.5, 15], "texture": "#5", "cullface": "north"},
				"up": {"uv": [3, 14.5, 3.5, 15], "texture": "#5", "cullface": "north"}
			}
		},
		{
			"from": [2, 2, 1],
			"to": [3, 3, 2],
			"faces": {
				"north": {"uv": [6.5, 14.5, 7, 15], "texture": "#5", "cullface": "north"},
				"up": {"uv": [6.5, 14.5, 7, 15], "texture": "#5", "cullface": "north"}
			}
		},
		{
			"from": [8, 4, 1],
			"to": [9, 5, 2],
			"faces": {
				"north": {"uv": [3.5, 13.5, 4, 14], "texture": "#5", "cullface": "north"},
				"east": {"uv": [3.5, 13.5, 4, 14], "texture": "#5", "cullface": "north"},
				"up": {"uv": [3.5, 13.5, 4, 14], "texture": "#5", "cullface": "north"}
			}
		},
		{
			"from": [12, 4, 1],
			"to": [13, 5, 2],
			"faces": {
				"north": {"uv": [1.5, 13.5, 2, 14], "texture": "#5", "cullface": "north"},
				"east": {"uv": [1.5, 13.5, 2, 14], "texture": "#5", "cullface": "north"},
				"west": {"uv": [1.5, 13.5, 2, 14], "texture": "#5", "cullface": "north"},
				"up": {"uv": [1.5, 13.5, 2, 14], "texture": "#5", "cullface": "north"}
			}
		},
		{
			"from": [7, 4, 1],
			"to": [8, 6, 2],
			"faces": {
				"north": {"uv": [4, 13, 4.5, 14], "texture": "#5", "cullface": "north"},
				"east": {"uv": [4, 13, 4.5, 14], "texture": "#5", "cullface": "north"},
				"west": {"uv": [4, 13, 4.5, 14], "texture": "#5", "cullface": "north"},
				"up": {"uv": [4, 13, 4.5, 13.5], "texture": "#5", "cullface": "north"}
			}
		},
		{
			"from": [11, 4, 1],
			"to": [12, 6, 2],
			"faces": {
				"north": {"uv": [2, 13, 2.5, 14], "texture": "#5", "cullface": "north"},
				"east": {"uv": [2, 13, 2.5, 14], "texture": "#5", "cullface": "north"},
				"west": {"uv": [2, 13, 2.5, 14], "texture": "#5", "cullface": "north"},
				"up": {"uv": [2, 13, 2.5, 13.5], "texture": "#5", "cullface": "north"}
			}
		},
		{
			"from": [2, 7, 0],
			"to": [14, 8, 14],
			"faces": {
				"north": {"uv": [1, 12, 7, 12.5], "texture": "#5", "cullface": "north"},
				"up": {"uv": [2, 0, 14, 14], "texture": "#bottom"},
				"down": {"uv": [2, 0, 14, 14], "texture": "#bottom"}
			}
		}
	],
	"display": {
		"thirdperson_righthand": {
			"rotation": [75, 45, 0],
			"translation": [0, 2.5, 0],
			"scale": [0.375, 0.375, 0.375]
		},
		"thirdperson_lefthand": {
			"rotation": [75, 45, 0],
			"translation": [0, 2.5, 0],
			"scale": [0.375, 0.375, 0.375]
		},
		"firstperson_righthand": {
			"rotation": [0, 45, 0],
			"scale": [0.4, 0.4, 0.4]
		},
		"firstperson_lefthand": {
			"rotation": [0, 225, 0],
			"scale": [0.4, 0.4, 0.4]
		},
		"ground": {
			"translation": [0, 3, 0],
			"scale": [0.25, 0.25, 0.25]
		},
		"gui": {
			"rotation": [30, 225, 0],
			"scale": [0.625, 0.625, 0.625]
		},
		"fixed": {
			"scale": [0.5, 0.5, 0.5]
		}
	},
	"groups": [
		0,
		1,
		2,
		3,
		4,
		5,
		6,
		7,
		8,
		9,
		10,
		11,
		12,
		13,
		14,
		{
			"name": "fire1",
			"origin": [0, 0, 0],
			"color": 0,
			"nbt": "{}",
			"armAnimationEnabled": false,
			"children": [15, 16, 17, 18, 19, 20, 21, 22, 23, 24, 25, 26]
		},
		{
			"name": "fire2",
			"origin": [8, 8, 8],
			"color": 0,
			"nbt": "{}",
			"armAnimationEnabled": false,
			"children": [27, 28, 29, 30, 31, 32, 33, 34]
		},
		{
			"name": "fire3",
			"origin": [8, 8, 8],
			"color": 0,
			"nbt": "{}",
			"armAnimationEnabled": false,
			"children": [35, 36, 37, 38, 39, 40, 41, 42, 43, 44, 45, 46]
		}
	]
}