{
	"credit": "Made with Blockbench",
	"parent": "minecraft:block/trapdoor_display",
	"textures": {
		"1": "block/spruce_trapdoor_side",
		"texture": "block/spruce_trapdoor",
		"particle": "block/spruce_trapdoor_side"
	},
	"elements": [
		{
			"from": [0, 0, 13.7],
			"to": [16, 16, 15.3],
			"rotation": {"angle": 0, "axis": "x", "origin": [8, 0, 16]},
			"faces": {
				"north": {"uv": [0, 16, 16, 0], "rotation": 180, "texture": "#texture"},
				"south": {"uv": [0, 0, 16, 16], "texture": "#texture"},
				"up": {"uv": [16, 0, 0, 1], "rotation": 180, "texture": "#texture"},
				"down": {"uv": [0, 15, 16, 16], "texture": "#texture"}
			}
		},
		{
			"from": [0, 0, 13],
			"to": [3, 16, 16],
			"rotation": {"angle": 0, "axis": "x", "origin": [8, 0, 16]},
			"faces": {
				"north": {"uv": [0, 16, 3, 0], "rotation": 180, "texture": "#texture"},
				"east": {"uv": [2, 0, 3, 16], "texture": "#texture"},
				"south": {"uv": [0, 0, 3, 16], "texture": "#texture"},
				"west": {"uv": [0, 0, 16, 3], "rotation": 90, "texture": "#1"},
				"up": {"uv": [3, 0, 0, 1], "rotation": 180, "texture": "#texture"},
				"down": {"uv": [0, 15, 3, 16], "texture": "#texture"}
			}
		},
		{
			"from": [4, 0, 13],
			"to": [6, 16, 16],
			"rotation": {"angle": 0, "axis": "x", "origin": [8, 0, 16]},
			"faces": {
				"north": {"uv": [4, 16, 6, 0], "rotation": 180, "texture": "#texture"},
				"east": {"uv": [5, 0, 6, 16], "texture": "#texture"},
				"south": {"uv": [4, 0, 6, 16], "texture": "#texture"},
				"west": {"uv": [4, 16, 5, 0], "rotation": 180, "texture": "#texture"},
				"up": {"uv": [6, 0, 4, 1], "rotation": 180, "texture": "#texture"},
				"down": {"uv": [4, 15, 6, 16], "texture": "#texture"}
			}
		},
		{
			"from": [7, 0, 13],
			"to": [9, 16, 16],
			"rotation": {"angle": 0, "axis": "x", "origin": [8, 0, 16]},
			"faces": {
				"north": {"uv": [7, 16, 9, 0], "rotation": 180, "texture": "#texture"},
				"east": {"uv": [8, 0, 9, 16], "texture": "#texture"},
				"south": {"uv": [7, 0, 9, 16], "texture": "#texture"},
				"west": {"uv": [7, 16, 8, 0], "rotation": 180, "texture": "#texture"},
				"up": {"uv": [9, 0, 7, 1], "rotation": 180, "texture": "#texture"},
				"down": {"uv": [7, 15, 9, 16], "texture": "#texture"}
			}
		},
		{
			"from": [10, 0, 13],
			"to": [12, 16, 16],
			"rotation": {"angle": 0, "axis": "x", "origin": [8, 0, 16]},
			"faces": {
				"north": {"uv": [10, 16, 12, 0], "rotation": 180, "texture": "#texture"},
				"east": {"uv": [11, 0, 12, 16], "texture": "#texture"},
				"south": {"uv": [10, 0, 12, 16], "texture": "#texture"},
				"west": {"uv": [10, 16, 11, 0], "rotation": 180, "texture": "#texture"},
				"up": {"uv": [12, 0, 10, 1], "rotation": 180, "texture": "#texture"},
				"down": {"uv": [10, 15, 12, 16], "texture": "#texture"}
			}
		},
		{
			"from": [13, 0, 13],
			"to": [16, 16, 16],
			"rotation": {"angle": 0, "axis": "x", "origin": [8, 0, 16]},
			"faces": {
				"north": {"uv": [13, 16, 16, 0], "rotation": 180, "texture": "#texture"},
				"east": {"uv": [0, 0, 16, 3], "rotation": 270, "texture": "#1"},
				"south": {"uv": [13, 0, 16, 16], "texture": "#texture"},
				"west": {"uv": [13, 16, 14, 0], "rotation": 180, "texture": "#texture"},
				"up": {"uv": [16, 0, 13, 1], "rotation": 180, "texture": "#texture"},
				"down": {"uv": [13, 15, 16, 16], "texture": "#texture"}
			}
		}
	]
}