{
	"credit": "Made with Blockbench",
	"parent": "minecraft:block/door_top",
	"textures": {
		"1": "block/spruce_door_bottom",
		"2": "block/door_doorknob",
		"particle": "block/spruce_door_bottom"
	},
	"elements": [
		{
			"from": [0.7, 0, 0],
			"to": [2.3, 16, 16],
			"faces": {
				"east": {"uv": [16, 0, 0, 16], "texture": "#1"},
				"west": {"uv": [0, 0, 16, 16], "texture": "#1"},
				"down": {"uv": [0, 15, 16, 16], "rotation": 90, "texture": "#1"}
			}
		},
		{
			"from": [0, 0, 0],
			"to": [3, 16, 3],
			"faces": {
				"north": {"uv": [0, 0, 1, 16], "texture": "#1"},
				"east": {"uv": [3, 0, 0, 16], "texture": "#1"},
				"south": {"uv": [2, 0, 3, 16], "texture": "#1"},
				"west": {"uv": [0, 0, 3, 16], "texture": "#1"},
				"down": {"uv": [3, 16, 0, 15], "rotation": 90, "texture": "#1"}
			}
		},
		{
			"from": [0, 0, 4],
			"to": [3, 16, 6],
			"faces": {
				"north": {"uv": [4, 0, 5, 16], "texture": "#1"},
				"east": {"uv": [6, 0, 4, 16], "texture": "#1"},
				"south": {"uv": [5, 0, 6, 16], "texture": "#1"},
				"west": {"uv": [4, 0, 6, 16], "texture": "#1"},
				"down": {"uv": [4, 15, 6, 16], "rotation": 90, "texture": "#1"}
			}
		},
		{
			"from": [0, 0, 7],
			"to": [3, 16, 9],
			"faces": {
				"north": {"uv": [7, 0, 8, 16], "texture": "#1"},
				"east": {"uv": [9, 0, 7, 16], "texture": "#1"},
				"south": {"uv": [8, 0, 9, 16], "texture": "#1"},
				"west": {"uv": [7, 0, 9, 16], "texture": "#1"},
				"down": {"uv": [7, 15, 9, 16], "rotation": 90, "texture": "#1"}
			}
		},
		{
			"from": [0, 0, 10],
			"to": [3, 16, 12],
			"faces": {
				"north": {"uv": [10, 0, 11, 16], "texture": "#1"},
				"east": {"uv": [12, 0, 10, 16], "texture": "#1"},
				"south": {"uv": [11, 0, 12, 16], "texture": "#1"},
				"west": {"uv": [10, 0, 12, 16], "texture": "#1"},
				"down": {"uv": [10, 15, 12, 16], "rotation": 90, "texture": "#1"}
			}
		},
		{
			"from": [0, 0, 13],
			"to": [3, 16, 16],
			"faces": {
				"north": {"uv": [13, 0, 14, 16], "texture": "#1"},
				"east": {"uv": [16, 0, 13, 16], "texture": "#1"},
				"south": {"uv": [15, 0, 16, 16], "texture": "#1"},
				"west": {"uv": [13, 0, 16, 16], "texture": "#1"},
				"down": {"uv": [16, 15, 13, 16], "rotation": 90, "texture": "#1"}
			}
		},
		{
			"from": [-1, 15, 11],
			"to": [0, 15.99, 13],
			"faces": {
				"north": {"uv": [1, 8, 2, 9], "texture": "#2"},
				"east": {"uv": [3, 8, 1, 9], "texture": "#2"},
				"south": {"uv": [2, 8, 3, 9], "texture": "#2"},
				"west": {"uv": [1, 8, 3, 9], "texture": "#2"},
				"up": {"uv": [1, 8, 3, 9], "rotation": 90, "texture": "#2"},
				"down": {"uv": [1, 8, 3, 9], "rotation": 270, "texture": "#2"}
			}
		},
		{
			"from": [3, 13, 10],
			"to": [4, 15, 11],
			"faces": {
				"north": {"uv": [0, 9, 1, 11], "texture": "#2"},
				"east": {"uv": [0, 9, 1, 11], "texture": "#2"},
				"south": {"uv": [0, 9, 1, 11], "texture": "#2"},
				"west": {"uv": [1, 9, 0, 11], "texture": "#2"},
				"up": {"uv": [0, 9, 1, 10], "texture": "#2"},
				"down": {"uv": [0, 10, 1, 11], "texture": "#2"}
			}
		},
		{
			"from": [3, 13, 13],
			"to": [4, 15, 14],
			"faces": {
				"north": {"uv": [3, 9, 4, 11], "texture": "#2"},
				"east": {"uv": [3, 9, 4, 11], "texture": "#2"},
				"south": {"uv": [3, 9, 4, 11], "texture": "#2"},
				"west": {"uv": [3, 9, 4, 11], "texture": "#2"},
				"up": {"uv": [3, 9, 4, 10], "texture": "#2"},
				"down": {"uv": [3, 10, 4, 11], "texture": "#2"}
			}
		},
		{
			"from": [3, 12, 11],
			"to": [4, 13, 13],
			"faces": {
				"north": {"uv": [1, 11, 2, 12], "texture": "#2"},
				"east": {"uv": [3, 11, 1, 12], "texture": "#2"},
				"south": {"uv": [2, 11, 3, 12], "texture": "#2"},
				"west": {"uv": [1, 11, 3, 12], "texture": "#2"},
				"up": {"uv": [1, 11, 3, 12], "rotation": 90, "texture": "#2"},
				"down": {"uv": [1, 11, 3, 12], "rotation": 270, "texture": "#2"}
			}
		},
		{
			"from": [3, 15, 11],
			"to": [4, 16, 13],
			"faces": {
				"north": {"uv": [1, 8, 2, 9], "texture": "#2"},
				"east": {"uv": [3, 8, 1, 9], "texture": "#2"},
				"south": {"uv": [2, 8, 3, 9], "texture": "#2"},
				"west": {"uv": [1, 8, 3, 9], "texture": "#2"},
				"up": {"uv": [1, 8, 3, 9], "rotation": 90, "texture": "#2"},
				"down": {"uv": [1, 8, 3, 9], "rotation": 270, "texture": "#2"}
			}
		},
		{
			"from": [-1, 12, 11],
			"to": [0, 13, 13],
			"faces": {
				"north": {"uv": [1, 11, 2, 12], "texture": "#2"},
				"east": {"uv": [3, 11, 1, 12], "texture": "#2"},
				"south": {"uv": [2, 11, 3, 12], "texture": "#2"},
				"west": {"uv": [1, 11, 3, 12], "texture": "#2"},
				"up": {"uv": [1, 11, 3, 12], "rotation": 90, "texture": "#2"},
				"down": {"uv": [1, 11, 3, 12], "rotation": 270, "texture": "#2"}
			}
		},
		{
			"from": [-1, 13, 13],
			"to": [0, 15, 14],
			"faces": {
				"north": {"uv": [3, 9, 4, 11], "texture": "#2"},
				"east": {"uv": [3, 9, 4, 11], "texture": "#2"},
				"south": {"uv": [3, 9, 4, 11], "texture": "#2"},
				"west": {"uv": [3, 9, 4, 11], "texture": "#2"},
				"up": {"uv": [3, 9, 4, 10], "texture": "#2"},
				"down": {"uv": [3, 10, 4, 11], "texture": "#2"}
			}
		},
		{
			"from": [-1, 13, 10],
			"to": [0, 15, 11],
			"faces": {
				"north": {"uv": [0, 9, 1, 11], "texture": "#2"},
				"east": {"uv": [0, 9, 1, 11], "texture": "#2"},
				"south": {"uv": [0, 9, 1, 11], "texture": "#2"},
				"west": {"uv": [1, 9, 0, 11], "texture": "#2"},
				"up": {"uv": [0, 9, 1, 10], "texture": "#2"},
				"down": {"uv": [0, 10, 1, 11], "texture": "#2"}
			}
		}
	]
}