{
	"credit": "Made with Blockbench",
	"parent": "minecraft:block/door_top",
	"textures": {
		"top": "block/spruce_door_top"
	},
	"elements": [
		{
			"from": [0.7, 0, 0],
			"to": [2.3, 16, 16],
			"faces": {
				"east": {"uv": [16, 0, 0, 16], "texture": "#top"},
				"west": {"uv": [16, 0, 0, 16], "texture": "#top"},
				"up": {"uv": [16, 0, 0, 1], "rotation": 90, "texture": "#top"}
			}
		},
		{
			"from": [0, 0, 0],
			"to": [3, 16, 3],
			"faces": {
				"north": {"uv": [15, 0, 16, 16], "texture": "#top"},
				"east": {"uv": [13, 0, 16, 16], "texture": "#top"},
				"south": {"uv": [13, 0, 14, 16], "texture": "#top"},
				"west": {"uv": [16, 0, 13, 16], "texture": "#top"},
				"up": {"uv": [16, 0, 13, 1], "rotation": 90, "texture": "#top"}
			}
		},
		{
			"from": [0, 0, 4],
			"to": [3, 16, 6],
			"faces": {
				"north": {"uv": [12, 0, 11, 16], "texture": "#top"},
				"east": {"uv": [10, 0, 12, 16], "texture": "#top"},
				"south": {"uv": [10, 0, 11, 16], "texture": "#top"},
				"west": {"uv": [10, 0, 12, 16], "texture": "#top"},
				"up": {"uv": [10, 0, 12, 1], "rotation": 90, "texture": "#top"}
			}
		},
		{
			"from": [0, 0, 7],
			"to": [3, 16, 9],
			"faces": {
				"north": {"uv": [7, 0, 8, 16], "texture": "#top"},
				"east": {"uv": [7, 0, 9, 16], "texture": "#top"},
				"south": {"uv": [8, 0, 9, 16], "texture": "#top"},
				"west": {"uv": [9, 0, 7, 16], "texture": "#top"},
				"up": {"uv": [7, 0, 9, 1], "rotation": 90, "texture": "#top"}
			}
		},
		{
			"from": [0, 0, 10],
			"to": [3, 16, 12],
			"faces": {
				"north": {"uv": [5, 0, 6, 16], "texture": "#top"},
				"east": {"uv": [4, 0, 6, 16], "texture": "#top"},
				"south": {"uv": [4, 0, 5, 16], "texture": "#top"},
				"west": {"uv": [6, 0, 4, 16], "texture": "#top"},
				"up": {"uv": [4, 0, 6, 1], "rotation": 90, "texture": "#top"}
			}
		},
		{
			"from": [0, 0, 13],
			"to": [3, 16, 16],
			"faces": {
				"north": {"uv": [2, 0, 3, 16], "texture": "#top"},
				"east": {"uv": [0, 0, 3, 16], "texture": "#top"},
				"south": {"uv": [0, 0, 1, 16], "texture": "#top"},
				"west": {"uv": [3, 0, 0, 16], "texture": "#top"},
				"up": {"uv": [3, 0, 0, 1], "rotation": 90, "texture": "#top"}
			}
		}
	]
}