{
	"credit": "Made with Blockbench",
	"parent": "block/block",
	"textures": {
		"particle": "block/stonecutter_bottom",
		"bottom": "block/stonecutter_bottom",
		"top": "block/stonecutter_top",
		"side": "block/stonecutter_side",
		"saw": "block/stonecutter_saw"
	},
	"elements": [
		{
			"from": [0, 0, 0],
			"to": [16, 9, 16],
			"faces": {
				"north": {"uv": [0, 7, 16, 16], "texture": "#side", "cullface": "north"},
				"east": {"uv": [0, 7, 16, 16], "texture": "#side", "cullface": "east"},
				"south": {"uv": [0, 7, 16, 16], "texture": "#side", "cullface": "south"},
				"west": {"uv": [0, 7, 16, 16], "texture": "#side", "cullface": "west"},
				"up": {"uv": [0, 0, 16, 16], "texture": "#top"},
				"down": {"uv": [0, 0, 16, 16], "texture": "#bottom", "cullface": "down"}
			}
		},
		{
			"from": [1, 9, 7.7],
			"to": [15, 12, 8.3],
			"faces": {
				"north": {"uv": [1, 13, 15, 16], "texture": "#saw"},
				"east": {"uv": [1, 13, 1.6, 16], "texture": "#saw"},
				"south": {"uv": [15, 13, 1, 16], "texture": "#saw"},
				"west": {"uv": [14, 13, 14.6, 16], "texture": "#saw"},
				"up": {"uv": [15, 13, 1, 13.6], "texture": "#saw"}
			}
		},
		{
			"from": [2, 12, 7.7],
			"to": [14, 14, 8.3],
			"faces": {
				"north": {"uv": [2, 11, 14, 13], "texture": "#saw"},
				"east": {"uv": [2, 11, 2.6, 13], "texture": "#saw"},
				"south": {"uv": [14, 11, 2, 13], "texture": "#saw"},
				"west": {"uv": [13, 11, 13.6, 13], "texture": "#saw"},
				"up": {"uv": [14, 11, 2, 11.6], "texture": "#saw"}
			}
		},
		{
			"from": [3, 14, 7.7],
			"to": [13, 15, 8.3],
			"faces": {
				"north": {"uv": [13, 10, 3, 11], "texture": "#saw"},
				"east": {"uv": [3, 10, 3.6, 11], "texture": "#saw"},
				"south": {"uv": [3, 10, 13, 11], "texture": "#saw"},
				"west": {"uv": [12, 10, 12.6, 11], "texture": "#saw"},
				"up": {"uv": [3, 10, 13, 10.6], "texture": "#saw"}
			}
		},
		{
			"from": [5, 15, 7.7],
			"to": [11, 16, 8.3],
			"faces": {
				"north": {"uv": [5, 9, 11, 10], "texture": "#saw"},
				"east": {"uv": [5, 9, 5.6, 10], "texture": "#saw"},
				"south": {"uv": [11, 9, 5, 10], "texture": "#saw"},
				"west": {"uv": [10, 9, 10.6, 10], "texture": "#saw"},
				"up": {"uv": [11, 9, 5, 9.6], "texture": "#saw"}
			}
		}
	]
}