{
	"credit": "Made with Blockbench",
	"parent": "minecraft:block/tinted_cross",
	"textures": {
		"cross": "block/sugar_cane"
	},
	"elements": [
		{
			"from": [1, 0, 2],
			"to": [3, 16, 4],
			"faces": {
				"north": {"uv": [13, 0, 15, 16], "texture": "#cross"},
				"east": {"uv": [13, 0, 15, 16], "texture": "#cross"},
				"south": {"uv": [13, 0, 15, 16], "texture": "#cross"},
				"west": {"uv": [13, 0, 15, 16], "texture": "#cross"},
				"up": {"uv": [15, 2, 13, 4], "texture": "#cross"}
			}
		},
		{
			"from": [10.8, 0, 1],
			"to": [12.8, 16, 3],
			"faces": {
				"north": {"uv": [5, 0, 7, 16], "texture": "#cross"},
				"east": {"uv": [5, 0, 7, 16], "texture": "#cross"},
				"south": {"uv": [5, 0, 7, 16], "texture": "#cross"},
				"west": {"uv": [5, 0, 7, 16], "texture": "#cross"},
				"up": {"uv": [7, 0, 5, 2], "texture": "#cross"}
			}
		},
		{
			"from": [5, 0, 5.1],
			"to": [7, 16, 7.1],
			"faces": {
				"north": {"uv": [9, 0, 11, 16], "texture": "#cross"},
				"east": {"uv": [9, 0, 11, 16], "texture": "#cross"},
				"south": {"uv": [9, 0, 11, 16], "texture": "#cross"},
				"west": {"uv": [9, 0, 11, 16], "texture": "#cross"},
				"up": {"uv": [11, 3, 9, 5], "texture": "#cross"}
			}
		},
		{
			"from": [2.65, 0, 11.25],
			"to": [4.65, 16, 13.25],
			"rotation": {"angle": 0, "axis": "y", "origin": [4, 5.75, 12.25]},
			"faces": {
				"north": {"uv": [13, 0, 15, 16], "texture": "#cross"},
				"east": {"uv": [13, 0, 15, 16], "texture": "#cross"},
				"south": {"uv": [13, 0, 15, 16], "texture": "#cross"},
				"west": {"uv": [13, 0, 15, 16], "texture": "#cross"},
				"up": {"uv": [15, 2, 13, 4], "rotation": 270, "texture": "#cross"}
			}
		},
		{
			"from": [9.6, 0, 7.6],
			"to": [11.6, 16, 9.6],
			"rotation": {"angle": 0, "axis": "y", "origin": [9.85, 9.75, 8.75]},
			"faces": {
				"north": {"uv": [9, 0, 11, 16], "texture": "#cross"},
				"east": {"uv": [9, 0, 11, 16], "texture": "#cross"},
				"south": {"uv": [9, 0, 11, 16], "texture": "#cross"},
				"west": {"uv": [9, 0, 11, 16], "texture": "#cross"},
				"up": {"uv": [11, 3, 9, 5], "rotation": 270, "texture": "#cross"}
			}
		},
		{
			"from": [12.3, 0, 12],
			"to": [14.3, 16, 14],
			"faces": {
				"north": {"uv": [1, 0, 3, 16], "texture": "#cross"},
				"east": {"uv": [1, 0, 3, 16], "texture": "#cross"},
				"south": {"uv": [1, 0, 3, 16], "texture": "#cross"},
				"west": {"uv": [1, 0, 3, 16], "texture": "#cross"},
				"up": {"uv": [3, 0, 1, 2], "texture": "#cross"}
			}
		},
		{
			"from": [3, 2, 3],
			"to": [4, 3, 4],
			"faces": {
				"north": {"uv": [12, 13, 13, 14], "texture": "#cross"},
				"east": {"uv": [12, 13, 13, 14], "texture": "#cross"},
				"south": {"uv": [12, 13, 13, 14], "texture": "#cross"},
				"up": {"uv": [12, 13, 13, 14], "texture": "#cross"},
				"down": {"uv": [12, 13, 13, 14], "texture": "#cross"}
			}
		},
		{
			"from": [0, 8, 2.7],
			"to": [1, 10, 4],
			"faces": {
				"north": {"uv": [15, 6, 16, 8], "texture": "#cross"},
				"south": {"uv": [15, 6, 16, 8], "texture": "#cross"},
				"west": {"uv": [15, 6, 16, 8], "texture": "#cross"},
				"up": {"uv": [15, 6, 16, 7], "texture": "#cross"},
				"down": {"uv": [15, 7, 16, 8], "texture": "#cross"}
			}
		},
		{
			"from": [4, 14, 5.1],
			"to": [5, 15, 6.1],
			"faces": {
				"north": {"uv": [11, 2, 12, 3], "texture": "#cross"},
				"south": {"uv": [11, 2, 12, 3], "texture": "#cross"},
				"west": {"uv": [11, 2, 12, 3], "texture": "#cross"},
				"up": {"uv": [11, 2, 12, 3], "texture": "#cross"},
				"down": {"uv": [11, 2, 12, 3], "texture": "#cross"}
			}
		},
		{
			"from": [6.7, 4, 5.6],
			"to": [7.7, 6, 6.6],
			"faces": {
				"north": {"uv": [8, 10, 9, 12], "texture": "#cross"},
				"east": {"uv": [8, 10, 9, 12], "texture": "#cross"},
				"south": {"uv": [8, 10, 9, 12], "texture": "#cross"},
				"up": {"uv": [8, 10, 9, 11], "texture": "#cross"},
				"down": {"uv": [8, 11, 9, 12], "texture": "#cross"}
			}
		},
		{
			"from": [11.3, 12, 12.7],
			"to": [12.3, 14, 13.7],
			"faces": {
				"north": {"uv": [3, 2, 4, 4], "texture": "#cross"},
				"south": {"uv": [3, 2, 4, 4], "texture": "#cross"},
				"west": {"uv": [3, 2, 4, 4], "texture": "#cross"},
				"up": {"uv": [3, 2, 4, 3], "texture": "#cross"},
				"down": {"uv": [3, 3, 4, 4], "texture": "#cross"}
			}
		},
		{
			"from": [14.3, 6, 12.2],
			"to": [15.3, 8, 13.2],
			"faces": {
				"north": {"uv": [0, 8, 1, 10], "texture": "#cross"},
				"east": {"uv": [0, 8, 1, 10], "texture": "#cross"},
				"south": {"uv": [0, 8, 1, 10], "texture": "#cross"},
				"up": {"uv": [0, 9, 1, 10], "texture": "#cross"},
				"down": {"uv": [0, 8, 1, 9], "texture": "#cross"}
			}
		},
		{
			"from": [1.5, 11, 4],
			"to": [2.5, 13, 5],
			"faces": {
				"east": {"uv": [3, 2, 4, 4], "texture": "#cross"},
				"south": {"uv": [3, 2, 4, 4], "texture": "#cross"},
				"west": {"uv": [3, 2, 4, 4], "texture": "#cross"},
				"up": {"uv": [3, 2, 4, 3], "texture": "#cross"},
				"down": {"uv": [3, 3, 4, 4], "texture": "#cross"}
			}
		},
		{
			"from": [12.8, 5, 1.3],
			"to": [13.8, 6, 3],
			"faces": {
				"north": {"uv": [4, 10, 5, 11], "texture": "#cross"},
				"east": {"uv": [4, 10, 5, 11], "texture": "#cross"},
				"south": {"uv": [4, 10, 5, 11], "texture": "#cross"},
				"up": {"uv": [4, 10, 5, 11], "texture": "#cross"},
				"down": {"uv": [4, 10, 5, 11], "texture": "#cross"}
			}
		},
		{
			"from": [9.8, 11, 2],
			"to": [10.8, 13, 3],
			"faces": {
				"north": {"uv": [8, 3, 7, 5], "texture": "#cross"},
				"south": {"uv": [7, 3, 8, 5], "texture": "#cross"},
				"west": {"uv": [7, 3, 8, 5], "texture": "#cross"},
				"up": {"uv": [7, 3, 8, 4], "texture": "#cross"},
				"down": {"uv": [7, 4, 8, 5], "texture": "#cross"}
			}
		},
		{
			"from": [3.65, 2, 10.25],
			"to": [4.65, 3, 11.25],
			"rotation": {"angle": 0, "axis": "y", "origin": [4, 5.75, 12.25]},
			"faces": {
				"north": {"uv": [12, 13, 13, 14], "texture": "#cross"},
				"east": {"uv": [12, 13, 13, 14], "texture": "#cross"},
				"west": {"uv": [12, 13, 13, 14], "texture": "#cross"},
				"up": {"uv": [12, 13, 13, 14], "rotation": 270, "texture": "#cross"},
				"down": {"uv": [12, 13, 13, 14], "rotation": 90, "texture": "#cross"}
			}
		},
		{
			"from": [3.35, 8, 13.25],
			"to": [4.65, 10, 14.25],
			"rotation": {"angle": 0, "axis": "y", "origin": [4, 5.75, 12.25]},
			"faces": {
				"east": {"uv": [15, 6, 16, 8], "texture": "#cross"},
				"south": {"uv": [15, 6, 16, 8], "texture": "#cross"},
				"west": {"uv": [15, 6, 16, 8], "texture": "#cross"},
				"up": {"uv": [15, 6, 16, 7], "rotation": 270, "texture": "#cross"},
				"down": {"uv": [15, 7, 16, 8], "rotation": 90, "texture": "#cross"}
			}
		},
		{
			"from": [10.1, 4, 6.9],
			"to": [11.1, 6, 7.9],
			"rotation": {"angle": 0, "axis": "y", "origin": [9.85, 9.75, 8.75]},
			"faces": {
				"north": {"uv": [8, 10, 9, 12], "texture": "#cross"},
				"east": {"uv": [8, 10, 9, 12], "texture": "#cross"},
				"west": {"uv": [8, 10, 9, 12], "texture": "#cross"},
				"up": {"uv": [8, 10, 9, 11], "rotation": 270, "texture": "#cross"},
				"down": {"uv": [8, 11, 9, 12], "rotation": 90, "texture": "#cross"}
			}
		},
		{
			"from": [9.6, 14, 9.6],
			"to": [10.6, 15, 10.6],
			"rotation": {"angle": 0, "axis": "y", "origin": [9.85, 9.75, 8.75]},
			"faces": {
				"east": {"uv": [11, 2, 12, 3], "texture": "#cross"},
				"south": {"uv": [11, 2, 12, 3], "texture": "#cross"},
				"west": {"uv": [11, 2, 12, 3], "texture": "#cross"},
				"up": {"uv": [11, 2, 12, 3], "rotation": 270, "texture": "#cross"},
				"down": {"uv": [11, 2, 12, 3], "rotation": 90, "texture": "#cross"}
			}
		},
		{
			"from": [11.6, 9, 8.3],
			"to": [12.6, 10, 9.3],
			"faces": {
				"north": {"uv": [4, 10, 5, 11], "texture": "#cross"},
				"east": {"uv": [4, 10, 5, 11], "texture": "#cross"},
				"south": {"uv": [4, 10, 5, 11], "texture": "#cross"},
				"up": {"uv": [4, 10, 5, 11], "texture": "#cross"},
				"down": {"uv": [4, 10, 5, 11], "texture": "#cross"}
			}
		},
		{
			"from": [1.9, 12, 11.3],
			"to": [2.9, 14, 12.3],
			"faces": {
				"north": {"uv": [3, 2, 4, 4], "texture": "#cross"},
				"south": {"uv": [3, 2, 4, 4], "texture": "#cross"},
				"west": {"uv": [3, 2, 4, 4], "texture": "#cross"},
				"up": {"uv": [3, 2, 4, 3], "texture": "#cross"},
				"down": {"uv": [3, 3, 4, 4], "texture": "#cross"}
			}
		}
	]
}