{
	"credit": "Made with Blockbench",
	"ambientocclusion": false,
	"textures": {
		"1": "block/glass",
		"particle": "#pane"
	},
	"elements": [
		{
			"from": [7, 0, 7],
			"to": [9, 16, 9],
			"faces": {
				"north": {"uv": [9, 0, 7, 16], "texture": "#1"},
				"east": {"uv": [7, 0, 9, 16], "texture": "#1"},
				"south": {"uv": [7, 0, 9, 16], "texture": "#1"},
				"west": {"uv": [7, 0, 9, 16], "texture": "#1"},
				"up": {"uv": [0, 0, 0, 0], "texture": "#1"},
				"down": {"uv": [0, 0, 0, 0], "texture": "#1"}
			}
		}
	]
}