{
	"credit": "Made with Blockbench",
	"parent": "block/block",
	"elements": [
		{
			"from": [5, 1, 5],
			"to": [11, 8, 11],
			"faces": {
				"north": {"uv": [0, 2, 6, 9], "texture": "#lantern"},
				"east": {"uv": [0, 2, 6, 9], "texture": "#lantern"},
				"south": {"uv": [0, 2, 6, 9], "texture": "#lantern"},
				"west": {"uv": [0, 2, 6, 9], "texture": "#lantern"},
				"up": {"uv": [0, 9, 6, 15], "texture": "#lantern"},
				"down": {"uv": [0, 9, 6, 15], "texture": "#lantern"}
			}
		},
		{
			"from": [6, 8, 6],
			"to": [10, 10, 10],
			"faces": {
				"north": {"uv": [1, 0, 5, 2], "texture": "#lantern"},
				"east": {"uv": [1, 0, 5, 2], "texture": "#lantern"},
				"south": {"uv": [1, 0, 5, 2], "texture": "#lantern"},
				"west": {"uv": [1, 0, 5, 2], "texture": "#lantern"},
				"up": {"uv": [1, 10, 5, 14], "texture": "#lantern"}
			}
		},
		{
			"from": [9.6, 10, 0],
			"to": [10.6, 12, 1],
			"rotation": {"angle": -45, "axis": "y", "origin": [0.5, 0.5, 0.5]},
			"faces": {
				"north": {"uv": [13, 10, 14, 12], "texture": "#lantern"},
				"east": {"uv": [13, 10, 14, 12], "texture": "#lantern"},
				"south": {"uv": [13, 10, 14, 12], "texture": "#lantern"},
				"west": {"uv": [13, 10, 14, 12], "texture": "#lantern"},
				"up": {"uv": [13, 10, 14, 11], "texture": "#lantern"}
			}
		},
		{
			"from": [10.6, 11, 0],
			"to": [11.6, 12, 1],
			"rotation": {"angle": -45, "axis": "y", "origin": [0.5, 0.5, 0.5]},
			"faces": {
				"north": {"uv": [12, 10, 13, 11], "texture": "#lantern"},
				"south": {"uv": [12, 10, 13, 11], "texture": "#lantern"},
				"up": {"uv": [12, 10, 13, 11], "texture": "#lantern"},
				"down": {"uv": [12, 10, 13, 11], "texture": "#lantern"}
			}
		},
		{
			"from": [10.6, 14, 0],
			"to": [11.6, 15, 1],
			"rotation": {"angle": -45, "axis": "y", "origin": [0.5, 0.5, 0.5]},
			"faces": {
				"east": {"uv": [12, 1, 13, 2], "texture": "#lantern"},
				"west": {"uv": [12, 1, 13, 2], "texture": "#lantern"},
				"up": {"uv": [12, 1, 13, 2], "texture": "#lantern"},
				"down": {"uv": [12, 1, 13, 2], "texture": "#lantern"}
			}
		},
		{
			"from": [11.6, 10, 0],
			"to": [12.6, 12, 1],
			"rotation": {"angle": -45, "axis": "y", "origin": [0.5, 0.5, 0.5]},
			"faces": {
				"north": {"uv": [11, 10, 12, 12], "texture": "#lantern"},
				"east": {"uv": [11, 10, 12, 12], "texture": "#lantern"},
				"south": {"uv": [11, 10, 12, 12], "texture": "#lantern"},
				"west": {"uv": [11, 10, 12, 12], "texture": "#lantern"},
				"up": {"uv": [11, 10, 12, 11], "texture": "#lantern"}
			}
		},
		{
			"from": [11.6, 14, 0],
			"to": [12.6, 16, 1],
			"rotation": {"angle": -45, "axis": "y", "origin": [0.5, 0.5, 0.5]},
			"faces": {
				"north": {"uv": [11, 6, 12, 8], "texture": "#lantern"},
				"east": {"uv": [11, 6, 12, 8], "texture": "#lantern"},
				"south": {"uv": [11, 6, 12, 8], "texture": "#lantern"},
				"west": {"uv": [11, 6, 12, 8], "texture": "#lantern"},
				"up": {"uv": [11, 6, 12, 7], "texture": "#lantern"},
				"down": {"uv": [11, 7, 12, 8], "texture": "#lantern"}
			}
		},
		{
			"from": [5.7, 11, 3.05],
			"to": [6.7, 15, 4.05],
			"rotation": {"angle": -45, "axis": "y", "origin": [0.5, 0.5, 7.5]},
			"faces": {
				"north": {"uv": [11, 1, 12, 5], "texture": "#lantern"},
				"east": {"uv": [11, 1, 12, 5], "texture": "#lantern"},
				"south": {"uv": [11, 1, 12, 5], "texture": "#lantern"},
				"west": {"uv": [11, 1, 12, 5], "texture": "#lantern"},
				"up": {"uv": [11, 1, 12, 2], "texture": "#lantern"},
				"down": {"uv": [11, 4, 12, 5], "texture": "#lantern"}
			}
		},
		{
			"from": [5.7, 11, 1.05],
			"to": [6.7, 15, 2.05],
			"rotation": {"angle": -45, "axis": "y", "origin": [0.5, 0.5, 7.5]},
			"faces": {
				"north": {"uv": [11, 1, 12, 5], "texture": "#lantern"},
				"east": {"uv": [11, 1, 12, 5], "texture": "#lantern"},
				"south": {"uv": [11, 1, 12, 5], "texture": "#lantern"},
				"west": {"uv": [11, 1, 12, 5], "texture": "#lantern"},
				"up": {"uv": [11, 1, 12, 2], "texture": "#lantern"},
				"down": {"uv": [11, 4, 12, 5], "texture": "#lantern"}
			}
		},
		{
			"from": [9.6, 14, 0],
			"to": [10.6, 16, 1],
			"rotation": {"angle": -45, "axis": "y", "origin": [0.5, 0.5, 0.5]},
			"faces": {
				"north": {"uv": [13, 6, 14, 8], "texture": "#lantern"},
				"east": {"uv": [13, 6, 14, 8], "texture": "#lantern"},
				"south": {"uv": [13, 6, 14, 8], "texture": "#lantern"},
				"west": {"uv": [13, 6, 14, 8], "texture": "#lantern"},
				"up": {"uv": [13, 6, 14, 7], "texture": "#lantern"},
				"down": {"uv": [13, 7, 14, 8], "texture": "#lantern"}
			}
		}
	]
}