{
	"credit": "Made with Blockbench",
	"parent": "minecraft:block/cube_column",
	"elements": [
		{
			"from": [0, 0, 0],
			"to": [16, 16, 16],
			"faces": {
				"north": {"uv": [0, 0, 16, 16], "texture": "#side", "cullface": "north"},
				"east": {"uv": [0, 0, 16, 16], "texture": "#side", "cullface": "east"},
				"south": {"uv": [0, 0, 16, 16], "texture": "#side", "cullface": "south"},
				"west": {"uv": [0, 0, 16, 16], "texture": "#side", "cullface": "west"},
				"up": {"uv": [0, 0, 16, 16], "texture": "#top", "cullface": "up"},
				"down": {"uv": [0, 0, 16, 16], "texture": "#top", "cullface": "down"}
			}
		},
		{
			"from": [1, 14, -0.2],
			"to": [15, 15, 16.2],
			"faces": {
				"north": {"uv": [1, 1, 15, 2], "texture": "#side", "cullface": "north"},
				"east": {"uv": [14, 1, 15, 2], "texture": "#side"},
				"south": {"uv": [1, 1, 15, 2], "texture": "#side", "cullface": "south"},
				"west": {"uv": [1, 1, 2, 2], "texture": "#side"},
				"up": {"uv": [1, 1, 15, 2], "texture": "#side"},
				"down": {"uv": [15, 1, 1, 2], "texture": "#side"}
			}
		},
		{
			"from": [1, 2, -0.2],
			"to": [2, 14, 16.2],
			"faces": {
				"north": {"uv": [14, 2, 15, 14], "texture": "#side", "cullface": "north"},
				"east": {"uv": [14, 2, 15, 14], "texture": "#side"},
				"south": {"uv": [1, 2, 2, 14], "texture": "#side", "cullface": "south"},
				"west": {"uv": [14, 2, 15, 14], "texture": "#side"}
			}
		},
		{
			"from": [14, 2, -0.2],
			"to": [15, 14, 16.2],
			"faces": {
				"north": {"uv": [1, 2, 2, 14], "texture": "#side", "cullface": "north"},
				"east": {"uv": [2, 2, 1, 14], "texture": "#side"},
				"south": {"uv": [14, 2, 15, 14], "texture": "#side", "cullface": "south"},
				"west": {"uv": [1, 2, 2, 14], "texture": "#side"}
			}
		},
		{
			"from": [5, 11, -0.2],
			"to": [11, 12, 16.2],
			"faces": {
				"north": {"uv": [5, 4, 11, 5], "texture": "#side", "cullface": "north"},
				"south": {"uv": [5, 4, 11, 5], "texture": "#side", "cullface": "south"},
				"up": {"uv": [11, 4, 5, 5], "texture": "#side"},
				"down": {"uv": [11, 4, 5, 5], "texture": "#side"}
			}
		},
		{
			"from": [5, 4, -0.2],
			"to": [11, 5, 16.2],
			"faces": {
				"north": {"uv": [5, 11, 11, 12], "texture": "#side", "cullface": "north"},
				"south": {"uv": [5, 11, 11, 12], "texture": "#side", "cullface": "south"},
				"up": {"uv": [11, 11, 5, 12], "texture": "#side"},
				"down": {"uv": [11, 11, 5, 12], "texture": "#side"}
			}
		},
		{
			"from": [7, 7, -0.2],
			"to": [9, 9, 16.2],
			"faces": {
				"north": {"uv": [7, 7, 9, 9], "texture": "#side", "cullface": "north"},
				"east": {"uv": [7, 7, 8, 9], "texture": "#side"},
				"south": {"uv": [7, 7, 9, 9], "texture": "#side", "cullface": "south"},
				"west": {"uv": [8, 7, 9, 9], "texture": "#side"},
				"up": {"uv": [9, 7, 7, 8], "texture": "#side"},
				"down": {"uv": [9, 8, 7, 9], "texture": "#side"}
			}
		},
		{
			"from": [11, 4, -0.2],
			"to": [12, 12, 16.2],
			"faces": {
				"north": {"uv": [4, 4, 5, 12], "texture": "#side", "cullface": "north"},
				"east": {"uv": [4, 4, 5, 12], "texture": "#side"},
				"south": {"uv": [11, 4, 12, 12], "texture": "#side", "cullface": "south"},
				"west": {"uv": [4, 4, 5, 12], "texture": "#side"},
				"up": {"uv": [4, 4, 5, 5], "texture": "#side"},
				"down": {"uv": [4, 11, 5, 12], "texture": "#side"}
			}
		},
		{
			"from": [4, 4, -0.2],
			"to": [5, 12, 16.2],
			"faces": {
				"north": {"uv": [11, 4, 12, 12], "texture": "#side", "cullface": "north"},
				"east": {"uv": [11, 4, 12, 12], "texture": "#side"},
				"south": {"uv": [4, 4, 5, 12], "texture": "#side", "cullface": "south"},
				"west": {"uv": [11, 4, 12, 12], "texture": "#side"},
				"up": {"uv": [11, 4, 12, 5], "texture": "#side"},
				"down": {"uv": [11, 11, 12, 12], "texture": "#side"}
			}
		},
		{
			"from": [1, 1, -0.2],
			"to": [15, 2, 16.2],
			"faces": {
				"north": {"uv": [1, 14, 15, 15], "texture": "#side", "cullface": "north"},
				"east": {"uv": [1, 14, 2, 15], "texture": "#side"},
				"south": {"uv": [1, 14, 15, 15], "texture": "#side", "cullface": "south"},
				"west": {"uv": [14, 14, 15, 15], "texture": "#side"},
				"up": {"uv": [15, 14, 1, 15], "texture": "#side"},
				"down": {"uv": [15, 14, 1, 15], "texture": "#side"}
			}
		},
		{
			"from": [-0.2, 1, 1],
			"to": [16.2, 2, 15],
			"faces": {
				"north": {"uv": [14, 14, 15, 15], "texture": "#side"},
				"east": {"uv": [1, 14, 15, 15], "texture": "#side", "cullface": "east"},
				"south": {"uv": [1, 14, 2, 15], "texture": "#side"},
				"west": {"uv": [1, 14, 15, 15], "texture": "#side", "cullface": "west"},
				"up": {"uv": [15, 14, 1, 15], "rotation": 90, "texture": "#side"},
				"down": {"uv": [1, 14, 15, 15], "texture": "#side"}
			}
		},
		{
			"from": [-0.2, 14, 1],
			"to": [16.2, 15, 15],
			"faces": {
				"north": {"uv": [1, 1, 2, 2], "texture": "#side"},
				"east": {"uv": [1, 1, 15, 2], "texture": "#side", "cullface": "east"},
				"south": {"uv": [14, 1, 15, 2], "texture": "#side"},
				"west": {"uv": [1, 1, 15, 2], "texture": "#side", "cullface": "west"},
				"up": {"uv": [1, 1, 15, 2], "rotation": 90, "texture": "#side"},
				"down": {"uv": [15, 1, 1, 2], "rotation": 90, "texture": "#side"}
			}
		},
		{
			"from": [-0.2, 2, 14],
			"to": [16.2, 14, 15],
			"faces": {
				"north": {"uv": [1, 2, 2, 14], "texture": "#side"},
				"east": {"uv": [1, 2, 2, 14], "texture": "#side", "cullface": "east"},
				"south": {"uv": [1, 2, 2, 14], "texture": "#side"},
				"west": {"uv": [14, 2, 15, 14], "texture": "#side", "cullface": "west"}
			}
		},
		{
			"from": [-0.2, 2, 1],
			"to": [16.2, 14, 2],
			"faces": {
				"north": {"uv": [14, 2, 15, 14], "texture": "#side"},
				"east": {"uv": [14, 2, 15, 14], "texture": "#side", "cullface": "east"},
				"south": {"uv": [14, 2, 15, 14], "texture": "#side"},
				"west": {"uv": [1, 2, 2, 14], "texture": "#side", "cullface": "west"}
			}
		},
		{
			"from": [-0.2, 4, 11],
			"to": [16.2, 12, 12],
			"faces": {
				"north": {"uv": [5, 4, 4, 12], "texture": "#side"},
				"east": {"uv": [4, 4, 5, 12], "texture": "#side", "cullface": "east"},
				"south": {"uv": [4, 4, 5, 12], "texture": "#side"},
				"west": {"uv": [11, 4, 12, 12], "texture": "#side", "cullface": "west"},
				"up": {"uv": [4, 4, 5, 5], "texture": "#side"},
				"down": {"uv": [4, 11, 5, 12], "texture": "#side"}
			}
		},
		{
			"from": [-0.2, 7, 7],
			"to": [16.2, 9, 9],
			"faces": {
				"north": {"uv": [8, 7, 9, 9], "texture": "#side"},
				"east": {"uv": [7, 7, 9, 9], "texture": "#side", "cullface": "east"},
				"south": {"uv": [7, 7, 8, 9], "texture": "#side"},
				"west": {"uv": [7, 7, 9, 9], "texture": "#side", "cullface": "west"},
				"up": {"uv": [9, 7, 7, 8], "rotation": 90, "texture": "#side"},
				"down": {"uv": [7, 8, 9, 9], "rotation": 90, "texture": "#side"}
			}
		},
		{
			"from": [-0.2, 4, 4],
			"to": [16.2, 12, 5],
			"faces": {
				"north": {"uv": [11, 4, 12, 12], "texture": "#side"},
				"east": {"uv": [11, 4, 12, 12], "texture": "#side", "cullface": "east"},
				"south": {"uv": [11, 4, 12, 12], "texture": "#side"},
				"west": {"uv": [4, 4, 5, 12], "texture": "#side", "cullface": "west"},
				"up": {"uv": [11, 4, 12, 5], "texture": "#side"},
				"down": {"uv": [11, 11, 12, 12], "texture": "#side"}
			}
		},
		{
			"from": [-0.2, 4, 5],
			"to": [16.2, 5, 11],
			"faces": {
				"east": {"uv": [5, 11, 11, 12], "texture": "#side", "cullface": "east"},
				"west": {"uv": [5, 11, 11, 12], "texture": "#side", "cullface": "west"},
				"up": {"uv": [11, 11, 5, 12], "rotation": 90, "texture": "#side"},
				"down": {"uv": [5, 11, 11, 12], "rotation": 90, "texture": "#side"}
			}
		},
		{
			"from": [-0.2, 11, 5],
			"to": [16.2, 12, 11],
			"faces": {
				"east": {"uv": [5, 5, 11, 4], "texture": "#side", "cullface": "east"},
				"west": {"uv": [5, 4, 11, 5], "texture": "#side", "cullface": "west"},
				"up": {"uv": [11, 4, 5, 5], "rotation": 90, "texture": "#side"},
				"down": {"uv": [5, 4, 11, 5], "rotation": 90, "texture": "#side"}
			}
		},
		{
			"from": [7, -0.1, 7],
			"to": [9, 16.1, 9],
			"faces": {
				"north": {"uv": [9, 7, 7, 8], "texture": "#side"},
				"east": {"uv": [8, 7, 9, 9], "rotation": 90, "texture": "#side"},
				"south": {"uv": [7, 8, 9, 9], "texture": "#top"},
				"west": {"uv": [7, 9, 8, 7], "rotation": 90, "texture": "#top"},
				"up": {"uv": [7, 7, 9, 9], "texture": "#top", "cullface": "up"},
				"down": {"uv": [7, 7, 9, 9], "texture": "#top", "cullface": "down"}
			}
		},
		{
			"from": [14, -0.2, 1],
			"to": [15, 16.2, 15],
			"faces": {
				"north": {"uv": [1, 14, 2, 15], "texture": "#top"},
				"east": {"uv": [1, 1, 2, 15], "rotation": 90, "texture": "#top"},
				"south": {"uv": [1, 1, 2, 2], "texture": "#top"},
				"west": {"uv": [1, 1, 2, 15], "rotation": 90, "texture": "#top"},
				"up": {"uv": [1, 1, 2, 15], "texture": "#top", "cullface": "up"},
				"down": {"uv": [15, 1, 14, 15], "texture": "#side", "cullface": "down"}
			}
		},
		{
			"from": [2, -0.2, 14],
			"to": [14, 16.2, 15],
			"faces": {
				"north": {"uv": [14, 1, 2, 2], "texture": "#top"},
				"south": {"uv": [2, 1, 14, 2], "texture": "#top"},
				"up": {"uv": [2, 1, 14, 2], "texture": "#top", "cullface": "up"},
				"down": {"uv": [2, 1, 14, 2], "texture": "#side", "cullface": "down"}
			}
		},
		{
			"from": [2, -0.2, 1],
			"to": [14, 16.2, 2],
			"faces": {
				"north": {"uv": [14, 14, 2, 15], "texture": "#side"},
				"south": {"uv": [2, 14, 14, 15], "texture": "#top"},
				"up": {"uv": [2, 14, 14, 15], "texture": "#top", "cullface": "up"},
				"down": {"uv": [2, 14, 14, 15], "texture": "#side", "cullface": "down"}
			}
		},
		{
			"from": [4, -0.2, 11],
			"to": [12, 16.2, 12],
			"faces": {
				"north": {"uv": [12, 4, 4, 5], "texture": "#top"},
				"east": {"uv": [11, 4, 12, 5], "texture": "#top"},
				"south": {"uv": [4, 4, 12, 5], "texture": "#side"},
				"west": {"uv": [4, 4, 5, 5], "texture": "#top"},
				"up": {"uv": [4, 4, 12, 5], "texture": "#top", "cullface": "up"},
				"down": {"uv": [4, 4, 12, 5], "texture": "#side", "cullface": "down"}
			}
		},
		{
			"from": [4, -0.2, 4],
			"to": [12, 16.2, 5],
			"faces": {
				"north": {"uv": [12, 11, 4, 12], "texture": "#top"},
				"east": {"uv": [4, 11, 5, 12], "texture": "#top"},
				"south": {"uv": [4, 11, 12, 12], "texture": "#top"},
				"west": {"uv": [11, 11, 12, 12], "texture": "#top"},
				"up": {"uv": [4, 11, 12, 12], "texture": "#top", "cullface": "up"},
				"down": {"uv": [4, 11, 12, 12], "texture": "#side", "cullface": "down"}
			}
		},
		{
			"from": [11, -0.2, 5],
			"to": [12, 16.2, 11],
			"faces": {
				"east": {"uv": [4, 5, 5, 11], "rotation": 90, "texture": "#top"},
				"west": {"uv": [4, 11, 5, 5], "rotation": 90, "texture": "#top"},
				"up": {"uv": [4, 5, 5, 11], "texture": "#top", "cullface": "up"},
				"down": {"uv": [11, 5, 12, 11], "texture": "#side", "cullface": "down"}
			}
		},
		{
			"from": [4, -0.2, 5],
			"to": [5, 16.2, 11],
			"faces": {
				"east": {"uv": [11, 5, 12, 11], "rotation": 90, "texture": "#top"},
				"west": {"uv": [12, 11, 11, 5], "rotation": 90, "texture": "#top"},
				"up": {"uv": [11, 5, 12, 11], "texture": "#top", "cullface": "up"},
				"down": {"uv": [4, 5, 5, 11], "texture": "#side", "cullface": "down"}
			}
		},
		{
			"from": [1, -0.2, 1],
			"to": [2, 16.2, 15],
			"faces": {
				"north": {"uv": [14, 1, 15, 2], "texture": "#top"},
				"east": {"uv": [14, 1, 15, 15], "rotation": 90, "texture": "#top"},
				"south": {"uv": [14, 14, 15, 15], "texture": "#top"},
				"west": {"uv": [14, 15, 15, 1], "rotation": 90, "texture": "#top"},
				"up": {"uv": [14, 1, 15, 15], "texture": "#top", "cullface": "up"},
				"down": {"uv": [1, 1, 2, 15], "texture": "#top", "cullface": "down"}
			}
		}
	]
}