{
	"credit": "Made with Blockbench",
	"textures": {
		"3": "block/piston_top",
		"4": "block/piston_side",
		"5": "block/piston_head_side",
		"particle": "#platform"
	},
	"elements": [
		{
			"from": [0, 0, 0],
			"to": [16, 16, 4],
			"faces": {
				"north": {"uv": [0, 0, 16, 16], "texture": "#platform", "cullface": "north"},
				"east": {"uv": [0, 0, 16, 4], "rotation": 90, "texture": "#side", "cullface": "east"},
				"south": {"uv": [0, 0, 16, 16], "texture": "#unsticky"},
				"west": {"uv": [0, 0, 16, 4], "rotation": 270, "texture": "#side", "cullface": "west"},
				"up": {"uv": [0, 0, 16, 4], "texture": "#side", "cullface": "up"},
				"down": {"uv": [0, 0, 16, 4], "rotation": 180, "texture": "#side", "cullface": "down"}
			}
		},
		{
			"from": [14, -0.3, -0.3],
			"to": [16.3, 2, 3.99],
			"rotation": {"angle": 0, "axis": "x", "origin": [8, 8, 8]},
			"faces": {
				"north": {"uv": [14, 0, 16, 2], "rotation": 180, "texture": "#3"},
				"east": {"uv": [14, 0, 16, 4], "rotation": 90, "texture": "#4"},
				"south": {"uv": [15, 2.7, 16, 3.7], "texture": "#4"},
				"west": {"uv": [0, 0, 2, 4.1], "rotation": 270, "texture": "#4"},
				"up": {"uv": [14, 0, 16, 4], "texture": "#4"},
				"down": {"uv": [0, 0, 2, 4], "rotation": 180, "texture": "#4"}
			}
		},
		{
			"from": [14, 7, -0.3],
			"to": [16.3, 9, 3.99],
			"rotation": {"angle": 0, "axis": "x", "origin": [8, 8, 8]},
			"faces": {
				"north": {"uv": [14, 7, 16, 9], "rotation": 180, "texture": "#3"},
				"east": {"uv": [7, 0, 9, 4], "rotation": 90, "texture": "#4"},
				"south": {"uv": [7, 3, 8, 4], "texture": "#4"},
				"west": {"uv": [14, 7, 15, 9], "rotation": 270, "texture": "#3"},
				"up": {"uv": [9, 0, 7, 4], "texture": "#4"},
				"down": {"uv": [7, 0, 9, 4], "rotation": 180, "texture": "#4"}
			}
		},
		{
			"from": [14, 14, -0.3],
			"to": [16.3, 16.3, 3.99],
			"rotation": {"angle": 0, "axis": "x", "origin": [8, 8, 8]},
			"faces": {
				"north": {"uv": [14, 14, 16, 16], "rotation": 180, "texture": "#3"},
				"east": {"uv": [0, 0, 2, 4], "rotation": 90, "texture": "#4"},
				"south": {"uv": [15, 3, 16, 4], "texture": "#4"},
				"west": {"uv": [16, 0, 14, 4], "rotation": 270, "texture": "#4"},
				"up": {"uv": [14, 0, 16, 4], "texture": "#4"},
				"down": {"uv": [2, 0, 0, 4], "rotation": 180, "texture": "#4"}
			}
		},
		{
			"from": [7, 14, -0.3],
			"to": [9, 16.3, 3.99],
			"rotation": {"angle": 0, "axis": "x", "origin": [8, 8, 8]},
			"faces": {
				"north": {"uv": [7, 14, 9, 16], "rotation": 180, "texture": "#3"},
				"east": {"uv": [9, 0, 7, 4], "rotation": 90, "texture": "#4"},
				"south": {"uv": [7, 3, 9, 4], "texture": "#4"},
				"west": {"uv": [9, 0, 7, 4], "rotation": 270, "texture": "#4"},
				"up": {"uv": [7, 0, 9, 4], "texture": "#4"},
				"down": {"uv": [7, 14, 9, 15], "rotation": 180, "texture": "#3"}
			}
		},
		{
			"from": [-0.3, 14, -0.3],
			"to": [2, 16.3, 3.99],
			"rotation": {"angle": 0, "axis": "x", "origin": [8, 8, 8]},
			"faces": {
				"north": {"uv": [0, 14, 2, 16], "rotation": 180, "texture": "#3"},
				"east": {"uv": [2, 0, 0, 4], "rotation": 90, "texture": "#4"},
				"south": {"uv": [14, 3, 15, 4], "texture": "#4"},
				"west": {"uv": [14, 0, 16, 4], "rotation": 270, "texture": "#4"},
				"up": {"uv": [0, 0, 2, 4], "texture": "#4"},
				"down": {"uv": [14, 0, 16, 4], "rotation": 180, "texture": "#4"}
			}
		},
		{
			"from": [-0.3, 7, -0.3],
			"to": [2, 9, 3.99],
			"rotation": {"angle": 0, "axis": "x", "origin": [8, 8, 8]},
			"faces": {
				"north": {"uv": [0, 7, 2, 9], "rotation": 180, "texture": "#3"},
				"east": {"uv": [7, 0, 9, 4], "rotation": 90, "texture": "#4"},
				"south": {"uv": [7, 3, 9, 4], "texture": "#4"},
				"west": {"uv": [7, 0, 9, 4], "rotation": 270, "texture": "#4"},
				"up": {"uv": [7, 0, 9, 4], "texture": "#4"},
				"down": {"uv": [7, 0, 9, 4], "rotation": 180, "texture": "#4"}
			}
		},
		{
			"from": [-0.3, -0.3, -0.3],
			"to": [2, 2, 3.99],
			"rotation": {"angle": 0, "axis": "x", "origin": [8, 8, 8]},
			"faces": {
				"north": {"uv": [0, 0, 2, 2], "rotation": 180, "texture": "#3"},
				"east": {"uv": [14, 0, 16, 4], "rotation": 90, "texture": "#4"},
				"south": {"uv": [0, 3, 1, 4], "texture": "#4"},
				"west": {"uv": [0, 0, 2, 4], "rotation": 270, "texture": "#4"},
				"up": {"uv": [0, 0, 2, 4], "texture": "#4"},
				"down": {"uv": [14, 0, 16, 4], "rotation": 180, "texture": "#4"}
			}
		},
		{
			"from": [7, -0.3, -0.3],
			"to": [9, 2, 3.99],
			"rotation": {"angle": 0, "axis": "x", "origin": [8, 8, 8]},
			"faces": {
				"north": {"uv": [7, 0, 9, 2], "rotation": 180, "texture": "#3"},
				"east": {"uv": [14, 0, 16, 4], "rotation": 90, "texture": "#4"},
				"south": {"uv": [7, 3, 9, 4], "texture": "#4"},
				"west": {"uv": [7, 0, 9, 4], "rotation": 270, "texture": "#4"},
				"up": {"uv": [7, 0, 9, 4], "texture": "#4"},
				"down": {"uv": [7, 0, 9, 4], "rotation": 180, "texture": "#4"}
			}
		},
		{
			"from": [6, 6, 4],
			"to": [10, 10, 12],
			"faces": {
				"east": {"uv": [1, 0, 5, 8], "rotation": 90, "texture": "#5"},
				"west": {"uv": [1, 8, 5, 0], "rotation": 90, "texture": "#5"},
				"up": {"uv": [1, 0, 5, 8], "texture": "#5"},
				"down": {"uv": [1, 8, 5, 0], "texture": "#5"}
			}
		},
		{
			"from": [5, 5, 12],
			"to": [11, 11, 20],
			"faces": {
				"north": {"uv": [6, 0, 12, 6], "texture": "#5"},
				"east": {"uv": [0, 8, 6, 16], "rotation": 90, "texture": "#5"},
				"west": {"uv": [0, 16, 6, 8], "rotation": 90, "texture": "#5"},
				"up": {"uv": [0, 8, 6, 16], "texture": "#5"},
				"down": {"uv": [0, 16, 6, 8], "texture": "#5"}
			}
		}
	]
}