{
	"credit": "Made with Blockbench",
	"parent": "block/block",
	"textures": {
		"particle": "#lantern"
	},
	"elements": [
		{
			"from": [5, 0, 5],
			"to": [11, 7, 11],
			"faces": {
				"north": {"uv": [0, 2, 6, 9], "texture": "#lantern"},
				"east": {"uv": [0, 2, 6, 9], "texture": "#lantern"},
				"south": {"uv": [0, 2, 6, 9], "texture": "#lantern"},
				"west": {"uv": [0, 2, 6, 9], "texture": "#lantern"},
				"up": {"uv": [0, 9, 6, 15], "texture": "#lantern"},
				"down": {"uv": [0, 9, 6, 15], "texture": "#lantern", "cullface": "down"}
			}
		},
		{
			"from": [6, 7, 6],
			"to": [10, 9, 10],
			"faces": {
				"north": {"uv": [1, 0, 5, 2], "texture": "#lantern"},
				"east": {"uv": [1, 0, 5, 2], "texture": "#lantern"},
				"south": {"uv": [1, 0, 5, 2], "texture": "#lantern"},
				"west": {"uv": [1, 0, 5, 2], "texture": "#lantern"},
				"up": {"uv": [1, 10, 5, 14], "texture": "#lantern"}
			}
		},
		{
			"from": [11.6, 9, 0],
			"to": [12.6, 11, 1],
			"rotation": {"angle": -45, "axis": "y", "origin": [0.5, 0.5, 0.5]},
			"faces": {
				"north": {"uv": [13, 10, 14, 12], "texture": "#lantern"},
				"east": {"uv": [13, 10, 14, 12], "texture": "#lantern"},
				"south": {"uv": [13, 10, 14, 12], "texture": "#lantern"},
				"west": {"uv": [13, 10, 14, 12], "texture": "#lantern"},
				"up": {"uv": [13, 10, 14, 11], "texture": "#lantern"}
			}
		},
		{
			"from": [10.6, 10, 0],
			"to": [11.6, 11, 1],
			"rotation": {"angle": -45, "axis": "y", "origin": [0.5, 0.5, 0.5]},
			"faces": {
				"north": {"uv": [12, 10, 13, 11], "texture": "#lantern"},
				"east": {"uv": [12, 10, 13, 11], "texture": "#lantern"},
				"south": {"uv": [12, 10, 13, 11], "texture": "#lantern"},
				"west": {"uv": [12, 10, 13, 11], "texture": "#lantern"},
				"up": {"uv": [12, 10, 13, 11], "texture": "#lantern"},
				"down": {"uv": [12, 10, 13, 11], "texture": "#lantern"}
			}
		},
		{
			"from": [9.6, 9, 0],
			"to": [10.6, 11, 1],
			"rotation": {"angle": -45, "axis": "y", "origin": [0.5, 0.5, 0.5]},
			"faces": {
				"north": {"uv": [11, 10, 12, 12], "texture": "#lantern"},
				"east": {"uv": [11, 10, 12, 12], "texture": "#lantern"},
				"south": {"uv": [11, 10, 12, 12], "texture": "#lantern"},
				"west": {"uv": [11, 10, 12, 12], "texture": "#lantern"},
				"up": {"uv": [11, 10, 12, 11], "texture": "#lantern"}
			}
		}
	],
	"display": {
		"thirdperson_righthand": {
			"rotation": [75, 45, 0],
			"translation": [0, 1, 1.75],
			"scale": [0.375, 0.375, 0.375]
		},
		"thirdperson_lefthand": {
			"rotation": [75, -45, 0],
			"translation": [0, 1, 1.75],
			"scale": [0.375, 0.375, 0.375]
		},
		"firstperson_righthand": {
			"translation": [0, 2.5, 0]
		},
		"firstperson_lefthand": {
			"rotation": [0, 45, 0],
			"translation": [0, 2.5, 0]
		},
		"ground": {
			"translation": [0, 2, 0],
			"scale": [0.5, 0.5, 0.5]
		},
		"gui": {
			"rotation": [30, 225, 0],
			"translation": [0, 1.75, 0],
			"scale": [0.9, 0.9, 0.9]
		},
		"head": {
			"translation": [0, 14.25, 0]
		},
		"fixed": {
			"translation": [0, 0, -1.25]
		}
	}
}