{
	"credit": "Made with Blockbench",
	"parent": "minecraft:block/cube_all",
	"elements": [
		{
			"from": [1, 1, 1],
			"to": [15, 15, 15],
			"faces": {
				"north": {"uv": [1, 1, 15, 15], "texture": "#all"},
				"east": {"uv": [1, 1, 15, 15], "texture": "#all"},
				"south": {"uv": [1, 1, 15, 15], "texture": "#all"},
				"west": {"uv": [1, 1, 15, 15], "texture": "#all"},
				"up": {"uv": [1, 1, 15, 15], "texture": "#all"},
				"down": {"uv": [1, 1, 15, 15], "texture": "#all"}
			}
		},
		{
			"from": [0, 0, 0],
			"to": [16, 1, 1],
			"faces": {
				"north": {"uv": [0, 15, 16, 16], "texture": "#all", "cullface": "north"},
				"east": {"uv": [15, 15, 16, 16], "texture": "#all", "cullface": "east"},
				"south": {"uv": [0, 15, 16, 16], "texture": "#all"},
				"west": {"uv": [0, 15, 1, 16], "texture": "#all", "cullface": "west"},
				"up": {"uv": [0, 15, 16, 16], "texture": "#all"},
				"down": {"uv": [0, 15, 16, 16], "texture": "#all", "cullface": "down"}
			}
		},
		{
			"from": [0, 15, 0],
			"to": [16, 16, 1],
			"faces": {
				"north": {"uv": [0, 0, 16, 1], "texture": "#all", "cullface": "north"},
				"east": {"uv": [15, 0, 16, 1], "texture": "#all", "cullface": "east"},
				"south": {"uv": [0, 0, 16, 1], "texture": "#all"},
				"west": {"uv": [0, 0, 1, 1], "texture": "#all", "cullface": "west"},
				"up": {"uv": [0, 0, 16, 1], "texture": "#all", "cullface": "up"},
				"down": {"uv": [0, 0, 16, 1], "texture": "#all"}
			}
		},
		{
			"from": [0, 0, 15],
			"to": [16, 1, 16],
			"faces": {
				"north": {"uv": [0, 15, 16, 16], "texture": "#all"},
				"east": {"uv": [15, 15, 16, 16], "texture": "#all", "cullface": "east"},
				"south": {"uv": [0, 15, 16, 16], "texture": "#all", "cullface": "south"},
				"west": {"uv": [15, 15, 16, 16], "texture": "#all", "cullface": "west"},
				"up": {"uv": [0, 15, 16, 16], "texture": "#all"},
				"down": {"uv": [0, 15, 16, 16], "texture": "#all", "cullface": "down"}
			}
		},
		{
			"from": [0, 15, 15],
			"to": [16, 16, 16],
			"faces": {
				"north": {"uv": [0, 0, 16, 1], "texture": "#all"},
				"east": {"uv": [0, 0, 1, 1], "texture": "#all", "cullface": "east"},
				"south": {"uv": [0, 0, 16, 1], "texture": "#all", "cullface": "south"},
				"west": {"uv": [15, 0, 16, 1], "texture": "#all", "cullface": "west"},
				"up": {"uv": [0, 0, 16, 1], "texture": "#all", "cullface": "up"},
				"down": {"uv": [0, 0, 16, 1], "texture": "#all"}
			}
		},
		{
			"from": [0, 0, 1],
			"to": [1, 1, 15],
			"faces": {
				"east": {"uv": [1, 15, 15, 16], "texture": "#all"},
				"west": {"uv": [1, 15, 15, 16], "texture": "#all", "cullface": "west"},
				"up": {"uv": [1, 15, 15, 16], "rotation": 90, "texture": "#all"},
				"down": {"uv": [15, 1, 16, 15], "texture": "#all", "cullface": "down"}
			}
		},
		{
			"from": [0, 15, 1],
			"to": [1, 16, 15],
			"faces": {
				"east": {"uv": [1, 0, 15, 1], "texture": "#all"},
				"west": {"uv": [1, 0, 15, 1], "texture": "#all", "cullface": "west"},
				"up": {"uv": [1, 0, 15, 1], "rotation": 90, "texture": "#all", "cullface": "up"},
				"down": {"uv": [1, 0, 15, 1], "rotation": 90, "texture": "#all"}
			}
		},
		{
			"from": [15, 0, 1],
			"to": [16, 1, 15],
			"faces": {
				"east": {"uv": [0, 0, 14, 1], "texture": "#all", "cullface": "east"},
				"west": {"uv": [1, 0, 15, 1], "texture": "#all"},
				"up": {"uv": [0, 1, 1, 15], "texture": "#all"},
				"down": {"uv": [0, 1, 1, 15], "texture": "#all", "cullface": "down"}
			}
		},
		{
			"from": [15, 15, 1],
			"to": [16, 16, 15],
			"faces": {
				"east": {"uv": [1, 0, 15, 1], "texture": "#all", "cullface": "east"},
				"west": {"uv": [1, 0, 15, 1], "texture": "#all"},
				"up": {"uv": [1, 0, 15, 1], "rotation": 90, "texture": "#all", "cullface": "up"},
				"down": {"uv": [1, 0, 15, 1], "rotation": 90, "texture": "#all"}
			}
		},
		{
			"from": [0, 1, 0],
			"to": [1, 15, 1],
			"faces": {
				"north": {"uv": [0, 1, 1, 15], "texture": "#all", "cullface": "north"},
				"east": {"uv": [0, 1, 1, 15], "texture": "#all"},
				"south": {"uv": [0, 1, 1, 15], "texture": "#all"},
				"west": {"uv": [0, 1, 1, 15], "texture": "#all", "cullface": "west"}
			}
		},
		{
			"from": [0, 1, 15],
			"to": [1, 15, 16],
			"faces": {
				"north": {"uv": [15, 1, 16, 15], "texture": "#all"},
				"east": {"uv": [15, 1, 16, 15], "texture": "#all"},
				"south": {"uv": [15, 1, 16, 15], "texture": "#all", "cullface": "south"},
				"west": {"uv": [15, 1, 16, 15], "texture": "#all", "cullface": "west"}
			}
		},
		{
			"from": [15, 1, 0],
			"to": [16, 15, 1],
			"faces": {
				"north": {"uv": [15, 1, 16, 15], "texture": "#all", "cullface": "north"},
				"east": {"uv": [15, 1, 16, 15], "texture": "#all", "cullface": "east"},
				"south": {"uv": [15, 1, 16, 15], "texture": "#all"},
				"west": {"uv": [15, 1, 16, 15], "texture": "#all"}
			}
		},
		{
			"from": [15, 1, 15],
			"to": [16, 15, 16],
			"faces": {
				"north": {"uv": [15, 1, 16, 15], "texture": "#all"},
				"east": {"uv": [15, 1, 16, 15], "texture": "#all", "cullface": "east"},
				"south": {"uv": [15, 1, 16, 15], "texture": "#all", "cullface": "south"},
				"west": {"uv": [15, 1, 16, 15], "texture": "#all"}
			}
		},
		{
			"from": [0.5, 9, 4],
			"to": [15.5, 10, 5],
			"faces": {
				"north": {"uv": [4, 6, 5, 7], "texture": "#all"},
				"east": {"uv": [4, 6, 5, 7], "texture": "#all"},
				"south": {"uv": [4, 6, 5, 7], "texture": "#all"},
				"west": {"uv": [4, 6, 5, 7], "texture": "#all"},
				"up": {"uv": [4, 6, 5, 7], "texture": "#all"},
				"down": {"uv": [4, 6, 5, 7], "texture": "#all"}
			}
		},
		{
			"from": [0.5, 11, 6],
			"to": [15.5, 12, 7],
			"faces": {
				"north": {"uv": [6, 4, 7, 5], "texture": "#all"},
				"east": {"uv": [6, 4, 7, 5], "texture": "#all"},
				"south": {"uv": [6, 4, 7, 5], "texture": "#all"},
				"west": {"uv": [6, 4, 7, 5], "texture": "#all"},
				"up": {"uv": [6, 4, 7, 5], "texture": "#all"},
				"down": {"uv": [6, 4, 7, 5], "texture": "#all"}
			}
		},
		{
			"from": [0.5, 6, 4],
			"to": [15.5, 7, 5],
			"faces": {
				"north": {"uv": [4, 9, 5, 10], "texture": "#all"},
				"east": {"uv": [4, 9, 5, 10], "texture": "#all"},
				"south": {"uv": [4, 9, 5, 10], "texture": "#all"},
				"west": {"uv": [4, 9, 5, 10], "texture": "#all"},
				"up": {"uv": [4, 9, 5, 10], "texture": "#all"},
				"down": {"uv": [4, 9, 5, 10], "texture": "#all"}
			}
		},
		{
			"from": [0.5, 11, 9],
			"to": [15.5, 12, 10],
			"faces": {
				"north": {"uv": [9, 4, 10, 5], "texture": "#all"},
				"east": {"uv": [9, 4, 10, 5], "texture": "#all"},
				"south": {"uv": [9, 4, 10, 5], "texture": "#all"},
				"west": {"uv": [9, 4, 10, 5], "texture": "#all"},
				"up": {"uv": [9, 4, 10, 5], "texture": "#all"},
				"down": {"uv": [9, 4, 10, 5], "texture": "#all"}
			}
		},
		{
			"from": [0.5, 5, 5],
			"to": [15.5, 6, 6],
			"faces": {
				"north": {"uv": [5, 10, 6, 11], "texture": "#all"},
				"east": {"uv": [5, 10, 6, 11], "texture": "#all"},
				"south": {"uv": [5, 10, 6, 11], "texture": "#all"},
				"west": {"uv": [5, 10, 6, 11], "texture": "#all"},
				"up": {"uv": [5, 10, 6, 11], "texture": "#all"},
				"down": {"uv": [5, 10, 6, 11], "texture": "#all"}
			}
		},
		{
			"from": [0.5, 5, 10],
			"to": [15.5, 6, 11],
			"faces": {
				"north": {"uv": [10, 10, 11, 11], "texture": "#all"},
				"east": {"uv": [10, 10, 11, 11], "texture": "#all"},
				"south": {"uv": [10, 10, 11, 11], "texture": "#all"},
				"west": {"uv": [10, 10, 11, 11], "texture": "#all"},
				"up": {"uv": [10, 10, 11, 11], "texture": "#all"},
				"down": {"uv": [10, 10, 11, 11], "texture": "#all"}
			}
		},
		{
			"from": [0.5, 4, 9],
			"to": [15.5, 5, 10],
			"faces": {
				"north": {"uv": [9, 11, 10, 12], "texture": "#all"},
				"east": {"uv": [9, 11, 10, 12], "texture": "#all"},
				"south": {"uv": [9, 11, 10, 12], "texture": "#all"},
				"west": {"uv": [9, 11, 10, 12], "texture": "#all"},
				"up": {"uv": [9, 11, 10, 12], "texture": "#all"},
				"down": {"uv": [9, 11, 10, 12], "texture": "#all"}
			}
		},
		{
			"from": [0.5, 10, 10],
			"to": [15.5, 11, 11],
			"faces": {
				"north": {"uv": [10, 5, 11, 6], "texture": "#all"},
				"east": {"uv": [10, 5, 11, 6], "texture": "#all"},
				"south": {"uv": [10, 5, 11, 6], "texture": "#all"},
				"west": {"uv": [10, 5, 11, 6], "texture": "#all"},
				"up": {"uv": [10, 5, 11, 6], "texture": "#all"},
				"down": {"uv": [10, 5, 11, 6], "texture": "#all"}
			}
		},
		{
			"from": [0.5, 9, 11],
			"to": [15.5, 10, 12],
			"faces": {
				"north": {"uv": [11, 6, 12, 7], "texture": "#all"},
				"east": {"uv": [11, 6, 12, 7], "texture": "#all"},
				"south": {"uv": [11, 6, 12, 7], "texture": "#all"},
				"west": {"uv": [11, 6, 12, 7], "texture": "#all"},
				"up": {"uv": [11, 6, 12, 7], "texture": "#all"},
				"down": {"uv": [11, 6, 12, 7], "texture": "#all"}
			}
		},
		{
			"from": [0.5, 6, 11],
			"to": [15.5, 7, 12],
			"faces": {
				"north": {"uv": [11, 9, 12, 10], "texture": "#all"},
				"east": {"uv": [11, 9, 12, 10], "texture": "#all"},
				"south": {"uv": [11, 9, 12, 10], "texture": "#all"},
				"west": {"uv": [11, 9, 12, 10], "texture": "#all"},
				"up": {"uv": [11, 9, 12, 10], "texture": "#all"},
				"down": {"uv": [11, 9, 12, 10], "texture": "#all"}
			}
		},
		{
			"from": [0.5, 4, 6],
			"to": [15.5, 5, 7],
			"faces": {
				"north": {"uv": [6, 11, 7, 12], "texture": "#all"},
				"east": {"uv": [6, 11, 7, 12], "texture": "#all"},
				"south": {"uv": [6, 11, 7, 12], "texture": "#all"},
				"west": {"uv": [6, 11, 7, 12], "texture": "#all"},
				"up": {"uv": [6, 11, 7, 12], "texture": "#all"},
				"down": {"uv": [6, 11, 7, 12], "texture": "#all"}
			}
		},
		{
			"from": [0.5, 10, 5],
			"to": [15.5, 11, 6],
			"faces": {
				"north": {"uv": [5, 5, 6, 6], "texture": "#all"},
				"east": {"uv": [5, 5, 6, 6], "texture": "#all"},
				"south": {"uv": [5, 5, 6, 6], "texture": "#all"},
				"west": {"uv": [5, 5, 6, 6], "texture": "#all"},
				"up": {"uv": [5, 5, 6, 6], "texture": "#all"},
				"down": {"uv": [5, 5, 6, 6], "texture": "#all"}
			}
		},
		{
			"from": [0.5, 1, 7],
			"to": [15.5, 4, 9],
			"faces": {
				"north": {"uv": [7, 12, 7.5, 15], "texture": "#all"},
				"east": {"uv": [7, 12, 9, 15], "texture": "#all"},
				"south": {"uv": [8, 12, 8.5, 15], "texture": "#all"},
				"west": {"uv": [7, 12, 9, 15], "texture": "#all"},
				"up": {"uv": [7, 12, 9, 12.5], "rotation": 90, "texture": "#all"}
			}
		},
		{
			"from": [0.5, 7, 1],
			"to": [15.5, 9, 4],
			"faces": {
				"east": {"uv": [1, 7, 4, 9], "texture": "#all"},
				"south": {"uv": [3, 7, 3.5, 9], "texture": "#all"},
				"west": {"uv": [1, 7, 4, 9], "texture": "#all"},
				"up": {"uv": [1, 7, 4, 7.5], "rotation": 90, "texture": "#all"},
				"down": {"uv": [1, 8, 4, 8.5], "rotation": 90, "texture": "#all"}
			}
		},
		{
			"from": [0.5, 7, 12],
			"to": [15.5, 9, 15],
			"faces": {
				"north": {"uv": [12, 7, 12.5, 9], "texture": "#all"},
				"east": {"uv": [12, 7, 15, 9], "texture": "#all"},
				"west": {"uv": [12, 7, 15, 9], "texture": "#all"},
				"up": {"uv": [12, 7, 15, 7.5], "rotation": 90, "texture": "#all"},
				"down": {"uv": [12, 8, 15, 8.5], "rotation": 90, "texture": "#all"}
			}
		},
		{
			"from": [0.5, 12, 7],
			"to": [15.5, 15, 9],
			"faces": {
				"north": {"uv": [7, 1, 7.5, 4], "texture": "#all"},
				"east": {"uv": [7, 1, 9, 4], "texture": "#all"},
				"south": {"uv": [8, 1, 8.5, 4], "texture": "#all"},
				"west": {"uv": [7, 1, 9, 4], "texture": "#all"},
				"down": {"uv": [7, 3, 9, 3.5], "rotation": 90, "texture": "#all"}
			}
		},
		{
			"from": [0.3, 1, 2],
			"to": [15.7, 2, 3],
			"faces": {
				"east": {"uv": [2, 14, 3, 15], "texture": "#all"},
				"south": {"uv": [2, 14, 3, 15], "texture": "#all"},
				"west": {"uv": [2, 14, 3, 15], "texture": "#all"},
				"up": {"uv": [2, 14, 3, 15], "texture": "#all"}
			}
		},
		{
			"from": [0.3, 13, 1],
			"to": [15.7, 14, 2],
			"faces": {
				"east": {"uv": [0, 2, 1, 3], "texture": "#all"},
				"south": {"uv": [0, 0, 15, 1], "texture": "#all"},
				"west": {"uv": [1, 2, 2, 3], "texture": "#all"},
				"down": {"uv": [15, 1, 0, 2], "texture": "#all"}
			}
		},
		{
			"from": [0.3, 2, 1],
			"to": [15.7, 3, 2],
			"faces": {
				"east": {"uv": [1, 13, 2, 14], "texture": "#all"},
				"south": {"uv": [1, 13, 2, 14], "texture": "#all"},
				"west": {"uv": [1, 13, 2, 14], "texture": "#all"},
				"up": {"uv": [1, 13, 2, 14], "texture": "#all"}
			}
		},
		{
			"from": [0.3, 2, 14],
			"to": [15.7, 3, 15],
			"faces": {
				"north": {"uv": [14, 13, 15, 14], "texture": "#all"},
				"east": {"uv": [14, 13, 15, 14], "texture": "#all"},
				"west": {"uv": [14, 13, 15, 14], "texture": "#all"},
				"up": {"uv": [14, 13, 15, 14], "texture": "#all"}
			}
		},
		{
			"from": [0.3, 1, 13],
			"to": [15.7, 2, 14],
			"faces": {
				"north": {"uv": [13, 14, 14, 15], "texture": "#all"},
				"east": {"uv": [13, 14, 14, 15], "texture": "#all"},
				"west": {"uv": [13, 14, 14, 15], "texture": "#all"},
				"up": {"uv": [13, 14, 14, 15], "texture": "#all"}
			}
		},
		{
			"from": [0.3, 14, 2],
			"to": [15.7, 15, 3],
			"faces": {
				"east": {"uv": [2, 1, 3, 2], "texture": "#all"},
				"south": {"uv": [2, 1, 3, 2], "texture": "#all"},
				"west": {"uv": [2, 1, 3, 2], "texture": "#all"},
				"down": {"uv": [2, 1, 3, 2], "texture": "#all"}
			}
		},
		{
			"from": [0.3, 14, 13],
			"to": [15.7, 15, 14],
			"faces": {
				"north": {"uv": [13, 1, 14, 2], "texture": "#all"},
				"east": {"uv": [13, 1, 14, 2], "texture": "#all"},
				"west": {"uv": [13, 1, 14, 2], "texture": "#all"},
				"down": {"uv": [13, 1, 14, 2], "texture": "#all"}
			}
		},
		{
			"from": [0.3, 13, 14],
			"to": [15.7, 14, 15],
			"faces": {
				"north": {"uv": [14, 2, 15, 3], "texture": "#all"},
				"east": {"uv": [14, 2, 15, 3], "texture": "#all"},
				"west": {"uv": [14, 2, 15, 3], "texture": "#all"},
				"down": {"uv": [14, 2, 15, 3], "texture": "#all"}
			}
		},
		{
			"from": [0, 14, 1],
			"to": [16, 15, 2],
			"faces": {
				"east": {"uv": [1, 1, 2, 2], "texture": "#all", "cullface": "east"},
				"south": {"uv": [1, 1, 2, 2], "texture": "#all"},
				"west": {"uv": [1, 1, 2, 2], "texture": "#all", "cullface": "west"},
				"down": {"uv": [1, 1, 2, 2], "texture": "#all"}
			}
		},
		{
			"from": [0, 1, 1],
			"to": [16, 2, 2],
			"faces": {
				"east": {"uv": [1, 14, 2, 15], "texture": "#all", "cullface": "east"},
				"south": {"uv": [1, 14, 2, 15], "texture": "#all"},
				"west": {"uv": [1, 14, 2, 15], "texture": "#all", "cullface": "west"},
				"up": {"uv": [1, 14, 2, 15], "texture": "#all"}
			}
		},
		{
			"from": [0, 1, 14],
			"to": [16, 2, 15],
			"faces": {
				"north": {"uv": [14, 14, 15, 15], "texture": "#all"},
				"east": {"uv": [14, 14, 15, 15], "texture": "#all", "cullface": "east"},
				"west": {"uv": [14, 14, 15, 15], "texture": "#all", "cullface": "west"},
				"up": {"uv": [14, 14, 15, 15], "texture": "#all"}
			}
		},
		{
			"from": [0, 14, 14],
			"to": [16, 15, 15],
			"faces": {
				"north": {"uv": [14, 1, 15, 2], "texture": "#all"},
				"east": {"uv": [14, 1, 15, 2], "texture": "#all", "cullface": "east"},
				"west": {"uv": [14, 1, 15, 2], "texture": "#all", "cullface": "west"},
				"down": {"uv": [14, 1, 15, 2], "texture": "#all"}
			}
		},
		{
			"from": [11, 9, 0.5],
			"to": [12, 10, 15.5],
			"rotation": {"angle": 0, "axis": "y", "origin": [8, 8, 1]},
			"faces": {
				"north": {"uv": [4, 6, 5, 7], "texture": "#all"},
				"east": {"uv": [4, 6, 5, 7], "texture": "#all"},
				"south": {"uv": [4, 6, 5, 7], "texture": "#all"},
				"west": {"uv": [4, 6, 5, 7], "texture": "#all"},
				"up": {"uv": [4, 6, 5, 7], "rotation": 90, "texture": "#all"},
				"down": {"uv": [4, 6, 5, 7], "rotation": 270, "texture": "#all"}
			}
		},
		{
			"from": [9, 11, 0.5],
			"to": [10, 12, 15.5],
			"rotation": {"angle": 0, "axis": "y", "origin": [8, 8, 1]},
			"faces": {
				"north": {"uv": [6, 4, 7, 5], "texture": "#all"},
				"east": {"uv": [6, 4, 7, 5], "texture": "#all"},
				"south": {"uv": [6, 4, 7, 5], "texture": "#all"},
				"west": {"uv": [6, 4, 7, 5], "texture": "#all"},
				"up": {"uv": [6, 4, 7, 5], "rotation": 90, "texture": "#all"},
				"down": {"uv": [6, 4, 7, 5], "rotation": 270, "texture": "#all"}
			}
		},
		{
			"from": [11, 6, 0.5],
			"to": [12, 7, 15.5],
			"rotation": {"angle": 0, "axis": "y", "origin": [8, 8, 1]},
			"faces": {
				"north": {"uv": [4, 9, 5, 10], "texture": "#all"},
				"east": {"uv": [4, 9, 5, 10], "texture": "#all"},
				"south": {"uv": [4, 9, 5, 10], "texture": "#all"},
				"west": {"uv": [4, 9, 5, 10], "texture": "#all"},
				"up": {"uv": [4, 9, 5, 10], "rotation": 90, "texture": "#all"},
				"down": {"uv": [4, 9, 5, 10], "rotation": 270, "texture": "#all"}
			}
		},
		{
			"from": [6, 11, 0.5],
			"to": [7, 12, 15.5],
			"rotation": {"angle": 0, "axis": "y", "origin": [8, 8, 1]},
			"faces": {
				"north": {"uv": [9, 4, 10, 5], "texture": "#all"},
				"east": {"uv": [9, 4, 10, 5], "texture": "#all"},
				"south": {"uv": [9, 4, 10, 5], "texture": "#all"},
				"west": {"uv": [9, 4, 10, 5], "texture": "#all"},
				"up": {"uv": [9, 4, 10, 5], "rotation": 90, "texture": "#all"},
				"down": {"uv": [9, 4, 10, 5], "rotation": 270, "texture": "#all"}
			}
		},
		{
			"from": [10, 5, 0.5],
			"to": [11, 6, 15.5],
			"rotation": {"angle": 0, "axis": "y", "origin": [8, 8, 1]},
			"faces": {
				"north": {"uv": [5, 10, 6, 11], "texture": "#all"},
				"east": {"uv": [5, 10, 6, 11], "texture": "#all"},
				"south": {"uv": [5, 10, 6, 11], "texture": "#all"},
				"west": {"uv": [5, 10, 6, 11], "texture": "#all"},
				"up": {"uv": [5, 10, 6, 11], "rotation": 90, "texture": "#all"},
				"down": {"uv": [5, 10, 6, 11], "rotation": 270, "texture": "#all"}
			}
		},
		{
			"from": [5, 5, 0.5],
			"to": [6, 6, 15.5],
			"rotation": {"angle": 0, "axis": "y", "origin": [8, 8, 1]},
			"faces": {
				"north": {"uv": [10, 10, 11, 11], "texture": "#all"},
				"east": {"uv": [10, 10, 11, 11], "texture": "#all"},
				"south": {"uv": [10, 10, 11, 11], "texture": "#all"},
				"west": {"uv": [10, 10, 11, 11], "texture": "#all"},
				"up": {"uv": [10, 10, 11, 11], "rotation": 90, "texture": "#all"},
				"down": {"uv": [10, 10, 11, 11], "rotation": 270, "texture": "#all"}
			}
		},
		{
			"from": [6, 4, 0.5],
			"to": [7, 5, 15.5],
			"rotation": {"angle": 0, "axis": "y", "origin": [8, 8, 1]},
			"faces": {
				"north": {"uv": [9, 11, 10, 12], "texture": "#all"},
				"east": {"uv": [9, 11, 10, 12], "texture": "#all"},
				"south": {"uv": [9, 11, 10, 12], "texture": "#all"},
				"west": {"uv": [9, 11, 10, 12], "texture": "#all"},
				"up": {"uv": [9, 11, 10, 12], "rotation": 90, "texture": "#all"},
				"down": {"uv": [9, 11, 10, 12], "rotation": 270, "texture": "#all"}
			}
		},
		{
			"from": [5, 10, 0.5],
			"to": [6, 11, 15.5],
			"rotation": {"angle": 0, "axis": "y", "origin": [8, 8, 1]},
			"faces": {
				"north": {"uv": [10, 5, 11, 6], "texture": "#all"},
				"east": {"uv": [10, 5, 11, 6], "texture": "#all"},
				"south": {"uv": [10, 5, 11, 6], "texture": "#all"},
				"west": {"uv": [10, 5, 11, 6], "texture": "#all"},
				"up": {"uv": [10, 5, 11, 6], "rotation": 90, "texture": "#all"},
				"down": {"uv": [10, 5, 11, 6], "rotation": 270, "texture": "#all"}
			}
		},
		{
			"from": [4, 9, 0.5],
			"to": [5, 10, 15.5],
			"rotation": {"angle": 0, "axis": "y", "origin": [8, 8, 1]},
			"faces": {
				"north": {"uv": [11, 6, 12, 7], "texture": "#all"},
				"east": {"uv": [11, 6, 12, 7], "texture": "#all"},
				"south": {"uv": [11, 6, 12, 7], "texture": "#all"},
				"west": {"uv": [11, 6, 12, 7], "texture": "#all"},
				"up": {"uv": [11, 6, 12, 7], "rotation": 90, "texture": "#all"},
				"down": {"uv": [11, 6, 12, 7], "rotation": 270, "texture": "#all"}
			}
		},
		{
			"from": [4, 6, 0.5],
			"to": [5, 7, 15.5],
			"rotation": {"angle": 0, "axis": "y", "origin": [8, 8, 1]},
			"faces": {
				"north": {"uv": [11, 9, 12, 10], "texture": "#all"},
				"east": {"uv": [11, 9, 12, 10], "texture": "#all"},
				"south": {"uv": [11, 9, 12, 10], "texture": "#all"},
				"west": {"uv": [11, 9, 12, 10], "texture": "#all"},
				"up": {"uv": [11, 9, 12, 10], "rotation": 90, "texture": "#all"},
				"down": {"uv": [11, 9, 12, 10], "rotation": 270, "texture": "#all"}
			}
		},
		{
			"from": [9, 4, 0.5],
			"to": [10, 5, 15.5],
			"rotation": {"angle": 0, "axis": "y", "origin": [8, 8, 1]},
			"faces": {
				"north": {"uv": [6, 11, 7, 12], "texture": "#all"},
				"east": {"uv": [6, 11, 7, 12], "texture": "#all"},
				"south": {"uv": [6, 11, 7, 12], "texture": "#all"},
				"west": {"uv": [6, 11, 7, 12], "texture": "#all"},
				"up": {"uv": [6, 11, 7, 12], "rotation": 90, "texture": "#all"},
				"down": {"uv": [6, 11, 7, 12], "rotation": 270, "texture": "#all"}
			}
		},
		{
			"from": [10, 10, 0.5],
			"to": [11, 11, 15.5],
			"rotation": {"angle": 0, "axis": "y", "origin": [8, 8, 1]},
			"faces": {
				"north": {"uv": [5, 5, 6, 6], "texture": "#all"},
				"east": {"uv": [5, 5, 6, 6], "texture": "#all"},
				"south": {"uv": [5, 5, 6, 6], "texture": "#all"},
				"west": {"uv": [5, 5, 6, 6], "texture": "#all"},
				"up": {"uv": [5, 5, 6, 6], "rotation": 90, "texture": "#all"},
				"down": {"uv": [5, 5, 6, 6], "rotation": 270, "texture": "#all"}
			}
		},
		{
			"from": [7, 1, 0.5],
			"to": [9, 4, 15.5],
			"rotation": {"angle": 0, "axis": "y", "origin": [8, 8, 1]},
			"faces": {
				"north": {"uv": [7, 12, 9, 15], "texture": "#all"},
				"east": {"uv": [7, 12, 7.5, 15], "texture": "#all"},
				"south": {"uv": [7, 12, 9, 15], "texture": "#all"},
				"west": {"uv": [8, 12, 8.5, 15], "texture": "#all"},
				"up": {"uv": [7, 12, 9, 12.5], "rotation": 180, "texture": "#all"}
			}
		},
		{
			"from": [12, 7, 0.5],
			"to": [15, 9, 15.5],
			"rotation": {"angle": 0, "axis": "y", "origin": [8, 8, 1]},
			"faces": {
				"north": {"uv": [1, 7, 4, 9], "texture": "#all"},
				"south": {"uv": [1, 7, 4, 9], "texture": "#all"},
				"west": {"uv": [3, 7, 3.5, 9], "texture": "#all"},
				"up": {"uv": [1, 7, 4, 7.5], "rotation": 180, "texture": "#all"},
				"down": {"uv": [1, 8, 4, 8.5], "texture": "#all"}
			}
		},
		{
			"from": [1, 7, 0.5],
			"to": [4, 9, 15.5],
			"rotation": {"angle": 0, "axis": "y", "origin": [8, 8, 1]},
			"faces": {
				"north": {"uv": [12, 7, 15, 9], "texture": "#all"},
				"east": {"uv": [12, 7, 12.5, 9], "texture": "#all"},
				"south": {"uv": [12, 7, 15, 9], "texture": "#all"},
				"up": {"uv": [12, 7, 15, 7.5], "rotation": 180, "texture": "#all"},
				"down": {"uv": [12, 8, 15, 8.5], "texture": "#all"}
			}
		},
		{
			"from": [7, 12, 0.5],
			"to": [9, 15, 15.5],
			"rotation": {"angle": 0, "axis": "y", "origin": [8, 8, 1]},
			"faces": {
				"north": {"uv": [7, 1, 9, 4], "texture": "#all"},
				"east": {"uv": [7, 1, 7.5, 4], "texture": "#all"},
				"south": {"uv": [9, 1, 7, 4], "texture": "#all"},
				"west": {"uv": [8, 1, 8.5, 4], "texture": "#all"},
				"down": {"uv": [7, 3, 9, 3.5], "texture": "#all"}
			}
		},
		{
			"from": [13, 1, 0.3],
			"to": [14, 2, 15.7],
			"rotation": {"angle": 0, "axis": "y", "origin": [8, 8, 1]},
			"faces": {
				"north": {"uv": [2, 14, 3, 15], "texture": "#all"},
				"south": {"uv": [2, 14, 3, 15], "texture": "#all"},
				"west": {"uv": [2, 14, 3, 15], "texture": "#all"},
				"up": {"uv": [2, 14, 3, 15], "rotation": 90, "texture": "#all"}
			}
		},
		{
			"from": [14, 13, 0.3],
			"to": [15, 14, 15.7],
			"rotation": {"angle": 0, "axis": "y", "origin": [8, 8, 1]},
			"faces": {
				"north": {"uv": [1, 2, 2, 3], "texture": "#all"},
				"south": {"uv": [1, 2, 2, 3], "texture": "#all"},
				"west": {"uv": [1, 2, 2, 3], "texture": "#all"},
				"down": {"uv": [1, 2, 2, 3], "rotation": 270, "texture": "#all"}
			}
		},
		{
			"from": [14, 2, 0.3],
			"to": [15, 3, 15.7],
			"rotation": {"angle": 0, "axis": "y", "origin": [8, 8, 1]},
			"faces": {
				"north": {"uv": [1, 13, 2, 14], "texture": "#all"},
				"south": {"uv": [1, 13, 2, 14], "texture": "#all"},
				"west": {"uv": [1, 13, 2, 14], "texture": "#all"},
				"up": {"uv": [1, 13, 2, 14], "rotation": 90, "texture": "#all"}
			}
		},
		{
			"from": [1, 2, 0.3],
			"to": [2, 3, 15.7],
			"rotation": {"angle": 0, "axis": "y", "origin": [8, 8, 1]},
			"faces": {
				"north": {"uv": [14, 13, 15, 14], "texture": "#all"},
				"east": {"uv": [14, 13, 15, 14], "texture": "#all"},
				"south": {"uv": [14, 13, 15, 14], "texture": "#all"},
				"up": {"uv": [14, 13, 15, 14], "rotation": 90, "texture": "#all"}
			}
		},
		{
			"from": [2, 1, 0.3],
			"to": [3, 2, 15.7],
			"rotation": {"angle": 0, "axis": "y", "origin": [8, 8, 1]},
			"faces": {
				"north": {"uv": [13, 14, 14, 15], "texture": "#all"},
				"east": {"uv": [13, 14, 14, 15], "texture": "#all"},
				"south": {"uv": [13, 14, 14, 15], "texture": "#all"},
				"up": {"uv": [13, 14, 14, 15], "rotation": 90, "texture": "#all"}
			}
		},
		{
			"from": [13, 14, 0.3],
			"to": [14, 15, 15.7],
			"rotation": {"angle": 0, "axis": "y", "origin": [8, 8, 1]},
			"faces": {
				"north": {"uv": [2, 1, 3, 2], "texture": "#all"},
				"south": {"uv": [2, 1, 3, 2], "texture": "#all"},
				"west": {"uv": [2, 1, 3, 2], "texture": "#all"},
				"down": {"uv": [2, 1, 3, 2], "rotation": 270, "texture": "#all"}
			}
		},
		{
			"from": [2, 14, 0.3],
			"to": [3, 15, 15.7],
			"rotation": {"angle": 0, "axis": "y", "origin": [8, 8, 1]},
			"faces": {
				"north": {"uv": [13, 1, 14, 2], "texture": "#all"},
				"east": {"uv": [13, 1, 14, 2], "texture": "#all"},
				"south": {"uv": [13, 1, 14, 2], "texture": "#all"},
				"down": {"uv": [13, 1, 14, 2], "rotation": 270, "texture": "#all"}
			}
		},
		{
			"from": [1, 13, 0.3],
			"to": [2, 14, 15.7],
			"rotation": {"angle": 0, "axis": "y", "origin": [8, 8, 1]},
			"faces": {
				"north": {"uv": [14, 2, 15, 3], "texture": "#all"},
				"east": {"uv": [14, 2, 15, 3], "texture": "#all"},
				"south": {"uv": [14, 2, 15, 3], "texture": "#all"},
				"down": {"uv": [14, 2, 15, 3], "rotation": 270, "texture": "#all"}
			}
		},
		{
			"from": [14, 14, 0],
			"to": [15, 15, 16],
			"rotation": {"angle": 0, "axis": "y", "origin": [8, 8, 1]},
			"faces": {
				"north": {"uv": [1, 1, 2, 2], "texture": "#all", "cullface": "north"},
				"south": {"uv": [1, 1, 2, 2], "texture": "#all", "cullface": "south"},
				"west": {"uv": [1, 1, 2, 2], "texture": "#all"},
				"down": {"uv": [1, 1, 2, 2], "rotation": 270, "texture": "#all"}
			}
		},
		{
			"from": [14, 1, 0],
			"to": [15, 2, 16],
			"rotation": {"angle": 0, "axis": "y", "origin": [8, 8, 1]},
			"faces": {
				"north": {"uv": [1, 14, 2, 15], "texture": "#all", "cullface": "north"},
				"south": {"uv": [1, 14, 2, 15], "texture": "#all", "cullface": "south"},
				"west": {"uv": [1, 14, 2, 15], "texture": "#all"},
				"up": {"uv": [1, 14, 2, 15], "rotation": 90, "texture": "#all"}
			}
		},
		{
			"from": [1, 1, 0],
			"to": [2, 2, 16],
			"rotation": {"angle": 0, "axis": "y", "origin": [8, 8, 1]},
			"faces": {
				"north": {"uv": [14, 14, 15, 15], "texture": "#all", "cullface": "north"},
				"east": {"uv": [14, 14, 15, 15], "texture": "#all"},
				"south": {"uv": [14, 14, 15, 15], "texture": "#all", "cullface": "south"},
				"up": {"uv": [14, 14, 15, 15], "rotation": 90, "texture": "#all"}
			}
		},
		{
			"from": [1, 14, 0],
			"to": [2, 15, 16],
			"rotation": {"angle": 0, "axis": "y", "origin": [8, 8, 1]},
			"faces": {
				"north": {"uv": [14, 1, 15, 2], "texture": "#all", "cullface": "north"},
				"east": {"uv": [14, 1, 15, 2], "texture": "#all"},
				"south": {"uv": [14, 1, 15, 2], "texture": "#all", "cullface": "south"},
				"down": {"uv": [14, 1, 15, 2], "rotation": 270, "texture": "#all"}
			}
		},
		{
			"from": [4, 0.4, 6],
			"to": [5, 15.4, 7],
			"rotation": {"angle": 0, "axis": "y", "origin": [8, 16, 8]},
			"faces": {
				"north": {"uv": [4, 6, 5, 7], "rotation": 90, "texture": "#all"},
				"east": {"uv": [4, 6, 5, 7], "rotation": 90, "texture": "#all"},
				"south": {"uv": [4, 6, 5, 7], "rotation": 90, "texture": "#all"},
				"west": {"uv": [4, 6, 5, 7], "rotation": 270, "texture": "#all"},
				"up": {"uv": [4, 6, 5, 7], "texture": "#all"},
				"down": {"uv": [4, 6, 5, 7], "texture": "#all"}
			}
		},
		{
			"from": [6, 0.4, 4],
			"to": [7, 15.4, 5],
			"rotation": {"angle": 0, "axis": "y", "origin": [8, 16, 8]},
			"faces": {
				"north": {"uv": [6, 4, 7, 5], "rotation": 90, "texture": "#all"},
				"east": {"uv": [6, 4, 7, 5], "rotation": 90, "texture": "#all"},
				"south": {"uv": [6, 4, 7, 5], "rotation": 90, "texture": "#all"},
				"west": {"uv": [6, 4, 7, 5], "rotation": 270, "texture": "#all"},
				"up": {"uv": [6, 4, 7, 5], "texture": "#all"},
				"down": {"uv": [6, 4, 7, 5], "texture": "#all"}
			}
		},
		{
			"from": [4, 0.4, 9],
			"to": [5, 15.4, 10],
			"rotation": {"angle": 0, "axis": "y", "origin": [8, 16, 8]},
			"faces": {
				"north": {"uv": [4, 9, 5, 10], "rotation": 90, "texture": "#all"},
				"east": {"uv": [4, 9, 5, 10], "rotation": 90, "texture": "#all"},
				"south": {"uv": [4, 9, 5, 10], "rotation": 90, "texture": "#all"},
				"west": {"uv": [4, 9, 5, 10], "rotation": 270, "texture": "#all"},
				"up": {"uv": [4, 9, 5, 10], "texture": "#all"},
				"down": {"uv": [4, 9, 5, 10], "texture": "#all"}
			}
		},
		{
			"from": [9, 0.4, 4],
			"to": [10, 15.4, 5],
			"rotation": {"angle": 0, "axis": "y", "origin": [8, 16, 8]},
			"faces": {
				"north": {"uv": [9, 4, 10, 5], "rotation": 90, "texture": "#all"},
				"east": {"uv": [9, 4, 10, 5], "rotation": 90, "texture": "#all"},
				"south": {"uv": [9, 4, 10, 5], "rotation": 90, "texture": "#all"},
				"west": {"uv": [9, 4, 10, 5], "rotation": 270, "texture": "#all"},
				"up": {"uv": [9, 4, 10, 5], "texture": "#all"},
				"down": {"uv": [9, 4, 10, 5], "texture": "#all"}
			}
		},
		{
			"from": [5, 0.4, 10],
			"to": [6, 15.4, 11],
			"rotation": {"angle": 0, "axis": "y", "origin": [8, 16, 8]},
			"faces": {
				"north": {"uv": [5, 10, 6, 11], "rotation": 90, "texture": "#all"},
				"east": {"uv": [5, 10, 6, 11], "rotation": 90, "texture": "#all"},
				"south": {"uv": [5, 10, 6, 11], "rotation": 90, "texture": "#all"},
				"west": {"uv": [5, 10, 6, 11], "rotation": 270, "texture": "#all"},
				"up": {"uv": [5, 10, 6, 11], "texture": "#all"},
				"down": {"uv": [5, 10, 6, 11], "texture": "#all"}
			}
		},
		{
			"from": [10, 0.4, 10],
			"to": [11, 15.4, 11],
			"rotation": {"angle": 0, "axis": "y", "origin": [8, 16, 8]},
			"faces": {
				"north": {"uv": [10, 10, 11, 11], "rotation": 90, "texture": "#all"},
				"east": {"uv": [10, 10, 11, 11], "rotation": 90, "texture": "#all"},
				"south": {"uv": [10, 10, 11, 11], "rotation": 90, "texture": "#all"},
				"west": {"uv": [10, 10, 11, 11], "rotation": 270, "texture": "#all"},
				"up": {"uv": [10, 10, 11, 11], "texture": "#all"},
				"down": {"uv": [10, 10, 11, 11], "texture": "#all"}
			}
		},
		{
			"from": [9, 0.4, 11],
			"to": [10, 15.4, 12],
			"rotation": {"angle": 0, "axis": "y", "origin": [8, 16, 8]},
			"faces": {
				"north": {"uv": [9, 11, 10, 12], "rotation": 90, "texture": "#all"},
				"east": {"uv": [9, 11, 10, 12], "rotation": 90, "texture": "#all"},
				"south": {"uv": [9, 11, 10, 12], "rotation": 90, "texture": "#all"},
				"west": {"uv": [9, 11, 10, 12], "rotation": 270, "texture": "#all"},
				"up": {"uv": [9, 11, 10, 12], "texture": "#all"},
				"down": {"uv": [9, 11, 10, 12], "texture": "#all"}
			}
		},
		{
			"from": [10, 0.4, 5],
			"to": [11, 15.4, 6],
			"rotation": {"angle": 0, "axis": "y", "origin": [8, 16, 8]},
			"faces": {
				"north": {"uv": [10, 5, 11, 6], "rotation": 90, "texture": "#all"},
				"east": {"uv": [10, 5, 11, 6], "rotation": 90, "texture": "#all"},
				"south": {"uv": [10, 5, 11, 6], "rotation": 90, "texture": "#all"},
				"west": {"uv": [10, 5, 11, 6], "rotation": 270, "texture": "#all"},
				"up": {"uv": [10, 5, 11, 6], "texture": "#all"},
				"down": {"uv": [10, 5, 11, 6], "texture": "#all"}
			}
		},
		{
			"from": [11, 0.4, 6],
			"to": [12, 15.4, 7],
			"rotation": {"angle": 0, "axis": "y", "origin": [8, 16, 8]},
			"faces": {
				"north": {"uv": [11, 6, 12, 7], "rotation": 90, "texture": "#all"},
				"east": {"uv": [11, 6, 12, 7], "rotation": 90, "texture": "#all"},
				"south": {"uv": [11, 6, 12, 7], "rotation": 90, "texture": "#all"},
				"west": {"uv": [11, 6, 12, 7], "rotation": 270, "texture": "#all"},
				"up": {"uv": [11, 6, 12, 7], "texture": "#all"},
				"down": {"uv": [11, 6, 12, 7], "texture": "#all"}
			}
		},
		{
			"from": [11, 0.4, 9],
			"to": [12, 15.4, 10],
			"rotation": {"angle": 0, "axis": "y", "origin": [8, 16, 8]},
			"faces": {
				"north": {"uv": [11, 9, 12, 10], "rotation": 90, "texture": "#all"},
				"east": {"uv": [11, 9, 12, 10], "rotation": 90, "texture": "#all"},
				"south": {"uv": [11, 9, 12, 10], "rotation": 90, "texture": "#all"},
				"west": {"uv": [11, 9, 12, 10], "rotation": 270, "texture": "#all"},
				"up": {"uv": [11, 9, 12, 10], "texture": "#all"},
				"down": {"uv": [11, 9, 12, 10], "texture": "#all"}
			}
		},
		{
			"from": [6, 0.4, 11],
			"to": [7, 15.4, 12],
			"rotation": {"angle": 0, "axis": "y", "origin": [8, 16, 8]},
			"faces": {
				"north": {"uv": [6, 11, 7, 12], "rotation": 90, "texture": "#all"},
				"east": {"uv": [6, 11, 7, 12], "rotation": 90, "texture": "#all"},
				"south": {"uv": [6, 11, 7, 12], "rotation": 90, "texture": "#all"},
				"west": {"uv": [6, 11, 7, 12], "rotation": 270, "texture": "#all"},
				"up": {"uv": [6, 11, 7, 12], "texture": "#all"},
				"down": {"uv": [6, 11, 7, 12], "texture": "#all"}
			}
		},
		{
			"from": [5, 0.4, 5],
			"to": [6, 15.4, 6],
			"rotation": {"angle": 0, "axis": "y", "origin": [8, 16, 8]},
			"faces": {
				"north": {"uv": [5, 5, 6, 6], "rotation": 90, "texture": "#all"},
				"east": {"uv": [5, 5, 6, 6], "rotation": 90, "texture": "#all"},
				"south": {"uv": [5, 5, 6, 6], "rotation": 90, "texture": "#all"},
				"west": {"uv": [5, 5, 6, 6], "rotation": 270, "texture": "#all"},
				"up": {"uv": [5, 5, 6, 6], "texture": "#all"},
				"down": {"uv": [5, 5, 6, 6], "texture": "#all"}
			}
		},
		{
			"from": [7, 0.4, 12],
			"to": [9, 15.4, 15],
			"rotation": {"angle": 0, "axis": "y", "origin": [8, 16, 8]},
			"faces": {
				"north": {"uv": [7, 12, 9, 12.5], "rotation": 180, "texture": "#all"},
				"east": {"uv": [8, 12, 8.5, 15], "rotation": 90, "texture": "#all"},
				"west": {"uv": [7, 12, 7.5, 15], "rotation": 270, "texture": "#all"},
				"up": {"uv": [7, 12, 9, 15], "texture": "#all"},
				"down": {"uv": [7, 12, 9, 15], "texture": "#all"}
			}
		},
		{
			"from": [1, 0.4, 7],
			"to": [4, 15.4, 9],
			"rotation": {"angle": 0, "axis": "y", "origin": [8, 16, 8]},
			"faces": {
				"north": {"uv": [1, 7, 4, 7.5], "rotation": 180, "texture": "#all"},
				"east": {"uv": [3, 7, 3.5, 9], "rotation": 90, "texture": "#all"},
				"south": {"uv": [1, 8, 4, 8.5], "rotation": 180, "texture": "#all"},
				"up": {"uv": [1, 7, 4, 9], "texture": "#all"},
				"down": {"uv": [1, 9, 4, 7], "texture": "#all"}
			}
		},
		{
			"from": [12, 0.4, 7],
			"to": [15, 15.4, 9],
			"rotation": {"angle": 0, "axis": "y", "origin": [8, 16, 8]},
			"faces": {
				"north": {"uv": [12, 7, 15, 7.5], "rotation": 180, "texture": "#all"},
				"south": {"uv": [12, 8, 15, 8.5], "rotation": 180, "texture": "#all"},
				"west": {"uv": [12, 7, 12.5, 9], "rotation": 270, "texture": "#all"},
				"up": {"uv": [12, 7, 15, 9], "texture": "#all"},
				"down": {"uv": [12, 7, 15, 9], "texture": "#all"}
			}
		},
		{
			"from": [7, 0.4, 1],
			"to": [9, 15.4, 4],
			"rotation": {"angle": 0, "axis": "y", "origin": [8, 16, 8]},
			"faces": {
				"east": {"uv": [8, 1, 8.5, 4], "rotation": 90, "texture": "#all"},
				"south": {"uv": [7, 3, 9, 3.5], "rotation": 180, "texture": "#all"},
				"west": {"uv": [7, 1, 7.5, 4], "rotation": 270, "texture": "#all"},
				"up": {"uv": [7, 1, 9, 4], "texture": "#all"},
				"down": {"uv": [7, 1, 9, 4], "texture": "#all"}
			}
		},
		{
			"from": [2, 0.2, 14],
			"to": [3, 15.6, 15],
			"rotation": {"angle": 0, "axis": "y", "origin": [8, 16, 8]},
			"faces": {
				"north": {"uv": [2, 14, 3, 15], "rotation": 90, "texture": "#all"},
				"east": {"uv": [2, 14, 3, 15], "rotation": 90, "texture": "#all"},
				"up": {"uv": [2, 14, 3, 15], "texture": "#all"},
				"down": {"uv": [2, 14, 3, 15], "texture": "#all"}
			}
		},
		{
			"from": [1, 0.2, 2],
			"to": [2, 15.6, 3],
			"rotation": {"angle": 0, "axis": "y", "origin": [8, 16, 8]},
			"faces": {
				"east": {"uv": [1, 2, 2, 3], "rotation": 90, "texture": "#all"},
				"south": {"uv": [1, 2, 2, 3], "rotation": 90, "texture": "#all"},
				"up": {"uv": [1, 2, 2, 3], "texture": "#all"},
				"down": {"uv": [1, 2, 2, 3], "texture": "#all"}
			}
		},
		{
			"from": [1, 0.2, 13],
			"to": [2, 15.6, 14],
			"rotation": {"angle": 0, "axis": "y", "origin": [8, 16, 8]},
			"faces": {
				"north": {"uv": [1, 13, 2, 14], "rotation": 90, "texture": "#all"},
				"east": {"uv": [1, 13, 2, 14], "rotation": 90, "texture": "#all"},
				"up": {"uv": [1, 13, 2, 14], "texture": "#all"},
				"down": {"uv": [1, 13, 2, 14], "texture": "#all"}
			}
		},
		{
			"from": [14, 0.2, 13],
			"to": [15, 15.6, 14],
			"rotation": {"angle": 0, "axis": "y", "origin": [8, 16, 8]},
			"faces": {
				"north": {"uv": [14, 13, 15, 14], "rotation": 90, "texture": "#all"},
				"west": {"uv": [14, 13, 15, 14], "rotation": 270, "texture": "#all"},
				"up": {"uv": [14, 13, 15, 14], "texture": "#all"},
				"down": {"uv": [14, 13, 15, 14], "texture": "#all"}
			}
		},
		{
			"from": [13, 0.2, 14],
			"to": [14, 15.6, 15],
			"rotation": {"angle": 0, "axis": "y", "origin": [8, 16, 8]},
			"faces": {
				"north": {"uv": [13, 14, 14, 15], "rotation": 90, "texture": "#all"},
				"west": {"uv": [13, 14, 14, 15], "rotation": 270, "texture": "#all"},
				"up": {"uv": [13, 14, 14, 15], "texture": "#all"},
				"down": {"uv": [13, 14, 14, 15], "texture": "#all"}
			}
		},
		{
			"from": [2, 0.2, 1],
			"to": [3, 15.6, 2],
			"rotation": {"angle": 0, "axis": "y", "origin": [8, 16, 8]},
			"faces": {
				"east": {"uv": [2, 1, 3, 2], "rotation": 90, "texture": "#all"},
				"south": {"uv": [2, 1, 3, 2], "rotation": 90, "texture": "#all"},
				"up": {"uv": [2, 1, 3, 2], "texture": "#all"},
				"down": {"uv": [2, 1, 3, 2], "texture": "#all"}
			}
		},
		{
			"from": [13, 0.2, 1],
			"to": [14, 15.6, 2],
			"rotation": {"angle": 0, "axis": "y", "origin": [8, 16, 8]},
			"faces": {
				"south": {"uv": [13, 1, 14, 2], "rotation": 90, "texture": "#all"},
				"west": {"uv": [13, 1, 14, 2], "rotation": 270, "texture": "#all"},
				"up": {"uv": [13, 1, 14, 2], "texture": "#all"},
				"down": {"uv": [13, 1, 14, 2], "texture": "#all"}
			}
		},
		{
			"from": [14, 0.2, 2],
			"to": [15, 15.6, 3],
			"rotation": {"angle": 0, "axis": "y", "origin": [8, 16, 8]},
			"faces": {
				"south": {"uv": [14, 2, 15, 3], "rotation": 90, "texture": "#all"},
				"west": {"uv": [14, 2, 15, 3], "rotation": 270, "texture": "#all"},
				"up": {"uv": [14, 2, 15, 3], "texture": "#all"},
				"down": {"uv": [14, 2, 15, 3], "texture": "#all"}
			}
		},
		{
			"from": [1, 0, 1],
			"to": [2, 16, 2],
			"rotation": {"angle": 0, "axis": "y", "origin": [8, 16, 8]},
			"faces": {
				"east": {"uv": [1, 1, 2, 2], "rotation": 90, "texture": "#all"},
				"south": {"uv": [1, 1, 2, 2], "rotation": 90, "texture": "#all"},
				"up": {"uv": [1, 1, 2, 2], "texture": "#all", "cullface": "up"},
				"down": {"uv": [1, 1, 2, 2], "texture": "#all", "cullface": "down"}
			}
		},
		{
			"from": [1, 0, 14],
			"to": [2, 16, 15],
			"rotation": {"angle": 0, "axis": "y", "origin": [8, 16, 8]},
			"faces": {
				"north": {"uv": [1, 14, 2, 15], "rotation": 90, "texture": "#all"},
				"east": {"uv": [1, 14, 2, 15], "rotation": 90, "texture": "#all"},
				"up": {"uv": [1, 14, 2, 15], "texture": "#all", "cullface": "up"},
				"down": {"uv": [1, 14, 2, 15], "texture": "#all", "cullface": "down"}
			}
		},
		{
			"from": [14, 0, 14],
			"to": [15, 16, 15],
			"rotation": {"angle": 0, "axis": "y", "origin": [8, 16, 8]},
			"faces": {
				"north": {"uv": [14, 14, 15, 15], "rotation": 90, "texture": "#all"},
				"west": {"uv": [14, 14, 15, 15], "rotation": 270, "texture": "#all"},
				"up": {"uv": [14, 14, 15, 15], "texture": "#all", "cullface": "up"},
				"down": {"uv": [14, 14, 15, 15], "texture": "#all", "cullface": "down"}
			}
		},
		{
			"from": [14, 0, 1],
			"to": [15, 16, 2],
			"rotation": {"angle": 0, "axis": "y", "origin": [8, 16, 8]},
			"faces": {
				"south": {"uv": [14, 1, 15, 2], "rotation": 90, "texture": "#all"},
				"west": {"uv": [14, 1, 15, 2], "rotation": 270, "texture": "#all"},
				"up": {"uv": [14, 1, 15, 2], "texture": "#all", "cullface": "up"},
				"down": {"uv": [14, 1, 15, 2], "texture": "#all", "cullface": "down"}
			}
		}
	]
}