{
	"credit": "Made with Blockbench",
	"parent": "minecraft:block/orientable",
	"elements": [
		{
			"from": [0, 0, 1],
			"to": [16, 16, 16],
			"faces": {
				"north": {"uv": [0, 0, 16, 16], "texture": "#front"},
				"east": {"uv": [0, 0, 15, 16], "texture": "#side", "cullface": "east"},
				"south": {"uv": [0, 0, 16, 16], "texture": "#side", "cullface": "south"},
				"west": {"uv": [1, 0, 16, 16], "texture": "#side", "cullface": "west"},
				"up": {"uv": [0, 1, 16, 16], "texture": "#top", "cullface": "up"},
				"down": {"uv": [0, 0, 16, 15], "texture": "#top", "cullface": "down"}
			}
		},
		{
			"from": [7, 16, 6],
			"to": [9, 16.99, 10],
			"faces": {
				"north": {"uv": [9, 6, 7, 7], "texture": "#top", "cullface": "up"},
				"east": {"uv": [8, 6, 9, 10], "rotation": 90, "texture": "#top", "cullface": "up"},
				"south": {"uv": [7, 9, 9, 10], "texture": "#top", "cullface": "up"},
				"west": {"uv": [7, 10, 8, 6], "rotation": 90, "texture": "#top", "cullface": "up"},
				"up": {"uv": [7, 6, 9, 10], "texture": "#top", "cullface": "up"}
			}
		},
		{
			"from": [5.001, 16, 5.001],
			"to": [7, 16.99, 8],
			"faces": {
				"north": {"uv": [7, 5, 5, 6], "texture": "#top", "cullface": "up"},
				"south": {"uv": [5, 7, 7, 8], "texture": "#top", "cullface": "up"},
				"west": {"uv": [5, 8, 6, 5], "rotation": 90, "texture": "#top", "cullface": "up"},
				"up": {"uv": [5, 5, 7, 8], "texture": "#top", "cullface": "up"}
			}
		},
		{
			"from": [6, 16, 8],
			"to": [7, 16.99, 9],
			"faces": {
				"south": {"uv": [6, 8, 7, 9], "texture": "#top", "cullface": "up"},
				"west": {"uv": [6, 8, 7, 9], "texture": "#top", "cullface": "up"},
				"up": {"uv": [6, 8, 7, 9], "texture": "#top", "cullface": "up"}
			}
		},
		{
			"from": [9, 16, 8],
			"to": [9.999, 16.99, 9],
			"faces": {
				"north": {"uv": [9, 8, 10, 9], "texture": "#top", "cullface": "up"},
				"east": {"uv": [9, 8, 10, 9], "texture": "#top", "cullface": "up"},
				"south": {"uv": [9, 8, 10, 9], "texture": "#top", "cullface": "up"},
				"up": {"uv": [9, 8, 10, 9], "texture": "#top", "cullface": "up"}
			}
		},
		{
			"from": [7, 16, 5.001],
			"to": [8, 16.99, 6.001],
			"faces": {
				"north": {"uv": [7, 5, 8, 6], "texture": "#top", "cullface": "up"},
				"east": {"uv": [7, 5, 8, 6], "texture": "#top", "cullface": "up"},
				"up": {"uv": [7, 5, 8, 6], "texture": "#top", "cullface": "up"}
			}
		},
		{
			"name": "0",
			"from": [0, 0, 0],
			"to": [16, 2, 1],
			"faces": {
				"north": {"uv": [0, 14, 16, 16], "texture": "#front", "cullface": "north"},
				"east": {"uv": [15, 14, 16, 16], "texture": "#side", "cullface": "east"},
				"west": {"uv": [0, 14, 1, 16], "texture": "#side", "cullface": "west"},
				"up": {"uv": [0, 14, 16, 15], "texture": "#front", "cullface": "north"},
				"down": {"uv": [0, 15, 16, 16], "texture": "#top"}
			}
		},
		{
			"name": "1",
			"from": [0, 14, 0],
			"to": [16, 16, 1],
			"faces": {
				"north": {"uv": [0, 0, 16, 2], "texture": "#front", "cullface": "north"},
				"east": {"uv": [15, 0, 16, 2], "texture": "#side", "cullface": "east"},
				"west": {"uv": [0, 0, 1, 2], "texture": "#side", "cullface": "west"},
				"up": {"uv": [0, 0, 16, 1], "texture": "#top", "cullface": "up"},
				"down": {"uv": [0, 1, 16, 2], "texture": "#front", "cullface": "north"}
			}
		},
		{
			"name": "2",
			"from": [14, 2, 0],
			"to": [16, 14, 1],
			"faces": {
				"north": {"uv": [0, 2, 2, 14], "texture": "#front", "cullface": "north"},
				"east": {"uv": [15, 2, 16, 14], "texture": "#side"},
				"west": {"uv": [1, 2, 2, 14], "texture": "#front", "cullface": "north"}
			}
		},
		{
			"name": "3",
			"from": [0, 2, 0],
			"to": [1, 14, 1],
			"faces": {
				"north": {"uv": [15, 2, 16, 14], "texture": "#front", "cullface": "north"},
				"east": {"uv": [15, 2, 16, 14], "texture": "#front", "cullface": "north"},
				"west": {"uv": [0, 2, 1, 14], "texture": "#side", "cullface": "west"}
			}
		},
		{
			"name": "4",
			"from": [1, 10, 0],
			"to": [3, 14, 1],
			"faces": {
				"north": {"uv": [13, 2, 15, 6], "texture": "#front", "cullface": "north"},
				"east": {"uv": [13, 2, 14, 6], "texture": "#front", "cullface": "north"},
				"down": {"uv": [13, 5, 15, 6], "texture": "#front", "cullface": "north"}
			}
		},
		{
			"name": "5",
			"from": [7, 8, 0],
			"to": [9, 14, 1],
			"faces": {
				"north": {"uv": [7, 2, 9, 8], "texture": "#front", "cullface": "north"},
				"east": {"uv": [7, 2, 8, 8], "texture": "#front", "cullface": "north"},
				"west": {"uv": [8, 2, 9, 8], "texture": "#front", "cullface": "north"}
			}
		},
		{
			"name": "6",
			"from": [1, 5, 0],
			"to": [2, 10, 1],
			"faces": {
				"north": {"uv": [14, 6, 15, 11], "texture": "#front", "cullface": "north"},
				"east": {"uv": [14, 6, 15, 11], "texture": "#front", "cullface": "north"},
				"down": {"uv": [14, 10, 15, 11], "texture": "#front", "cullface": "north"}
			}
		},
		{
			"name": "7",
			"from": [13, 8, 0],
			"to": [14, 14, 1],
			"faces": {
				"north": {"uv": [2, 2, 3, 8], "texture": "#front", "cullface": "north"},
				"west": {"uv": [2, 2, 3, 8], "texture": "#front", "cullface": "north"}
			}
		},
		{
			"name": "8",
			"from": [2, 7, 0],
			"to": [14, 8, 1],
			"faces": {
				"north": {"uv": [2, 8, 14, 9], "texture": "#front", "cullface": "north"},
				"up": {"uv": [14, 8, 2, 9], "texture": "#front", "cullface": "north"},
				"down": {"uv": [14, 8, 2, 9], "texture": "#front", "cullface": "north"}
			}
		},
		{
			"name": "9",
			"from": [1, 2, 0],
			"to": [4, 3, 1],
			"faces": {
				"north": {"uv": [12, 13, 15, 14], "texture": "#front", "cullface": "north"},
				"east": {"uv": [12, 13, 13, 14], "texture": "#front", "cullface": "north"},
				"up": {"uv": [15, 13, 12, 14], "texture": "#front", "cullface": "north"}
			}
		},
		{
			"name": "10",
			"from": [5, 2, 0],
			"to": [9, 3, 1],
			"faces": {
				"north": {"uv": [7, 13, 11, 14], "texture": "#front", "cullface": "north"},
				"east": {"uv": [7, 13, 8, 14], "texture": "#front", "cullface": "north"},
				"west": {"uv": [10, 13, 11, 14], "texture": "#front", "cullface": "north"},
				"up": {"uv": [11, 13, 7, 14], "texture": "#front", "cullface": "north"}
			}
		},
		{
			"name": "12",
			"from": [10, 2, 0],
			"to": [12, 3, 1],
			"faces": {
				"north": {"uv": [4, 13, 6, 14], "texture": "#front", "cullface": "north"},
				"east": {"uv": [4, 13, 5, 14], "texture": "#front", "cullface": "north"},
				"west": {"uv": [5, 13, 6, 14], "texture": "#front", "cullface": "north"},
				"up": {"uv": [4, 13, 6, 14], "texture": "#front", "cullface": "north"}
			}
		},
		{
			"name": "13",
			"from": [13, 2, 0],
			"to": [14, 4, 1],
			"faces": {
				"north": {"uv": [2, 12, 3, 14], "texture": "#front", "cullface": "north"},
				"west": {"uv": [2, 12, 3, 14], "texture": "#front", "cullface": "north"},
				"up": {"uv": [2, 12, 3, 13], "texture": "#front", "cullface": "north"}
			}
		},
		{
			"name": "14",
			"from": [10, 3, 0],
			"to": [11, 4, 1],
			"faces": {
				"north": {"uv": [5, 12, 6, 13], "texture": "#front", "cullface": "north"},
				"east": {"uv": [5, 12, 6, 13], "texture": "#front", "cullface": "north"},
				"west": {"uv": [5, 12, 6, 13], "texture": "#front", "cullface": "north"},
				"up": {"uv": [5, 12, 6, 13], "texture": "#front", "cullface": "north"}
			}
		},
		{
			"name": "15",
			"from": [7, 3, 0],
			"to": [8, 4, 1],
			"faces": {
				"north": {"uv": [8, 12, 9, 13], "texture": "#front", "cullface": "north"},
				"east": {"uv": [8, 12, 9, 13], "texture": "#front", "cullface": "north"},
				"west": {"uv": [8, 12, 9, 13], "texture": "#front", "cullface": "north"},
				"up": {"uv": [8, 12, 9, 13], "texture": "#front", "cullface": "north"}
			}
		},
		{
			"name": "16",
			"from": [3, 3, 0],
			"to": [4, 4, 1],
			"faces": {
				"north": {"uv": [12, 12, 13, 13], "texture": "#front", "cullface": "north"},
				"east": {"uv": [12, 12, 13, 13], "texture": "#front", "cullface": "north"},
				"west": {"uv": [12, 12, 13, 13], "texture": "#front", "cullface": "north"},
				"up": {"uv": [12, 12, 13, 13], "texture": "#front", "cullface": "north"}
			}
		},
		{
			"name": "17",
			"from": [13, 6, 0],
			"to": [14, 7, 1],
			"faces": {
				"north": {"uv": [2, 9, 3, 10], "texture": "#front", "cullface": "north"},
				"west": {"uv": [2, 9, 3, 10], "texture": "#front", "cullface": "north"},
				"down": {"uv": [2, 9, 3, 10], "texture": "#front", "cullface": "north"}
			}
		},
		{
			"name": "18",
			"from": [11, 6, 0],
			"to": [12, 7, 1],
			"faces": {
				"north": {"uv": [4, 9, 5, 10], "texture": "#front", "cullface": "north"},
				"east": {"uv": [4, 9, 5, 10], "texture": "#front", "cullface": "north"},
				"west": {"uv": [4, 9, 5, 10], "texture": "#front", "cullface": "north"},
				"down": {"uv": [4, 9, 5, 10], "texture": "#front", "cullface": "north"}
			}
		},
		{
			"name": "19",
			"from": [4, 13, 0],
			"to": [5, 14, 1],
			"faces": {
				"north": {"uv": [11, 2, 12, 3], "texture": "#front", "cullface": "north"},
				"east": {"uv": [11, 2, 12, 3], "texture": "#front", "cullface": "north"},
				"down": {"uv": [11, 2, 12, 3], "texture": "#front", "cullface": "north"}
			}
		},
		{
			"name": "20",
			"from": [6, 13, 0],
			"to": [7, 14, 1],
			"faces": {
				"north": {"uv": [9, 2, 10, 3], "texture": "#front", "cullface": "north"},
				"west": {"uv": [9, 2, 10, 3], "texture": "#front", "cullface": "north"},
				"down": {"uv": [9, 2, 10, 3], "texture": "#front", "cullface": "north"}
			}
		},
		{
			"name": "21",
			"from": [6, 8, 0],
			"to": [7, 9, 1],
			"faces": {
				"north": {"uv": [9, 7, 10, 8], "texture": "#front", "cullface": "north"},
				"west": {"uv": [9, 7, 10, 8], "texture": "#front", "cullface": "north"},
				"up": {"uv": [9, 7, 10, 8], "texture": "#front", "cullface": "north"}
			}
		},
		{
			"name": "22",
			"from": [9, 13, 0],
			"to": [10, 14, 1],
			"faces": {
				"north": {"uv": [6, 2, 7, 3], "texture": "#front", "cullface": "north"},
				"east": {"uv": [6, 2, 7, 3], "texture": "#front", "cullface": "north"},
				"down": {"uv": [6, 2, 7, 3], "texture": "#front", "cullface": "north"}
			}
		},
		{
			"name": "23",
			"from": [12, 8, 0],
			"to": [13, 9, 1],
			"faces": {
				"north": {"uv": [3, 7, 4, 8], "texture": "#front", "cullface": "north"},
				"west": {"uv": [3, 7, 4, 8], "texture": "#front", "cullface": "north"},
				"up": {"uv": [3, 7, 4, 8], "texture": "#front", "cullface": "north"}
			}
		},
		{
			"name": "24",
			"from": [9, 8, 0],
			"to": [10, 9, 1],
			"faces": {
				"north": {"uv": [6, 7, 7, 8], "texture": "#front", "cullface": "north"},
				"east": {"uv": [6, 7, 7, 8], "texture": "#front", "cullface": "north"},
				"up": {"uv": [6, 7, 7, 8], "texture": "#front", "cullface": "north"}
			}
		},
		{
			"name": "25",
			"from": [8, 6, 0],
			"to": [10, 7, 1],
			"faces": {
				"north": {"uv": [6, 9, 8, 10], "texture": "#front", "cullface": "north"},
				"east": {"uv": [6, 9, 7, 10], "texture": "#front", "cullface": "north"},
				"west": {"uv": [7, 9, 8, 10], "texture": "#front", "cullface": "north"},
				"down": {"uv": [6, 9, 8, 10], "rotation": 180, "texture": "#front", "cullface": "north"}
			}
		},
		{
			"name": "26",
			"from": [5, 6, 0],
			"to": [7, 7, 1],
			"faces": {
				"north": {"uv": [9, 9, 11, 10], "texture": "#front", "cullface": "north"},
				"east": {"uv": [9, 9, 10, 10], "texture": "#front", "cullface": "north"},
				"west": {"uv": [10, 9, 11, 10], "texture": "#front", "cullface": "north"},
				"down": {"uv": [9, 9, 11, 10], "texture": "#front", "cullface": "north"}
			}
		},
		{
			"name": "27",
			"from": [3, 6, 0],
			"to": [4, 7, 1],
			"faces": {
				"north": {"uv": [12, 9, 13, 10], "texture": "#front", "cullface": "north"},
				"east": {"uv": [12, 9, 13, 10], "texture": "#front", "cullface": "north"},
				"west": {"uv": [12, 9, 13, 10], "texture": "#front", "cullface": "north"},
				"down": {"uv": [12, 9, 13, 10], "texture": "#front", "cullface": "north"}
			}
		},
		{
			"name": "28",
			"from": [3, 12, 0],
			"to": [4, 14, 1],
			"faces": {
				"north": {"uv": [12, 2, 13, 4], "texture": "#front", "cullface": "north"},
				"east": {"uv": [12, 2, 13, 4], "texture": "#front", "cullface": "north"},
				"down": {"uv": [12, 3, 13, 4], "texture": "#front", "cullface": "north"}
			}
		},
		{
			"name": "29",
			"from": [12, 12, 0],
			"to": [13, 14, 1],
			"faces": {
				"north": {"uv": [3, 2, 4, 4], "texture": "#front", "cullface": "north"},
				"west": {"uv": [3, 2, 4, 4], "texture": "#front", "cullface": "north"},
				"down": {"uv": [3, 3, 4, 4], "texture": "#front", "cullface": "north"}
			}
		}
	]
}