{
	"credit": "Made with Blockbench",
	"parent": "minecraft:block/cube_bottom_top",
	"textures": {
		"top_off": "block/respawn_anchor_top_off",
		"particle": "#top"
	},
	"elements": [
		{
			"from": [0, 0, 0],
			"to": [16, 15, 16],
			"faces": {
				"north": {"uv": [0, 1, 16, 16], "texture": "#side", "cullface": "north"},
				"east": {"uv": [0, 1, 16, 16], "texture": "#side", "cullface": "east"},
				"south": {"uv": [0, 1, 16, 16], "texture": "#side", "cullface": "south"},
				"west": {"uv": [0, 1, 16, 16], "texture": "#side", "cullface": "west"},
				"up": {"uv": [0, 0, 16, 16], "texture": "#top_off"},
				"down": {"uv": [0, 0, 16, 16], "texture": "#bottom", "cullface": "down"}
			}
		},
		{
			"from": [0, 15, 14],
			"to": [16, 16, 16],
			"faces": {
				"north": {"uv": [16, 14, 0, 15], "texture": "#top_off"},
				"east": {"uv": [0, 0, 2, 1], "texture": "#side", "cullface": "east"},
				"south": {"uv": [0, 0, 16, 1], "texture": "#side", "cullface": "south"},
				"west": {"uv": [14, 0, 16, 1], "texture": "#side", "cullface": "west"},
				"up": {"uv": [0, 14, 16, 16], "texture": "#top_off", "cullface": "up"}
			}
		},
		{
			"from": [0, 15, 0],
			"to": [16, 16, 2],
			"faces": {
				"north": {"uv": [0, 0, 16, 1], "texture": "#side", "cullface": "north"},
				"east": {"uv": [14, 0, 16, 1], "texture": "#side", "cullface": "east"},
				"south": {"uv": [0, 1, 16, 2], "texture": "#top_off"},
				"west": {"uv": [0, 0, 2, 1], "texture": "#side", "cullface": "west"},
				"up": {"uv": [0, 0, 16, 2], "texture": "#top_off", "cullface": "up"}
			}
		},
		{
			"from": [0, 15, 2],
			"to": [2, 16, 14],
			"faces": {
				"east": {"uv": [1, 2, 2, 14], "rotation": 90, "texture": "#top_off"},
				"west": {"uv": [2, 0, 14, 1], "texture": "#side", "cullface": "west"},
				"up": {"uv": [0, 2, 2, 14], "texture": "#top_off", "cullface": "up"}
			}
		},
		{
			"from": [14, 15, 2],
			"to": [16, 16, 14],
			"faces": {
				"east": {"uv": [2, 0, 14, 1], "texture": "#side", "cullface": "east"},
				"west": {"uv": [14, 2, 15, 14], "rotation": 270, "texture": "#top_off"},
				"up": {"uv": [14, 2, 16, 14], "texture": "#top_off", "cullface": "up"}
			}
		},
		{
			"from": [2, 15, 2],
			"to": [14, 15.5, 14],
			"faces": {
				"up": {"uv": [2, 2, 14, 14], "texture": "#top"}
			}
		}
	]
}