{
	"credit": "Made with Blockbench",
	"parent": "minecraft:block/trapdoor_display",
	"textures": {
		"1": "block/warped_trapdoor_side",
		"texture": "block/warped_trapdoor",
		"particle": "block/warped_trapdoor_side"
	},
	"elements": [
		{
			"from": [0, 0, 0],
			"to": [2, 3, 16],
			"rotation": {"angle": 0, "axis": "x", "origin": [0, 0, 16]},
			"faces": {
				"east": {"uv": [14, 16, 15, 0], "rotation": 90, "texture": "#texture"},
				"west": {"uv": [0, 3, 16, 6], "texture": "#1"},
				"up": {"uv": [16, 16, 14, 0], "texture": "#texture"},
				"down": {"uv": [16, 0, 14, 16], "texture": "#texture"}
			}
		},
		{
			"from": [14, 0, 0],
			"to": [16, 3, 16],
			"rotation": {"angle": 0, "axis": "x", "origin": [0, 0, 16]},
			"faces": {
				"east": {"uv": [0, 9, 16, 12], "texture": "#1"},
				"west": {"uv": [2, 0, 1, 16], "rotation": 90, "texture": "#texture"},
				"up": {"uv": [2, 16, 0, 0], "texture": "#texture"},
				"down": {"uv": [2, 0, 0, 16], "texture": "#texture"}
			}
		},
		{
			"from": [0, 0, 0],
			"to": [16, 3, 2],
			"rotation": {"angle": 0, "axis": "x", "origin": [0, 0, 16]},
			"faces": {
				"north": {"uv": [0, 0, 16, 3], "texture": "#1"},
				"south": {"uv": [16, 14, 0, 15], "texture": "#texture"},
				"up": {"uv": [16, 16, 0, 14], "texture": "#texture"},
				"down": {"uv": [16, 14, 0, 16], "texture": "#texture"}
			}
		},
		{
			"from": [0, 0, 14],
			"to": [16, 3, 16],
			"rotation": {"angle": 0, "axis": "x", "origin": [0, 0, 16]},
			"faces": {
				"north": {"uv": [0, 1, 16, 2], "texture": "#texture"},
				"south": {"uv": [0, 6, 16, 9], "texture": "#1"},
				"up": {"uv": [16, 2, 0, 0], "texture": "#texture"},
				"down": {"uv": [16, 0, 0, 2], "texture": "#texture"}
			}
		},
		{
			"from": [2, 0.7, 2],
			"to": [3, 2.3, 14],
			"rotation": {"angle": 0, "axis": "x", "origin": [0, 0, 16]},
			"faces": {
				"east": {"uv": [13, 2, 14, 14], "rotation": 270, "texture": "#texture"},
				"up": {"uv": [13, 14, 14, 2], "texture": "#texture"},
				"down": {"uv": [13, 2, 14, 14], "texture": "#texture"}
			}
		},
		{
			"from": [13, 0.7, 2],
			"to": [14, 2.3, 14],
			"rotation": {"angle": 0, "axis": "x", "origin": [0, 0, 16]},
			"faces": {
				"west": {"uv": [3, 2, 2, 14], "rotation": 90, "texture": "#texture"},
				"up": {"uv": [2, 14, 3, 2], "texture": "#texture"},
				"down": {"uv": [2, 2, 3, 14], "texture": "#texture"}
			}
		},
		{
			"from": [3, 0.7, 2],
			"to": [13, 2.3, 3],
			"rotation": {"angle": 0, "axis": "x", "origin": [0, 0, 16]},
			"faces": {
				"south": {"uv": [3, 13, 13, 14], "texture": "#texture"},
				"up": {"uv": [13, 13, 3, 14], "texture": "#texture"},
				"down": {"uv": [3, 13, 13, 14], "texture": "#texture"}
			}
		},
		{
			"from": [3, 0.7, 13],
			"to": [13, 2.3, 14],
			"rotation": {"angle": 0, "axis": "x", "origin": [0, 0, 16]},
			"faces": {
				"north": {"uv": [3, 2, 13, 3], "texture": "#texture"},
				"up": {"uv": [13, 2, 3, 3], "texture": "#texture"},
				"down": {"uv": [13, 2, 3, 3], "texture": "#texture"}
			}
		},
		{
			"from": [3, 1, 6],
			"to": [4, 2, 11],
			"rotation": {"angle": 0, "axis": "x", "origin": [8, 1.5, 16]},
			"faces": {
				"north": {"uv": [12, 9, 13, 10], "texture": "#texture"},
				"east": {"uv": [12, 5, 13, 10], "rotation": 270, "texture": "#texture"},
				"south": {"uv": [12, 5, 13, 6], "texture": "#texture"},
				"up": {"uv": [13, 5, 12, 10], "rotation": 180, "texture": "#texture"},
				"down": {"uv": [12, 10, 13, 5], "rotation": 180, "texture": "#texture"}
			}
		},
		{
			"from": [12, 1, 8],
			"to": [13, 2, 10],
			"rotation": {"angle": 0, "axis": "x", "origin": [8, 1.5, 16]},
			"faces": {
				"north": {"uv": [3, 7, 4, 8], "texture": "#texture"},
				"east": {"uv": [0, 0, 2, 1], "texture": "#missing"},
				"south": {"uv": [3, 6, 4, 7], "texture": "#texture"},
				"west": {"uv": [3, 6, 4, 8], "rotation": 90, "texture": "#texture"},
				"up": {"uv": [3, 6, 4, 8], "rotation": 180, "texture": "#texture"},
				"down": {"uv": [3, 6, 4, 8], "rotation": 180, "texture": "#texture"}
			}
		},
		{
			"from": [9, 0.9, 3],
			"to": [12, 2.1, 4],
			"rotation": {"angle": 0, "axis": "x", "origin": [8, 1.5, 16]},
			"faces": {
				"east": {"uv": [4, 12, 5, 13], "texture": "#texture"},
				"south": {"uv": [4, 12, 7, 13], "texture": "#texture"},
				"west": {"uv": [6, 12, 7, 13], "texture": "#texture"},
				"up": {"uv": [4, 12, 7, 13], "rotation": 180, "texture": "#texture"},
				"down": {"uv": [4, 13, 7, 12], "rotation": 180, "texture": "#texture"}
			}
		},
		{
			"from": [10, 0.9, 4],
			"to": [12, 2.1, 7],
			"rotation": {"angle": 0, "axis": "x", "origin": [8, 1.5, 16]},
			"faces": {
				"east": {"uv": [4, 9, 5, 12], "rotation": 270, "texture": "#texture"},
				"south": {"uv": [4, 9, 5, 10], "texture": "#texture"},
				"west": {"uv": [5, 9, 6, 12], "rotation": 90, "texture": "#texture"},
				"up": {"uv": [4, 9, 6, 12], "rotation": 180, "texture": "#texture"},
				"down": {"uv": [4, 9, 6, 12], "rotation": 180, "texture": "#texture"}
			}
		},
		{
			"from": [10, 0.9, 7],
			"to": [11, 2.1, 8],
			"rotation": {"angle": 0, "axis": "x", "origin": [8, 1.5, 16]},
			"faces": {
				"east": {"uv": [5, 8, 6, 9], "texture": "#texture"},
				"south": {"uv": [5, 8, 6, 9], "texture": "#texture"},
				"up": {"uv": [5, 8, 6, 9], "rotation": 180, "texture": "#texture"},
				"down": {"uv": [5, 8, 6, 9], "rotation": 270, "texture": "#texture"}
			}
		},
		{
			"from": [10, 0.9, 11],
			"to": [12, 2.1, 13],
			"rotation": {"angle": 0, "axis": "x", "origin": [8, 1.5, 16]},
			"faces": {
				"north": {"uv": [4, 4, 6, 5], "texture": "#texture"},
				"east": {"uv": [4, 3, 5, 5], "rotation": 270, "texture": "#texture"},
				"west": {"uv": [5, 3, 6, 4], "texture": "#texture"},
				"up": {"uv": [4, 3, 6, 5], "rotation": 180, "texture": "#texture"},
				"down": {"uv": [4, 5, 6, 3], "rotation": 180, "texture": "#texture"}
			}
		},
		{
			"from": [9, 0.9, 10],
			"to": [11, 2.1, 12],
			"rotation": {"angle": 0, "axis": "x", "origin": [8, 1.5, 16]},
			"faces": {
				"north": {"uv": [5, 5, 7, 6], "texture": "#texture"},
				"east": {"uv": [5, 4, 6, 6], "rotation": 270, "texture": "#texture"},
				"south": {"uv": [6, 4, 7, 5], "texture": "#texture"},
				"west": {"uv": [6, 4, 7, 6], "rotation": 90, "texture": "#texture"},
				"up": {"uv": [5, 4, 7, 6], "rotation": 180, "texture": "#texture"},
				"down": {"uv": [5, 6, 7, 4], "rotation": 180, "texture": "#texture"}
			}
		},
		{
			"from": [9, 0.9, 6],
			"to": [10, 2.1, 10],
			"rotation": {"angle": 0, "axis": "x", "origin": [8, 1.5, 16]},
			"faces": {
				"north": {"uv": [6, 9, 7, 10], "texture": "#texture"},
				"east": {"uv": [6, 6, 7, 10], "rotation": 270, "texture": "#texture"},
				"west": {"uv": [6, 6, 7, 10], "rotation": 90, "texture": "#texture"},
				"up": {"uv": [6, 6, 7, 10], "rotation": 180, "texture": "#texture"},
				"down": {"uv": [6, 6, 7, 10], "texture": "#texture"}
			}
		},
		{
			"from": [5, 0.9, 12],
			"to": [8, 2.1, 13],
			"rotation": {"angle": 0, "axis": "x", "origin": [8, 1.5, 16]},
			"faces": {
				"north": {"uv": [8, 3, 11, 4], "texture": "#texture"},
				"east": {"uv": [8, 3, 9, 4], "texture": "#texture"},
				"west": {"uv": [10, 3, 11, 4], "texture": "#texture"},
				"up": {"uv": [8, 3, 11, 4], "rotation": 180, "texture": "#texture"},
				"down": {"uv": [8, 3, 11, 4], "rotation": 180, "texture": "#texture"}
			}
		},
		{
			"from": [6, 0.9, 9],
			"to": [7, 2.1, 12],
			"rotation": {"angle": 0, "axis": "x", "origin": [8, 1.5, 16]},
			"faces": {
				"north": {"uv": [9, 6, 10, 7], "texture": "#texture"},
				"east": {"uv": [9, 4, 10, 7], "rotation": 270, "texture": "#texture"},
				"west": {"uv": [9, 4, 10, 7], "rotation": 90, "texture": "#texture"},
				"up": {"uv": [9, 4, 10, 7], "rotation": 180, "texture": "#texture"},
				"down": {"uv": [9, 7, 10, 4], "rotation": 180, "texture": "#texture"}
			}
		},
		{
			"from": [6, 0.9, 3],
			"to": [7, 2.1, 6],
			"rotation": {"angle": 0, "axis": "x", "origin": [8, 1.5, 16]},
			"faces": {
				"north": {"uv": [9, 12, 10, 13], "texture": "#texture"},
				"east": {"uv": [9, 10, 10, 13], "rotation": 90, "texture": "#texture"},
				"south": {"uv": [9, 10, 10, 11], "texture": "#texture"},
				"west": {"uv": [9, 10, 10, 13], "rotation": 90, "texture": "#texture"},
				"up": {"uv": [9, 10, 10, 13], "rotation": 180, "texture": "#texture"},
				"down": {"uv": [9, 10, 10, 13], "rotation": 180, "texture": "#texture"}
			}
		},
		{
			"from": [5, 0.9, 4],
			"to": [6, 2.1, 11],
			"rotation": {"angle": 0, "axis": "x", "origin": [8, 1.5, 16]},
			"faces": {
				"north": {"uv": [10, 11, 11, 12], "texture": "#texture"},
				"east": {"uv": [10, 5, 11, 12], "rotation": 90, "texture": "#texture"},
				"south": {"uv": [10, 5, 11, 6], "texture": "#texture"},
				"west": {"uv": [10, 5, 11, 12], "rotation": 90, "texture": "#texture"},
				"up": {"uv": [11, 5, 10, 12], "rotation": 180, "texture": "#texture"},
				"down": {"uv": [10, 12, 11, 5], "rotation": 180, "texture": "#texture"}
			}
		},
		{
			"from": [4, 1, 3],
			"to": [5, 2, 4],
			"rotation": {"angle": 0, "axis": "x", "origin": [8, 1.5, 16]},
			"faces": {
				"east": {"uv": [11, 12, 12, 13], "texture": "#texture"},
				"south": {"uv": [11, 12, 12, 13], "texture": "#texture"},
				"west": {"uv": [11, 12, 12, 13], "texture": "#texture"},
				"up": {"uv": [11, 12, 12, 13], "rotation": 180, "texture": "#texture"},
				"down": {"uv": [11, 12, 12, 13], "rotation": 180, "texture": "#texture"}
			}
		}
	]
}