{
	"credit": "Made with Blockbench",
	"parent": "minecraft:block/door_top",
	"textures": {
		"top": "block/warped_door_top"
	},
	"elements": [
		{
			"from": [0.7, 0, 0],
			"to": [2.3, 16, 16],
			"faces": {
				"east": {"uv": [16, 0, 0, 16], "texture": "#top"},
				"west": {"uv": [0, 0, 16, 16], "texture": "#top"},
				"up": {"uv": [0, 0, 16, 1], "rotation": 90, "texture": "#top"}
			}
		},
		{
			"from": [0, 0, 0],
			"to": [3, 16, 4],
			"faces": {
				"north": {"uv": [0, 0, 1, 16], "texture": "#top"},
				"east": {"uv": [4, 0, 0, 16], "texture": "#top"},
				"south": {"uv": [3, 0, 4, 16], "texture": "#top"},
				"west": {"uv": [0, 0, 4, 16], "texture": "#top"},
				"up": {"uv": [0, 0, 4, 1], "rotation": 90, "texture": "#top"}
			}
		},
		{
			"from": [0, 0, 12],
			"to": [3, 16, 16],
			"faces": {
				"north": {"uv": [12, 0, 13, 16], "texture": "#top"},
				"east": {"uv": [16, 0, 12, 16], "texture": "#top"},
				"south": {"uv": [15, 0, 16, 16], "texture": "#top"},
				"west": {"uv": [12, 0, 16, 16], "texture": "#top"},
				"up": {"uv": [12, 0, 16, 1], "rotation": 90, "texture": "#top"}
			}
		},
		{
			"from": [0, 0, 5],
			"to": [3, 16, 11],
			"faces": {
				"north": {"uv": [5, 0, 6, 16], "texture": "#top"},
				"east": {"uv": [11, 0, 5, 16], "texture": "#top"},
				"south": {"uv": [10, 0, 11, 16], "texture": "#top"},
				"west": {"uv": [5, 0, 11, 16], "texture": "#top"},
				"up": {"uv": [5, 0, 11, 1], "rotation": 90, "texture": "#top"}
			}
		},
		{
			"from": [-1, 0, 11],
			"to": [4, 2, 14],
			"faces": {
				"north": {"uv": [11, 14, 12, 16], "texture": "#top"},
				"east": {"uv": [14, 14, 11, 16], "texture": "#top"},
				"south": {"uv": [13, 14, 14, 16], "texture": "#top"},
				"west": {"uv": [11, 14, 14, 16], "texture": "#top"},
				"up": {"uv": [11, 14, 14, 15], "rotation": 90, "texture": "#top"},
				"down": {"uv": [14, 15, 11, 16], "rotation": 90, "texture": "#top"}
			}
		},
		{
			"from": [-0.5, 3, 0.01],
			"to": [3.5, 8, 1.01],
			"faces": {
				"north": {"uv": [0, 8, 1, 13], "texture": "#top"},
				"east": {"uv": [0, 8, 1, 13], "texture": "#top"},
				"south": {"uv": [0, 8, 1, 13], "texture": "#top"},
				"west": {"uv": [0, 8, 1, 13], "texture": "#top"},
				"up": {"uv": [0, 8, 1, 9], "texture": "#top"},
				"down": {"uv": [0, 12, 1, 13], "texture": "#top"}
			}
		},
		{
			"from": [-0.5, 8, 1],
			"to": [3.5, 9, 3],
			"faces": {
				"north": {"uv": [1, 7, 3, 8], "texture": "#top"},
				"east": {"uv": [1, 7, 3, 8], "texture": "#top"},
				"south": {"uv": [1, 7, 3, 8], "texture": "#top"},
				"west": {"uv": [1, 7, 3, 8], "texture": "#top"},
				"up": {"uv": [1, 7, 3, 8], "texture": "#top"},
				"down": {"uv": [1, 7, 3, 8], "texture": "#top"}
			}
		},
		{
			"from": [-0.5, 13, 1],
			"to": [3.5, 14, 3],
			"faces": {
				"east": {"uv": [3, 2, 1, 3], "texture": "#top"},
				"south": {"uv": [2, 2, 3, 3], "texture": "#top"},
				"west": {"uv": [1, 2, 3, 3], "texture": "#top"},
				"up": {"uv": [1, 2, 3, 3], "rotation": 90, "texture": "#top"},
				"down": {"uv": [1, 2, 3, 3], "rotation": 90, "texture": "#top"}
			}
		},
		{
			"from": [-0.5, 12, 3],
			"to": [3.5, 13, 7],
			"faces": {
				"north": {"uv": [3, 3, 4, 4], "texture": "#top"},
				"east": {"uv": [3, 3, 7, 4], "texture": "#top"},
				"south": {"uv": [6, 3, 7, 4], "texture": "#top"},
				"west": {"uv": [3, 3, 7, 4], "texture": "#top"},
				"up": {"uv": [3, 3, 7, 4], "rotation": 90, "texture": "#top"},
				"down": {"uv": [3, 3, 7, 4], "rotation": 90, "texture": "#top"}
			}
		},
		{
			"from": [-0.5, 5, 9],
			"to": [3.5, 6, 11],
			"faces": {
				"north": {"uv": [9, 10, 11, 11], "texture": "#top"},
				"east": {"uv": [9, 10, 11, 11], "texture": "#top"},
				"south": {"uv": [9, 10, 11, 11], "texture": "#top"},
				"west": {"uv": [9, 10, 11, 11], "texture": "#top"},
				"up": {"uv": [9, 10, 11, 11], "texture": "#top"},
				"down": {"uv": [9, 10, 11, 11], "texture": "#top"}
			}
		},
		{
			"from": [-0.5, 4, 8],
			"to": [3.5, 5, 10],
			"faces": {
				"north": {"uv": [8, 11, 9, 12], "texture": "#top"},
				"east": {"uv": [10, 11, 8, 12], "texture": "#top"},
				"south": {"uv": [9, 11, 10, 12], "texture": "#top"},
				"west": {"uv": [8, 11, 10, 12], "texture": "#top"},
				"up": {"uv": [8, 11, 10, 12], "rotation": 90, "texture": "#top"},
				"down": {"uv": [10, 11, 8, 12], "rotation": 90, "texture": "#top"}
			}
		},
		{
			"from": [-0.5, 7, 13],
			"to": [3.5, 8, 15],
			"faces": {
				"north": {"uv": [13, 8, 14, 9], "texture": "#top"},
				"east": {"uv": [15, 8, 13, 9], "texture": "#top"},
				"south": {"uv": [14, 8, 15, 9], "texture": "#top"},
				"west": {"uv": [13, 8, 15, 9], "texture": "#top"},
				"up": {"uv": [13, 8, 15, 9], "rotation": 90, "texture": "#top"},
				"down": {"uv": [15, 8, 13, 9], "rotation": 90, "texture": "#top"}
			}
		},
		{
			"from": [-0.5, 3, 12],
			"to": [3.5, 4, 14],
			"faces": {
				"north": {"uv": [12, 12, 13, 13], "texture": "#top"},
				"east": {"uv": [14, 12, 12, 13], "texture": "#top"},
				"south": {"uv": [13, 12, 14, 13], "texture": "#top"},
				"west": {"uv": [12, 12, 14, 13], "texture": "#top"},
				"up": {"uv": [12, 12, 14, 13], "rotation": 90, "texture": "#top"},
				"down": {"uv": [12, 12, 14, 13], "rotation": 270, "texture": "#top"}
			}
		},
		{
			"from": [-0.5, 4, 11],
			"to": [3.5, 5, 12],
			"faces": {
				"north": {"uv": [11, 11, 12, 12], "texture": "#top"},
				"east": {"uv": [11, 11, 12, 12], "texture": "#top"},
				"south": {"uv": [11, 11, 12, 12], "texture": "#top"},
				"west": {"uv": [11, 11, 12, 12], "texture": "#top"},
				"up": {"uv": [11, 11, 12, 12], "texture": "#top"},
				"down": {"uv": [11, 11, 12, 12], "texture": "#top"}
			}
		},
		{
			"from": [-0.5, 0, 7],
			"to": [3.5, 4, 8],
			"faces": {
				"north": {"uv": [7, 12, 8, 16], "texture": "#top"},
				"east": {"uv": [7, 12, 8, 16], "texture": "#top"},
				"south": {"uv": [7, 12, 8, 16], "texture": "#top"},
				"west": {"uv": [7, 12, 8, 16], "texture": "#top"},
				"up": {"uv": [7, 12, 8, 13], "texture": "#top"},
				"down": {"uv": [7, 15, 8, 16], "texture": "#top"}
			}
		},
		{
			"from": [-0.5, 4, 14],
			"to": [3.5, 5, 15],
			"faces": {
				"north": {"uv": [14, 11, 15, 12], "texture": "#top"},
				"east": {"uv": [14, 11, 15, 12], "texture": "#top"},
				"south": {"uv": [14, 11, 15, 12], "texture": "#top"},
				"west": {"uv": [14, 11, 15, 12], "texture": "#top"},
				"up": {"uv": [14, 11, 15, 12], "texture": "#top"},
				"down": {"uv": [14, 11, 15, 12], "texture": "#top"}
			}
		},
		{
			"from": [-0.5, 5, 15],
			"to": [3.5, 6, 15.99],
			"faces": {
				"north": {"uv": [15, 10, 16, 11], "texture": "#top"},
				"east": {"uv": [15, 10, 16, 11], "texture": "#top"},
				"south": {"uv": [15, 10, 16, 11], "texture": "#top"},
				"west": {"uv": [15, 10, 16, 11], "texture": "#top"},
				"up": {"uv": [15, 10, 16, 11], "texture": "#top"},
				"down": {"uv": [15, 10, 16, 11], "texture": "#top"}
			}
		},
		{
			"from": [-0.5, 6, 12],
			"to": [3.5, 7, 13],
			"faces": {
				"north": {"uv": [12, 9, 13, 10], "texture": "#top"},
				"east": {"uv": [12, 9, 13, 10], "texture": "#top"},
				"south": {"uv": [12, 9, 13, 10], "texture": "#top"},
				"west": {"uv": [12, 9, 13, 10], "texture": "#top"},
				"up": {"uv": [12, 9, 13, 10], "texture": "#top"},
				"down": {"uv": [12, 9, 13, 10], "texture": "#top"}
			}
		},
		{
			"from": [-0.5, 8, 15],
			"to": [3.5, 9, 15.99],
			"faces": {
				"north": {"uv": [15.01, 7, 16, 8], "texture": "#top"},
				"east": {"uv": [15.01, 7, 16, 8], "texture": "#top"},
				"south": {"uv": [15.01, 7, 16, 8], "texture": "#top"},
				"west": {"uv": [15.01, 7, 16, 8], "texture": "#top"},
				"up": {"uv": [15.01, 7, 16, 8], "texture": "#top"},
				"down": {"uv": [15.01, 7, 16, 8], "texture": "#top"}
			}
		},
		{
			"from": [-0.5, 9, 3],
			"to": [3.5, 10, 4],
			"faces": {
				"north": {"uv": [3, 6, 4, 7], "texture": "#top"},
				"east": {"uv": [3, 6, 4, 7], "texture": "#top"},
				"south": {"uv": [3, 6, 4, 7], "texture": "#top"},
				"west": {"uv": [3, 6, 4, 7], "texture": "#top"},
				"up": {"uv": [3, 6, 4, 7], "texture": "#top"},
				"down": {"uv": [3, 6, 4, 7], "texture": "#top"}
			}
		},
		{
			"from": [-0.5, 13, 0.01],
			"to": [3.5, 15, 1.01],
			"faces": {
				"north": {"uv": [0, 1, 1, 3], "texture": "#top"},
				"east": {"uv": [0, 1, 1, 3], "texture": "#top"},
				"south": {"uv": [0, 1, 1, 3], "texture": "#top"},
				"west": {"uv": [0, 1, 1, 3], "texture": "#top"},
				"up": {"uv": [0, 1, 1, 2], "texture": "#top"},
				"down": {"uv": [0, 2, 1, 3], "texture": "#top"}
			}
		},
		{
			"from": [-0.5, 13, 7],
			"to": [3.5, 14, 8],
			"faces": {
				"north": {"uv": [7, 2, 8, 3], "texture": "#top"},
				"east": {"uv": [7, 2, 8, 3], "texture": "#top"},
				"south": {"uv": [7, 2, 8, 3], "texture": "#top"},
				"west": {"uv": [7, 2, 8, 3], "texture": "#top"},
				"up": {"uv": [7, 2, 8, 3], "texture": "#top"},
				"down": {"uv": [7, 2, 8, 3], "texture": "#top"}
			}
		},
		{
			"from": [-0.5, 14, 12],
			"to": [3.5, 15, 13],
			"faces": {
				"north": {"uv": [12, 1, 13, 2], "texture": "#top"},
				"east": {"uv": [12, 1, 13, 2], "texture": "#top"},
				"south": {"uv": [12, 1, 13, 2], "texture": "#top"},
				"west": {"uv": [12, 1, 13, 2], "texture": "#top"},
				"up": {"uv": [12, 1, 13, 2], "texture": "#top"},
				"down": {"uv": [12, 1, 13, 2], "texture": "#top"}
			}
		},
		{
			"from": [-0.5, 14, 8],
			"to": [3.5, 15, 9],
			"faces": {
				"north": {"uv": [8, 1, 9, 2], "texture": "#top"},
				"east": {"uv": [8, 1, 9, 2], "texture": "#top"},
				"south": {"uv": [8, 1, 9, 2], "texture": "#top"},
				"west": {"uv": [8, 1, 9, 2], "texture": "#top"},
				"up": {"uv": [8, 1, 9, 2], "texture": "#top"},
				"down": {"uv": [8, 1, 9, 2], "texture": "#top"}
			}
		},
		{
			"from": [-0.5, 13, 13],
			"to": [3.5, 14, 15.99],
			"faces": {
				"north": {"uv": [13, 2, 14, 3], "texture": "#top"},
				"east": {"uv": [13, 2, 16, 3], "texture": "#top"},
				"south": {"uv": [15, 2, 16, 3], "texture": "#top"},
				"west": {"uv": [13, 2, 15.99, 3], "texture": "#top"},
				"up": {"uv": [13, 2, 16, 3], "rotation": 90, "texture": "#top"},
				"down": {"uv": [13, 2, 16, 3], "rotation": 270, "texture": "#top"}
			}
		},
		{
			"from": [-0.5, 10, 4],
			"to": [3.5, 12, 5],
			"faces": {
				"north": {"uv": [4, 4, 5, 6], "texture": "#top"},
				"east": {"uv": [4, 4, 5, 6], "texture": "#top"},
				"south": {"uv": [4, 4, 5, 6], "texture": "#top"},
				"west": {"uv": [4, 4, 5, 6], "texture": "#top"},
				"down": {"uv": [4, 5, 5, 6], "texture": "#top"}
			}
		}
	]
}