{
	"credit": "Made with Blockbench",
	"parent": "minecraft:block/door_bottom",
	"textures": {
		"bottom": "block/warped_door_bottom"
	},
	"elements": [
		{
			"from": [0.7, 0, 0],
			"to": [2.3, 16, 16],
			"faces": {
				"east": {"uv": [0, 0, 16, 16], "texture": "#bottom"},
				"west": {"uv": [16, 0, 0, 16], "texture": "#bottom"},
				"down": {"uv": [16, 15, 0, 16], "rotation": 270, "texture": "#bottom"}
			}
		},
		{
			"from": [0, 0, 12],
			"to": [3, 16, 16],
			"faces": {
				"north": {"uv": [3, 0, 4, 16], "texture": "#bottom"},
				"east": {"uv": [0, 0, 4, 16], "texture": "#bottom"},
				"south": {"uv": [0, 0, 1, 16], "texture": "#bottom"},
				"west": {"uv": [4, 0, 0, 16], "texture": "#bottom"},
				"down": {"uv": [0, 15, 4, 16], "rotation": 270, "texture": "#bottom"}
			}
		},
		{
			"from": [0, 0, 0],
			"to": [3, 16, 4],
			"faces": {
				"north": {"uv": [15, 0, 16, 16], "texture": "#bottom"},
				"east": {"uv": [12, 0, 16, 16], "texture": "#bottom"},
				"south": {"uv": [12, 0, 13, 16], "texture": "#bottom"},
				"west": {"uv": [16, 0, 12, 16], "texture": "#bottom"},
				"down": {"uv": [16, 15, 12, 16], "rotation": 270, "texture": "#bottom"}
			}
		},
		{
			"from": [0, 0, 5],
			"to": [3, 16, 11],
			"faces": {
				"north": {"uv": [10, 0, 11, 16], "texture": "#bottom"},
				"east": {"uv": [5, 0, 11, 16], "texture": "#bottom"},
				"south": {"uv": [5, 0, 6, 16], "texture": "#bottom"},
				"west": {"uv": [11, 0, 5, 16], "texture": "#bottom"},
				"down": {"uv": [11, 15, 5, 16], "rotation": 270, "texture": "#bottom"}
			}
		},
		{
			"from": [-0.5, 9, 14.99],
			"to": [3.5, 14, 15.99],
			"faces": {
				"north": {"uv": [0, 2, 1, 7], "texture": "#bottom"},
				"east": {"uv": [0, 2, 1, 7], "texture": "#bottom"},
				"south": {"uv": [0, 2, 1, 7], "texture": "#bottom"},
				"west": {"uv": [0, 2, 1, 7], "texture": "#bottom"},
				"up": {"uv": [0, 2, 1, 3], "rotation": 180, "texture": "#bottom"},
				"down": {"uv": [0, 7, 1, 6], "rotation": 270, "texture": "#bottom"}
			}
		},
		{
			"from": [-0.5, 14, 14],
			"to": [3.5, 15, 15],
			"faces": {
				"north": {"uv": [1, 1, 2, 2], "texture": "#bottom"},
				"east": {"uv": [1, 1, 2, 2], "texture": "#bottom"},
				"south": {"uv": [1, 1, 2, 2], "texture": "#bottom"},
				"west": {"uv": [1, 1, 2, 2], "texture": "#bottom"},
				"up": {"uv": [1, 1, 2, 2], "rotation": 180, "texture": "#bottom"},
				"down": {"uv": [1, 1, 2, 2], "rotation": 180, "texture": "#bottom"}
			}
		},
		{
			"from": [-0.5, 14, 10],
			"to": [3.5, 15, 12],
			"faces": {
				"north": {"uv": [4, 1, 6, 2], "texture": "#bottom"},
				"east": {"uv": [4, 1, 6, 2], "texture": "#bottom"},
				"south": {"uv": [4, 1, 6, 2], "texture": "#bottom"},
				"west": {"uv": [4, 1, 6, 2], "texture": "#bottom"},
				"up": {"uv": [4, 1, 6, 2], "rotation": 180, "texture": "#bottom"},
				"down": {"uv": [4, 1, 6, 2], "rotation": 180, "texture": "#bottom"}
			}
		},
		{
			"from": [-0.5, 15, 12],
			"to": [3.5, 15.99, 14],
			"faces": {
				"north": {"uv": [3, 0, 4, 1], "texture": "#bottom"},
				"east": {"uv": [2, 0, 4, 1], "texture": "#bottom"},
				"south": {"uv": [2, 0, 3, 1], "texture": "#bottom"},
				"west": {"uv": [4, 0, 2, 1], "texture": "#bottom"},
				"up": {"uv": [2, 0, 4, 1], "rotation": 270, "texture": "#bottom"},
				"down": {"uv": [4, 0, 2, 1], "rotation": 270, "texture": "#bottom"}
			}
		},
		{
			"from": [-0.5, 15, 9],
			"to": [3.5, 15.99, 10],
			"faces": {
				"north": {"uv": [6, 0, 7, 1], "texture": "#bottom"},
				"east": {"uv": [6, 0, 7, 1], "texture": "#bottom"},
				"south": {"uv": [6, 0, 7, 1], "texture": "#bottom"},
				"west": {"uv": [6, 0, 7, 1], "texture": "#bottom"},
				"up": {"uv": [6, 0, 7, 1], "rotation": 180, "texture": "#bottom"},
				"down": {"uv": [6, 0, 7, 1], "rotation": 180, "texture": "#bottom"}
			}
		},
		{
			"from": [-0.5, 7, 13.99],
			"to": [3.5, 8, 15.99],
			"faces": {
				"north": {"uv": [1, 8, 2, 9], "texture": "#bottom"},
				"east": {"uv": [0, 8, 2, 9], "texture": "#bottom"},
				"south": {"uv": [0, 8, 1, 9], "texture": "#bottom"},
				"west": {"uv": [2, 8, 0, 9], "texture": "#bottom"},
				"up": {"uv": [0, 8, 2, 9], "rotation": 270, "texture": "#bottom"},
				"down": {"uv": [2, 8, 0, 9], "rotation": 270, "texture": "#bottom"}
			}
		},
		{
			"from": [-0.5, 8, 12],
			"to": [3.5, 9, 14],
			"faces": {
				"north": {"uv": [3, 7, 4, 8], "texture": "#bottom"},
				"east": {"uv": [2, 7, 4, 8], "texture": "#bottom"},
				"south": {"uv": [2, 7, 3, 8], "texture": "#bottom"},
				"west": {"uv": [4, 7, 2, 8], "texture": "#bottom"},
				"up": {"uv": [2, 7, 4, 8], "rotation": 270, "texture": "#bottom"},
				"down": {"uv": [2, 7, 4, 8], "rotation": 270, "texture": "#bottom"}
			}
		},
		{
			"from": [-0.5, 6, 11],
			"to": [3.5, 8, 12],
			"faces": {
				"north": {"uv": [4, 8, 5, 10], "texture": "#bottom"},
				"east": {"uv": [4, 8, 5, 10], "texture": "#bottom"},
				"south": {"uv": [4, 8, 5, 10], "texture": "#bottom"},
				"west": {"uv": [4, 8, 5, 10], "texture": "#bottom"},
				"up": {"uv": [4, 8, 5, 10], "rotation": 180, "texture": "#bottom"},
				"down": {"uv": [4, 8, 5, 10], "rotation": 180, "texture": "#bottom"}
			}
		},
		{
			"from": [-0.5, 5, 9],
			"to": [3.5, 6, 11],
			"faces": {
				"north": {"uv": [5, 10, 7, 11], "texture": "#bottom"},
				"east": {"uv": [5, 10, 7, 11], "texture": "#bottom"},
				"south": {"uv": [5, 10, 7, 11], "texture": "#bottom"},
				"west": {"uv": [5, 10, 7, 11], "texture": "#bottom"},
				"up": {"uv": [5, 10, 7, 11], "rotation": 180, "texture": "#bottom"},
				"down": {"uv": [5, 10, 7, 11], "rotation": 180, "texture": "#bottom"}
			}
		},
		{
			"from": [-0.5, 4, 7],
			"to": [3.5, 5, 9],
			"faces": {
				"north": {"uv": [8, 11, 9, 12], "texture": "#bottom"},
				"east": {"uv": [7, 11, 9, 12], "texture": "#bottom"},
				"south": {"uv": [7, 11, 8, 12], "texture": "#bottom"},
				"west": {"uv": [9, 11, 7, 12], "texture": "#bottom"},
				"up": {"uv": [7, 11, 9, 12], "rotation": 270, "texture": "#bottom"},
				"down": {"uv": [9, 11, 7, 12], "rotation": 270, "texture": "#bottom"}
			}
		},
		{
			"from": [-0.5, 5, 1],
			"to": [3.5, 6, 3],
			"faces": {
				"north": {"uv": [14, 10, 15, 11], "texture": "#bottom"},
				"east": {"uv": [13, 10, 15, 11], "texture": "#bottom"},
				"south": {"uv": [13, 10, 14, 11], "texture": "#bottom"},
				"west": {"uv": [15, 10, 13, 11], "texture": "#bottom"},
				"up": {"uv": [13, 10, 15, 11], "rotation": 270, "texture": "#bottom"},
				"down": {"uv": [15, 10, 13, 11], "rotation": 270, "texture": "#bottom"}
			}
		},
		{
			"from": [-0.5, 10, 2],
			"to": [3.5, 11, 4],
			"faces": {
				"north": {"uv": [12, 5, 14, 6], "texture": "#bottom"},
				"east": {"uv": [12, 5, 14, 6], "texture": "#bottom"},
				"south": {"uv": [12, 5, 14, 6], "texture": "#bottom"},
				"west": {"uv": [12, 5, 14, 6], "texture": "#bottom"},
				"up": {"uv": [12, 5, 14, 6], "rotation": 180, "texture": "#bottom"},
				"down": {"uv": [12, 5, 14, 6], "rotation": 180, "texture": "#bottom"}
			}
		},
		{
			"from": [-0.5, 6, 5],
			"to": [3.5, 9, 6],
			"faces": {
				"north": {"uv": [10, 7, 11, 10], "texture": "#bottom"},
				"east": {"uv": [10, 7, 11, 10], "texture": "#bottom"},
				"south": {"uv": [10, 7, 11, 10], "texture": "#bottom"},
				"west": {"uv": [10, 7, 11, 10], "texture": "#bottom"},
				"up": {"uv": [10, 7, 11, 8], "rotation": 180, "texture": "#bottom"},
				"down": {"uv": [10, 9, 11, 10], "rotation": 180, "texture": "#bottom"}
			}
		},
		{
			"from": [-0.5, 4, 0.01],
			"to": [3.5, 5, 1],
			"faces": {
				"north": {"uv": [15, 11, 15.99, 12], "texture": "#bottom"},
				"east": {"uv": [15, 11, 15.99, 12], "texture": "#bottom"},
				"south": {"uv": [15, 11, 15.99, 12], "texture": "#bottom"},
				"west": {"uv": [15, 11, 15.99, 12], "texture": "#bottom"},
				"up": {"uv": [15, 11, 15.99, 12], "rotation": 180, "texture": "#bottom"},
				"down": {"uv": [15, 11, 15.99, 12], "rotation": 180, "texture": "#bottom"}
			}
		},
		{
			"from": [-0.5, 5, 6],
			"to": [3.5, 6, 7],
			"faces": {
				"north": {"uv": [9, 10, 10, 11], "texture": "#bottom"},
				"east": {"uv": [9, 10, 10, 11], "texture": "#bottom"},
				"south": {"uv": [9, 10, 10, 11], "texture": "#bottom"},
				"west": {"uv": [9, 10, 10, 11], "texture": "#bottom"},
				"up": {"uv": [9, 10, 10, 11], "rotation": 180, "texture": "#bottom"},
				"down": {"uv": [9, 10, 10, 11], "rotation": 180, "texture": "#bottom"}
			}
		},
		{
			"from": [-0.5, 9, 1],
			"to": [3.5, 10, 2],
			"faces": {
				"north": {"uv": [14, 6, 15, 7], "texture": "#bottom"},
				"east": {"uv": [14, 6, 15, 7], "texture": "#bottom"},
				"south": {"uv": [14, 6, 15, 7], "texture": "#bottom"},
				"west": {"uv": [14, 6, 15, 7], "texture": "#bottom"},
				"up": {"uv": [14, 6, 15, 7], "rotation": 180, "texture": "#bottom"},
				"down": {"uv": [14, 6, 15, 7], "rotation": 180, "texture": "#bottom"}
			}
		},
		{
			"from": [-0.5, 9, 4],
			"to": [3.5, 10, 5],
			"faces": {
				"north": {"uv": [11, 6, 12, 7], "texture": "#bottom"},
				"east": {"uv": [11, 6, 12, 7], "texture": "#bottom"},
				"south": {"uv": [11, 6, 12, 7], "texture": "#bottom"},
				"west": {"uv": [11, 6, 12, 7], "texture": "#bottom"},
				"up": {"uv": [11, 6, 12, 7], "rotation": 180, "texture": "#bottom"},
				"down": {"uv": [11, 6, 12, 7], "rotation": 180, "texture": "#bottom"}
			}
		},
		{
			"from": [-0.5, 2, 4],
			"to": [3.5, 3, 6],
			"faces": {
				"north": {"uv": [11, 13, 12, 14], "texture": "#bottom"},
				"east": {"uv": [10, 13, 12, 14], "texture": "#bottom"},
				"south": {"uv": [10, 13, 11, 14], "texture": "#bottom"},
				"west": {"uv": [12, 13, 10, 14], "texture": "#bottom"},
				"up": {"uv": [10, 13, 12, 14], "rotation": 270, "texture": "#bottom"},
				"down": {"uv": [12, 13, 10, 14], "rotation": 270, "texture": "#bottom"}
			}
		},
		{
			"from": [-0.5, 1, 6],
			"to": [3.5, 2, 7],
			"faces": {
				"north": {"uv": [9, 14, 10, 15], "texture": "#bottom"},
				"east": {"uv": [9, 14, 10, 15], "texture": "#bottom"},
				"south": {"uv": [9, 14, 10, 15], "texture": "#bottom"},
				"west": {"uv": [9, 14, 10, 15], "texture": "#bottom"},
				"up": {"uv": [9, 14, 10, 15], "rotation": 180, "texture": "#bottom"},
				"down": {"uv": [9, 14, 10, 15], "rotation": 180, "texture": "#bottom"}
			}
		},
		{
			"from": [-0.5, 3, 3],
			"to": [3.5, 5, 4],
			"faces": {
				"north": {"uv": [12, 11, 13, 13], "texture": "#bottom"},
				"east": {"uv": [12, 11, 13, 13], "texture": "#bottom"},
				"south": {"uv": [12, 11, 13, 13], "texture": "#bottom"},
				"west": {"uv": [12, 11, 13, 13], "texture": "#bottom"},
				"up": {"uv": [12, 11, 13, 12], "rotation": 180, "texture": "#bottom"},
				"down": {"uv": [12, 12, 13, 13], "rotation": 180, "texture": "#bottom"}
			}
		}
	]
}